"Handle","Title","Body (HTML)"
"26-27-osasuna-segunda-equipacion-nino","26-27 Osasuna segunda equipación niño","<p>26-27 Osasuna segunda equipación niño. Disponible en el catálogo — consigue el contacto del proveedor para pedirla.</p>"
"26-27-celta-segunda-equipacion-nino","26-27 Celta segunda equipación niño","<p>26-27 Celta segunda equipación niño. Disponible en el catálogo — consigue el contacto del proveedor para pedirla.</p>"
"26-27-barcelona-segunda-equipacion-portero","26-27 Barcelona segunda equipación portero","<p>26-27 Barcelona segunda equipación portero. Disponible en el catálogo — consigue el contacto del proveedor para pedirla.</p>"
"26-27-barcelona-segunda-equipacion-nino","26-27 Barcelona segunda equipación niño","<p>26-27 Barcelona segunda equipación niño. Disponible en el catálogo — consigue el contacto del proveedor para pedirla.</p>"
"26-27-barcelona-tercera-equipacion-nino","26-27 Barcelona tercera equipación niño","<p>26-27 Barcelona tercera equipación niño. Disponible en el catálogo — consigue el contacto del proveedor para pedirla.</p>"
"82-84-barcelona-primera-equipacion","82-84 Barcelona primera equipación","<p>82-84 Barcelona primera equipación. Disponible en el catálogo — consigue el contacto del proveedor para pedirla.</p>"
"26-27-aston-villa-primera-equipacion-nino","26-27 Aston Villa primera equipación niño","<p>26-27 Aston Villa primera equipación niño. Disponible en el catálogo — consigue el contacto del proveedor para pedirla.</p>"
"26-27-aston-villa-primera-equipacion-manga-larga","26-27 Aston Villa primera equipación manga larga","<p>26-27 Aston Villa primera equipación manga larga. Disponible en el catálogo — consigue el contacto del proveedor para pedirla.</p>"
"26-27-aston-villa-segunda-equipacion","26-27 Aston Villa segunda equipación","<p>26-27 Aston Villa segunda equipación. Disponible en el catálogo — consigue el contacto del proveedor para pedirla.</p>"
"26-27-newcastle-primera-equipacion-sponsor-incluido","26-27 Newcastle primera equipación (SPONSOR INCLUIDO)","<p>26-27 Newcastle primera equipación (SPONSOR INCLUIDO). Disponible en el catálogo — consigue el contacto del proveedor para pedirla.</p>"
"26-27-tottenham-segunda-equipacion-mujer","26-27 Tottenham segunda equipación mujer","<p>26-27 Tottenham segunda equipación mujer. Disponible en el catálogo — consigue el contacto del proveedor para pedirla.</p>"
"26-27-tottenham-primera-equipacion-mujer","26-27 Tottenham primera equipación mujer","<p>26-27 Tottenham primera equipación mujer. Disponible en el catálogo — consigue el contacto del proveedor para pedirla.</p>"
"26-27-tottenham-primera-equipacion-nino","26-27 Tottenham primera equipación niño","<p>26-27 Tottenham primera equipación niño. Disponible en el catálogo — consigue el contacto del proveedor para pedirla.</p>"
"26-27-tottenham-segunda-equipacion-nino","26-27 Tottenham segunda equipación niño","<p>26-27 Tottenham segunda equipación niño. Disponible en el catálogo — consigue el contacto del proveedor para pedirla.</p>"
"26-27-tottenham-segunda-equipacion","26-27 Tottenham segunda equipación","<p>26-27 Tottenham segunda equipación. Disponible en el catálogo — consigue el contacto del proveedor para pedirla.</p>"
"26-27-tottenham-primera-equipacion","26-27 Tottenham primera equipación","<p>26-27 Tottenham primera equipación. Disponible en el catálogo — consigue el contacto del proveedor para pedirla.</p>"
"2026-arsenal-cortavientos-de-competicion-azul","2026 Arsenal cortavientos de competicion azul","<p>2026 Arsenal cortavientos de competicion azul. Disponible en el catálogo — consigue el contacto del proveedor para pedirla.</p>"
"26-27-arsenal-primera-equipacion-mujer-version-top","26-27 Arsenal primera equipación mujer versión TOP","<p>26-27 Arsenal primera equipación mujer versión TOP. Disponible en el catálogo — consigue el contacto del proveedor para pedirla.</p>"
"26-27-arsenal-tercera-equipacion-mujer-version-top","26-27 Arsenal tercera equipación mujer versión TOP","<p>26-27 Arsenal tercera equipación mujer versión TOP. Disponible en el catálogo — consigue el contacto del proveedor para pedirla.</p>"
"26-27-arsenal-primera-equipacion-mujer","26-27 Arsenal primera equipación mujer","<p>26-27 Arsenal primera equipación mujer. Disponible en el catálogo — consigue el contacto del proveedor para pedirla.</p>"
"26-27-arsenal-primera-equipacion-nino","26-27 Arsenal primera equipación niño","<p>26-27 Arsenal primera equipación niño. Disponible en el catálogo — consigue el contacto del proveedor para pedirla.</p>"
"26-27-borussia-dortmund-primera-equipacion-nino","26-27 Borussia Dortmund primera equipación niño","<p>26-27 Borussia Dortmund primera equipación niño. Disponible en el catálogo — consigue el contacto del proveedor para pedirla.</p>"
"26-27-borussia-dortmund-primera-equipacion","26-27 Borussia Dortmund primera equipación","<p>26-27 Borussia Dortmund primera equipación. Disponible en el catálogo — consigue el contacto del proveedor para pedirla.</p>"
"26-27-manchester-united-segunda-equipacion","26-27 Manchester United segunda equipación","<p>26-27 Manchester United segunda equipación. Disponible en el catálogo — consigue el contacto del proveedor para pedirla.</p>"
"26-27-arsenal-segunda-equipacion-manga-larga","26-27 Arsenal segunda equipación manga larga","<p>26-27 Arsenal segunda equipación manga larga. Disponible en el catálogo — consigue el contacto del proveedor para pedirla.</p>"
"26-27-olympique-de-lyon-primera-equipacion","26-27 Olympique de Lyon primera equipación","<p>26-27 Olympique de Lyon primera equipación. Disponible en el catálogo — consigue el contacto del proveedor para pedirla.</p>"
"26-27-olympique-de-marsella-primera-equipacion","26-27 Olympique de Marsella primera equipación","<p>26-27 Olympique de Marsella primera equipación. Disponible en el catálogo — consigue el contacto del proveedor para pedirla.</p>"
"26-27-arsenal-primera-equipacion","26-27 Arsenal primera equipación","<p>26-27 Arsenal primera equipación. Disponible en el catálogo — consigue el contacto del proveedor para pedirla.</p>"
"26-27-manchester-united-segunda-equipacion-mujer","26-27 Manchester United segunda equipación mujer","<p>26-27 Manchester United segunda equipación mujer. Disponible en el catálogo — consigue el contacto del proveedor para pedirla.</p>"
"26-27-psg-segunda-equipacion-nino","26-27 PSG segunda equipación niño","<p>26-27 PSG segunda equipación niño. Disponible en el catálogo — consigue el contacto del proveedor para pedirla.</p>"
"26-27-psg-primera-equipacion-mujer","26-27 PSG primera equipación mujer","<p>26-27 PSG primera equipación mujer. Disponible en el catálogo — consigue el contacto del proveedor para pedirla.</p>"
"26-27-barcelona-tercera-equipacion-mujer","26-27 Barcelona tercera equipación mujer","<p>26-27 Barcelona tercera equipación mujer. Disponible en el catálogo — consigue el contacto del proveedor para pedirla.</p>"
"26-27-arsenal-tercera-equipacion-manga-larga","26-27 Arsenal tercera equipación manga larga","<p>26-27 Arsenal tercera equipación manga larga. Disponible en el catálogo — consigue el contacto del proveedor para pedirla.</p>"
"26-27-manchester-city-primera-equipacion-mujer","26-27 Manchester City primera equipación mujer","<p>26-27 Manchester City primera equipación mujer. Disponible en el catálogo — consigue el contacto del proveedor para pedirla.</p>"
"26-27-arsenal-tercera-equipacion","26-27 Arsenal tercera equipación","<p>26-27 Arsenal tercera equipación. Disponible en el catálogo — consigue el contacto del proveedor para pedirla.</p>"
"26-27-bayern-primera-equipacion-mujer","26-27 Bayern primera equipación mujer","<p>26-27 Bayern primera equipación mujer. Disponible en el catálogo — consigue el contacto del proveedor para pedirla.</p>"
"26-27-arsenal-segunda-equipacion","26-27 Arsenal segunda equipación","<p>26-27 Arsenal segunda equipación. Disponible en el catálogo — consigue el contacto del proveedor para pedirla.</p>"
"26-27-barcelona-equipacion-pre-partido","26-27 Barcelona equipación Pre Partido","<p>26-27 Barcelona equipación Pre Partido. Disponible en el catálogo — consigue el contacto del proveedor para pedirla.</p>"
"26-27-manchester-city-terecra-equipacion","26-27 Manchester City terecra equipación","<p>26-27 Manchester City terecra equipación. Disponible en el catálogo — consigue el contacto del proveedor para pedirla.</p>"
"26-27-psg-segunda-equipacion","26-27 PSG segunda equipación","<p>26-27 PSG segunda equipación. Disponible en el catálogo — consigue el contacto del proveedor para pedirla.</p>"
"26-27-psg-primera-equipacion-nino","26-27 PSG primera equipación niño","<p>26-27 PSG primera equipación niño. Disponible en el catálogo — consigue el contacto del proveedor para pedirla.</p>"
"26-27-psg-primera-equipacion-manga-larga","26-27 PSG primera equipación manga larga","<p>26-27 PSG primera equipación manga larga. Disponible en el catálogo — consigue el contacto del proveedor para pedirla.</p>"
"26-27-psg-primera-equipacion","26-27 PSG primera equipación","<p>26-27 PSG primera equipación. Disponible en el catálogo — consigue el contacto del proveedor para pedirla.</p>"
"26-27-real-madrid-primera-equipacion-manga-larga","26-27 Real Madrid primera equipación manga larga","<p>26-27 Real Madrid primera equipación manga larga. Disponible en el catálogo — consigue el contacto del proveedor para pedirla.</p>"
"26-27-real-madrid-tercera-equipacion","26-27 Real Madrid tercera equipación","<p>26-27 Real Madrid tercera equipación. Disponible en el catálogo — consigue el contacto del proveedor para pedirla.</p>"
"26-27-bayern-de-munich-primera-equipacion-nino","26-27 Bayern de Munich primera equipación niño","<p>26-27 Bayern de Munich primera equipación niño. Disponible en el catálogo — consigue el contacto del proveedor para pedirla.</p>"
"26-27-bayern-de-munich-primera-equipacion-manga-larga","26-27 Bayern de Munich primera equipación manga larga","<p>26-27 Bayern de Munich primera equipación manga larga. Disponible en el catálogo — consigue el contacto del proveedor para pedirla.</p>"
"26-27-bayern-de-munich-primera-equipacion","26-27 Bayern de Munich primera equipación","<p>26-27 Bayern de Munich primera equipación. Disponible en el catálogo — consigue el contacto del proveedor para pedirla.</p>"
"26-27-malaga-primera-equipacion-nino","26-27 Málaga primera equipación niño","<p>26-27 Málaga primera equipación niño. Disponible en el catálogo — consigue el contacto del proveedor para pedirla.</p>"
"26-27-athletic-de-bilbao-segunda-equipacion-nino","26-27 Athletic de Bilbao segunda equipación niño","<p>26-27 Athletic de Bilbao segunda equipación niño. Disponible en el catálogo — consigue el contacto del proveedor para pedirla.</p>"
"26-27-villarreal-primera-equipacion","26-27 Villarreal primera equipación","<p>26-27 Villarreal primera equipación. Disponible en el catálogo — consigue el contacto del proveedor para pedirla.</p>"
"26-27-cadiz-primera-equipacion","26-27 Cádiz primera equipación","<p>26-27 Cádiz primera equipación. Disponible en el catálogo — consigue el contacto del proveedor para pedirla.</p>"
"26-27-oviedo-primera-equipacion","26-27 Oviedo primera equipación","<p>26-27 Oviedo primera equipación. Disponible en el catálogo — consigue el contacto del proveedor para pedirla.</p>"
"26-27-las-palmas-primera-equipacion","26-27 Las Palmas primera equipación","<p>26-27 Las Palmas primera equipación. Disponible en el catálogo — consigue el contacto del proveedor para pedirla.</p>"
"26-27-osasuna-primera-equipacion","26-27 Osasuna primera equipación","<p>26-27 Osasuna primera equipación. Disponible en el catálogo — consigue el contacto del proveedor para pedirla.</p>"
"26-27-cadiz-equipacion-pre-partido","26-27 Cádiz equipación Pre Partido","<p>26-27 Cádiz equipación Pre Partido. Disponible en el catálogo — consigue el contacto del proveedor para pedirla.</p>"
"26-27-oviedo-tercera-equipacion","26-27 Oviedo tercera equipación","<p>26-27 Oviedo tercera equipación. Disponible en el catálogo — consigue el contacto del proveedor para pedirla.</p>"
"26-27-espanyol-primera-equipacion","26-27 Espanyol primera equipación","<p>26-27 Espanyol primera equipación. Disponible en el catálogo — consigue el contacto del proveedor para pedirla.</p>"
"26-27-deportivo-la-coruna-segunda-equipacion","26-27 Deportivo La Coruña segunda equipación","<p>26-27 Deportivo La Coruña segunda equipación. Disponible en el catálogo — consigue el contacto del proveedor para pedirla.</p>"
"26-27-malaga-equipacion-especial-abonados","26-27 Málaga equipación especial abonados","<p>26-27 Málaga equipación especial abonados. Disponible en el catálogo — consigue el contacto del proveedor para pedirla.</p>"
"26-27-tenerife-primera-equipacion","26-27 Tenerife primera equipación","<p>26-27 Tenerife primera equipación. Disponible en el catálogo — consigue el contacto del proveedor para pedirla.</p>"
"26-27-sevilla-primera-equipacion","26-27 Sevilla primera equipación","<p>26-27 Sevilla primera equipación. Disponible en el catálogo — consigue el contacto del proveedor para pedirla.</p>"
"26-27-sevilla-tercera-equipacion","26-27 Sevilla tercera equipación","<p>26-27 Sevilla tercera equipación. Disponible en el catálogo — consigue el contacto del proveedor para pedirla.</p>"
"26-27-sevilla-segunda-equipacion","26-27 Sevilla segunda equipación","<p>26-27 Sevilla segunda equipación. Disponible en el catálogo — consigue el contacto del proveedor para pedirla.</p>"
"26-27-las-palmas-tercera-equipacion","26-27 Las Palmas tercera equipación","<p>26-27 Las Palmas tercera equipación. Disponible en el catálogo — consigue el contacto del proveedor para pedirla.</p>"
"26-27-oviedo-segunda-equipacion","26-27 Oviedo segunda equipación","<p>26-27 Oviedo segunda equipación. Disponible en el catálogo — consigue el contacto del proveedor para pedirla.</p>"
"26-27-celta-primera-equipacion","26-27 Celta primera equipación","<p>26-27 Celta primera equipación. Disponible en el catálogo — consigue el contacto del proveedor para pedirla.</p>"
"26-27-celta-segunda-equipacion","26-27 Celta segunda equipación","<p>26-27 Celta segunda equipación. Disponible en el catálogo — consigue el contacto del proveedor para pedirla.</p>"
"26-27-real-sociedad-tercera-equipacion","26-27 Real Sociedad tercera equipación","<p>26-27 Real Sociedad tercera equipación. Disponible en el catálogo — consigue el contacto del proveedor para pedirla.</p>"
"26-27-osasuna-segunda-equipacion","26-27 Osasuna segunda equipación","<p>26-27 Osasuna segunda equipación. Disponible en el catálogo — consigue el contacto del proveedor para pedirla.</p>"
"26-27-malaga-segunda-equipacion","26-27 Málaga segunda equipación","<p>26-27 Málaga segunda equipación. Disponible en el catálogo — consigue el contacto del proveedor para pedirla.</p>"
"26-27-betis-tercera-equipacion","26-27 Betis tercera equipación","<p>26-27 Betis tercera equipación. Disponible en el catálogo — consigue el contacto del proveedor para pedirla.</p>"
"argentina-x-trasher-vintage","Argentina x Trasher vintage","<p>Argentina x Trasher vintage. Disponible en el catálogo — consigue el contacto del proveedor para pedirla.</p>"
"26-27-real-madrid-segunda-equipacion-manga-larga","26-27 Real Madrid segunda equipación manga larga","<p>26-27 Real Madrid segunda equipación manga larga. Disponible en el catálogo — consigue el contacto del proveedor para pedirla.</p>"
"26-27-atletico-de-madrid-primera-equipacion-manga-larga","26-27 Atlético de Madrid primera equipación manga larga","<p>26-27 Atlético de Madrid primera equipación manga larga. Disponible en el catálogo — consigue el contacto del proveedor para pedirla.</p>"
"26-27-barcelona-segunda-equipacion-manga-larga","26-27 Barcelona segunda equipación manga larga","<p>26-27 Barcelona segunda equipación manga larga. Disponible en el catálogo — consigue el contacto del proveedor para pedirla.</p>"
"26-27-atletico-de-madrid-segunda-equipacion-nino","26-27 Atlético de Madrid segunda equipación niño","<p>26-27 Atlético de Madrid segunda equipación niño. Disponible en el catálogo — consigue el contacto del proveedor para pedirla.</p>"
"26-27-atletico-de-madrid-primera-equipacion-nino","26-27 Atlético de Madrid primera equipación niño","<p>26-27 Atlético de Madrid primera equipación niño. Disponible en el catálogo — consigue el contacto del proveedor para pedirla.</p>"
"26-27-atletico-de-madrid-primera-equipacion","26-27 Atlético de Madrid primera equipación","<p>26-27 Atlético de Madrid primera equipación. Disponible en el catálogo — consigue el contacto del proveedor para pedirla.</p>"
"26-27-liverpool-primera-equipacion","26-27 Liverpool primera equipación","<p>26-27 Liverpool primera equipación. Disponible en el catálogo — consigue el contacto del proveedor para pedirla.</p>"
"2026-espana-cortavientos-estilo-tangzhuang","2026 España cortavientos estilo Tangzhuang","<p>2026 España cortavientos estilo Tangzhuang. Disponible en el catálogo — consigue el contacto del proveedor para pedirla.</p>"
"06-07-espana-cortavientos-retro","06-07 España cortavientos retro","<p>06-07 España cortavientos retro. Disponible en el catálogo — consigue el contacto del proveedor para pedirla.</p>"
"26-27-valencia-tercera-equipacion","26-27 Valencia tercera equipación","<p>26-27 Valencia tercera equipación. Disponible en el catálogo — consigue el contacto del proveedor para pedirla.</p>"
"26-27-real-madrid-segunda-equipacion-nino","26-27 Real Madrid segunda equipación niño","<p>26-27 Real Madrid segunda equipación niño. Disponible en el catálogo — consigue el contacto del proveedor para pedirla.</p>"
"26-27-real-madrid-segunda-equipacion","26-27 Real Madrid segunda equipación","<p>26-27 Real Madrid segunda equipación. Disponible en el catálogo — consigue el contacto del proveedor para pedirla.</p>"
"26-27-betis-segunda-equipacion","26-27 Betis segunda equipación","<p>26-27 Betis segunda equipación. Disponible en el catálogo — consigue el contacto del proveedor para pedirla.</p>"
"2026-espana-equipacion-especial-dos-estrellas-amarillo","🔥2026 España equipación especial dos estrellas amarillo","<p>🔥2026 España equipación especial dos estrellas amarillo. Disponible en el catálogo — consigue el contacto del proveedor para pedirla.</p>"
"2026-espana-equipacion-especial-dos-estrellas-negro","🔥2026 España equipación especial dos estrellas negro","<p>🔥2026 España equipación especial dos estrellas negro. Disponible en el catálogo — consigue el contacto del proveedor para pedirla.</p>"
"2026-espana-equipacion-especial-dos-estrellas-marino","🔥2026 España equipación especial dos estrellas marino","<p>🔥2026 España equipación especial dos estrellas marino. Disponible en el catálogo — consigue el contacto del proveedor para pedirla.</p>"
"26-27-betis-primera-equipacion-nino","26-27 Betis primera equipación niño","<p>26-27 Betis primera equipación niño. Disponible en el catálogo — consigue el contacto del proveedor para pedirla.</p>"
"26-27-betis-primera-equipacion","26-27 Betis primera equipación","<p>26-27 Betis primera equipación. Disponible en el catálogo — consigue el contacto del proveedor para pedirla.</p>"
"26-27-atletico-de-madrid-segunda-equipacion","26-27 Atlético de Madrid segunda equipación","<p>26-27 Atlético de Madrid segunda equipación. Disponible en el catálogo — consigue el contacto del proveedor para pedirla.</p>"
"26-27-athletic-de-bilbao-segunda-equipacion","26-27 Athletic de Bilbao segunda equipación","<p>26-27 Athletic de Bilbao segunda equipación. Disponible en el catálogo — consigue el contacto del proveedor para pedirla.</p>"
"26-27-athletic-de-bilbao-primera-equipacion-nino","26-27 Athletic de Bilbao primera equipación niño","<p>26-27 Athletic de Bilbao primera equipación niño. Disponible en el catálogo — consigue el contacto del proveedor para pedirla.</p>"
"26-27-athletic-de-bilbao-primera-equipacion","26-27 Athletic de Bilbao primera equipación","<p>26-27 Athletic de Bilbao primera equipación. Disponible en el catálogo — consigue el contacto del proveedor para pedirla.</p>"
"26-27-chelsea-segunda-equipacion","26-27 Chelsea segunda equipación","<p>26-27 Chelsea segunda equipación. Disponible en el catálogo — consigue el contacto del proveedor para pedirla.</p>"
"26-27-chelsea-primera-equipacion","26-27 Chelsea primera equipación","<p>26-27 Chelsea primera equipación. Disponible en el catálogo — consigue el contacto del proveedor para pedirla.</p>"
"26-27-manchester-city-corta-vientos-gris","26-27 Manchester city corta vientos gris","<p>26-27 Manchester city corta vientos gris. Disponible en el catálogo — consigue el contacto del proveedor para pedirla.</p>"
"26-27-manchester-city-primera-equipacion-body-para-bebe","26-27 Manchester City primera equipación body para bebé","<p>26-27 Manchester City primera equipación body para bebé. Disponible en el catálogo — consigue el contacto del proveedor para pedirla.</p>"
"26-27-manchester-city-primera-equipacion-nino","26-27 Manchester City primera equipación niño","<p>26-27 Manchester City primera equipación niño. Disponible en el catálogo — consigue el contacto del proveedor para pedirla.</p>"
"26-27-manchester-city-primera-equipacion-manga-larga","26-27 Manchester City primera equipación manga larga","<p>26-27 Manchester City primera equipación manga larga. Disponible en el catálogo — consigue el contacto del proveedor para pedirla.</p>"
"26-27-manchester-city-primera-equipacion","26-27 Manchester City primera equipación","<p>26-27 Manchester City primera equipación. Disponible en el catálogo — consigue el contacto del proveedor para pedirla.</p>"
"26-27-manchester-united-equipacion-especial-verde","26-27 Manchester United equipación especial Verde","<p>26-27 Manchester United equipación especial Verde. Disponible en el catálogo — consigue el contacto del proveedor para pedirla.</p>"
"25-26-cadiz-primera-equipacion-jornada-retro","25-26 Cádiz primera equipación jornada retro","<p>25-26 Cádiz primera equipación jornada retro. Disponible en el catálogo — consigue el contacto del proveedor para pedirla.</p>"
"26-27-manchester-united-pantalones-primera-equipacion","26-27 Manchester United pantalones primera equipación","<p>26-27 Manchester United pantalones primera equipación. Disponible en el catálogo — consigue el contacto del proveedor para pedirla.</p>"
"25-26-cadiz-tercera-equipacion","25-26 Cádiz tercera equipación","<p>25-26 Cádiz tercera equipación. Disponible en el catálogo — consigue el contacto del proveedor para pedirla.</p>"
"25-26-cadiz-segunda-equipacion","25-26 Cádiz segunda equipación","<p>25-26 Cádiz segunda equipación. Disponible en el catálogo — consigue el contacto del proveedor para pedirla.</p>"
"25-26-cadiz-primera-equipacion","25-26 Cádiz primera equipación","<p>25-26 Cádiz primera equipación. Disponible en el catálogo — consigue el contacto del proveedor para pedirla.</p>"
"26-27-manchester-united-tercera-equipacion","26-27 Manchester United tercera equipación","<p>26-27 Manchester United tercera equipación. Disponible en el catálogo — consigue el contacto del proveedor para pedirla.</p>"
"26-27-manchester-united-portero-primera-equipacion-nino","26-27 Manchester United Portero primera equipación niño","<p>26-27 Manchester United Portero primera equipación niño. Disponible en el catálogo — consigue el contacto del proveedor para pedirla.</p>"
"91-92-cadiz-segunda-equipacion-local","91-92 Cádiz segunda equipación local","<p>91-92 Cádiz segunda equipación local. Disponible en el catálogo — consigue el contacto del proveedor para pedirla.</p>"
"83-84-cadiz-primera-equipacion","83-84 Cádiz primera equipación","<p>83-84 Cádiz primera equipación. Disponible en el catálogo — consigue el contacto del proveedor para pedirla.</p>"
"26-27-manchester-united-primera-equipacion-nino","26-27 Manchester United primera equipación niño","<p>26-27 Manchester United primera equipación niño. Disponible en el catálogo — consigue el contacto del proveedor para pedirla.</p>"
"26-27-manchester-united-primera-equipacion-mujer","26-27 Manchester United primera equipación mujer","<p>26-27 Manchester United primera equipación mujer. Disponible en el catálogo — consigue el contacto del proveedor para pedirla.</p>"
"25-26-derpotivo-la-coruna-equipacion-especial-25-aniversario-kombat","25-26 Derpotivo La Coruña equipación especial 25 aniversario Kombat","<p>25-26 Derpotivo La Coruña equipación especial 25 aniversario Kombat. Disponible en el catálogo — consigue el contacto del proveedor para pedirla.</p>"
"25-26-derpotivo-la-coruna-primera-equipacion-jornada-retro","25-26 Derpotivo La Coruña primera equipación jornada retro","<p>25-26 Derpotivo La Coruña primera equipación jornada retro. Disponible en el catálogo — consigue el contacto del proveedor para pedirla.</p>"
"26-27-manchester-united-primera-equipacion","26-27 Manchester United primera equipación","<p>26-27 Manchester United primera equipación. Disponible en el catálogo — consigue el contacto del proveedor para pedirla.</p>"
"deportivo-la-coruna-x-pompeii-equipacion-especial","Deportivo la coruña x Pompeii equipación especial","<p>Deportivo la coruña x Pompeii equipación especial. Disponible en el catálogo — consigue el contacto del proveedor para pedirla.</p>"
"2026-cabo-verde-segunda-equipacion","2026 Cabo verde segunda equipación","<p>2026 Cabo verde segunda equipación. Disponible en el catálogo — consigue el contacto del proveedor para pedirla.</p>"
"2026-cabo-verde-segunda-equipacion-nino","2026 Cabo verde segunda equipación niño","<p>2026 Cabo verde segunda equipación niño. Disponible en el catálogo — consigue el contacto del proveedor para pedirla.</p>"
"2026-cabo-verde-primera-equipacion-nino","2026 Cabo verde primera equipación niño","<p>2026 Cabo verde primera equipación niño. Disponible en el catálogo — consigue el contacto del proveedor para pedirla.</p>"
"2026-cabo-verde-primera-equipacion","2026 Cabo verde primera equipación","<p>2026 Cabo verde primera equipación. Disponible en el catálogo — consigue el contacto del proveedor para pedirla.</p>"
"26-27-barcelona-tercera-equipacion","26-27 Barcelona tercera equipación","<p>26-27 Barcelona tercera equipación. Disponible en el catálogo — consigue el contacto del proveedor para pedirla.</p>"
"26-27-barcelona-segunda-equipacion","26-27 Barcelona segunda equipación","<p>26-27 Barcelona segunda equipación. Disponible en el catálogo — consigue el contacto del proveedor para pedirla.</p>"
"25-26-cordoba-primera-equipacion-nino","25-26 Córdoba primera equipación niño","<p>25-26 Córdoba primera equipación niño. Disponible en el catálogo — consigue el contacto del proveedor para pedirla.</p>"
"96-97-cordoba-primera-equipacion","96-97 Córdoba primera equipación","<p>96-97 Córdoba primera equipación. Disponible en el catálogo — consigue el contacto del proveedor para pedirla.</p>"
"97-98-cordoba-primera-equipacion","97-98 Córdoba primera equipación","<p>97-98 Córdoba primera equipación. Disponible en el catálogo — consigue el contacto del proveedor para pedirla.</p>"
"25-26-cordoba-primera-equipacion","25-26 Córdoba primera equipación","<p>25-26 Córdoba primera equipación. Disponible en el catálogo — consigue el contacto del proveedor para pedirla.</p>"
"98-99-getafe-primera-equipacion-manga-larga","98-99 Getafe primera equipación manga larga","<p>98-99 Getafe primera equipación manga larga. Disponible en el catálogo — consigue el contacto del proveedor para pedirla.</p>"
"25-26-malaga-chandal-superior","25-26 Málaga chándal superior","<p>25-26 Málaga chándal superior. Disponible en el catálogo — consigue el contacto del proveedor para pedirla.</p>"
"malaga-equipacion-especial-malagaverso","""Málaga equipación especial """"Malagaverso""""""","<p>""Málaga equipación especial """"Malagaverso"""""". Disponible en el catálogo — consigue el contacto del proveedor para pedirla.</p>"
"26-27-malaga-primera-equipacion","26-27 Málaga primera equipación","<p>26-27 Málaga primera equipación. Disponible en el catálogo — consigue el contacto del proveedor para pedirla.</p>"
"97-98-tenerife-primera-equipacion-75-aniversario","97-98 Tenerife primera equipación 75 aniversario","<p>97-98 Tenerife primera equipación 75 aniversario. Disponible en el catálogo — consigue el contacto del proveedor para pedirla.</p>"
"98-99-tenerife-segunda-equipacion","98-99 Tenerife segunda equipación","<p>98-99 Tenerife segunda equipación. Disponible en el catálogo — consigue el contacto del proveedor para pedirla.</p>"
"97-98-tenerife-segunda-equipacion-75-aniversario","97-98 Tenerife segunda equipación 75 aniversario","<p>97-98 Tenerife segunda equipación 75 aniversario. Disponible en el catálogo — consigue el contacto del proveedor para pedirla.</p>"
"25-26-tenerife-primera-equipacion-nino","25-26 Tenerife primera equipación niño","<p>25-26 Tenerife primera equipación niño. Disponible en el catálogo — consigue el contacto del proveedor para pedirla.</p>"
"95-96-tenerife-primera-equipacion","95-96 Tenerife primera equipación","<p>95-96 Tenerife primera equipación. Disponible en el catálogo — consigue el contacto del proveedor para pedirla.</p>"
"25-26-tenerife-primera-equipacion","25-26 Tenerife primera equipación","<p>25-26 Tenerife primera equipación. Disponible en el catálogo — consigue el contacto del proveedor para pedirla.</p>"
"05-06-granada-equipacion-75-aniversario","05-06 Granada equipación 75 aniversario","<p>05-06 Granada equipación 75 aniversario. Disponible en el catálogo — consigue el contacto del proveedor para pedirla.</p>"
"97-98-granada-primera-equipacion","97-98 Granada primera equipación","<p>97-98 Granada primera equipación. Disponible en el catálogo — consigue el contacto del proveedor para pedirla.</p>"
"25-26-granada-tercera-equipacion","25-26 Granada tercera equipación","<p>25-26 Granada tercera equipación. Disponible en el catálogo — consigue el contacto del proveedor para pedirla.</p>"
"25-26-granada-segunda-equipacion","25-26 Granada segunda equipación","<p>25-26 Granada segunda equipación. Disponible en el catálogo — consigue el contacto del proveedor para pedirla.</p>"
"25-26-granada-segunda-equipacion-nino","25-26 Granada segunda equipación niño","<p>25-26 Granada segunda equipación niño. Disponible en el catálogo — consigue el contacto del proveedor para pedirla.</p>"
"25-26-granada-primera-equipacion","25-26 Granada primera equipación","<p>25-26 Granada primera equipación. Disponible en el catálogo — consigue el contacto del proveedor para pedirla.</p>"
"25-26-granada-primera-equipacion-nino","25-26 Granada primera equipación niño","<p>25-26 Granada primera equipación niño. Disponible en el catálogo — consigue el contacto del proveedor para pedirla.</p>"
"25-26-granada-primera-equipacion-jornada-retro","25-26 Granada primera equipación jornada retro","<p>25-26 Granada primera equipación jornada retro. Disponible en el catálogo — consigue el contacto del proveedor para pedirla.</p>"
"97-99-mallorca-primera-equipacion","97-99 Mallorca primera equipación","<p>97-99 Mallorca primera equipación. Disponible en el catálogo — consigue el contacto del proveedor para pedirla.</p>"
"97-99-mallorca-segunda-equipacion","97-99 Mallorca segunda equipación","<p>97-99 Mallorca segunda equipación. Disponible en el catálogo — consigue el contacto del proveedor para pedirla.</p>"
"25-26-burgos-tercera-equipacion","25-26 Burgos tercera equipación","<p>25-26 Burgos tercera equipación. Disponible en el catálogo — consigue el contacto del proveedor para pedirla.</p>"
"25-26-burgos-segunda-equipacion","25-26 Burgos segunda equipación","<p>25-26 Burgos segunda equipación. Disponible en el catálogo — consigue el contacto del proveedor para pedirla.</p>"
"25-26-burgos-primera-equipacion","25-26 Burgos primera equipación","<p>25-26 Burgos primera equipación. Disponible en el catálogo — consigue el contacto del proveedor para pedirla.</p>"
"02-03-sporting-de-gijon-primera-equipacion","02-03 Sporting de Gijón primera equipación","<p>02-03 Sporting de Gijón primera equipación. Disponible en el catálogo — consigue el contacto del proveedor para pedirla.</p>"
"15-16-sporting-de-gijon-tercera-equipacion","15-16 Sporting de Gijón tercera equipación","<p>15-16 Sporting de Gijón tercera equipación. Disponible en el catálogo — consigue el contacto del proveedor para pedirla.</p>"
"86-87-sporting-de-gijon-primera-equipacion","86-87 Sporting de Gijón primera equipación","<p>86-87 Sporting de Gijón primera equipación. Disponible en el catálogo — consigue el contacto del proveedor para pedirla.</p>"
"08-09-sporting-de-gijon-primera-equipacion","08-09 Sporting de Gijón primera equipación","<p>08-09 Sporting de Gijón primera equipación. Disponible en el catálogo — consigue el contacto del proveedor para pedirla.</p>"
"02-03-sporting-de-gijon-tercera-equipacion","02-03 Sporting de Gijón tercera equipación","<p>02-03 Sporting de Gijón tercera equipación. Disponible en el catálogo — consigue el contacto del proveedor para pedirla.</p>"
"94-95-sporting-de-gijon-primera-equipacion","94-95 Sporting de Gijón primera equipación","<p>94-95 Sporting de Gijón primera equipación. Disponible en el catálogo — consigue el contacto del proveedor para pedirla.</p>"
"96-97-sporting-de-gijon-segunda-equipacion","96-97 Sporting de Gijón segunda equipación","<p>96-97 Sporting de Gijón segunda equipación. Disponible en el catálogo — consigue el contacto del proveedor para pedirla.</p>"
"25-26-sporting-de-gijon-segunda-equipacion-nino","25-26 Sporting de Gijón segunda equipación niño","<p>25-26 Sporting de Gijón segunda equipación niño. Disponible en el catálogo — consigue el contacto del proveedor para pedirla.</p>"
"25-26-sporting-de-gijon-primera-equipacion","25-26 Sporting de Gijón primera equipación","<p>25-26 Sporting de Gijón primera equipación. Disponible en el catálogo — consigue el contacto del proveedor para pedirla.</p>"
"25-26-sporting-de-gijon-tercera-equipacion","25-26 Sporting de Gijón tercera equipación","<p>25-26 Sporting de Gijón tercera equipación. Disponible en el catálogo — consigue el contacto del proveedor para pedirla.</p>"
"25-26-sporting-de-gijon-tercera-equipacion-nino","25-26 Sporting de Gijón tercera equipación niño","<p>25-26 Sporting de Gijón tercera equipación niño. Disponible en el catálogo — consigue el contacto del proveedor para pedirla.</p>"
"99-00-sporting-de-gijon-primera-equipacion","99-00 Sporting de Gijón primera equipación","<p>99-00 Sporting de Gijón primera equipación. Disponible en el catálogo — consigue el contacto del proveedor para pedirla.</p>"
"96-97-sporting-de-gijon-tercera-equipacion","96-97 Sporting de Gijón tercera equipación","<p>96-97 Sporting de Gijón tercera equipación. Disponible en el catálogo — consigue el contacto del proveedor para pedirla.</p>"
"95-96-sporting-de-gijon-primera-equipacion","95-96 Sporting de Gijón primera equipación","<p>95-96 Sporting de Gijón primera equipación. Disponible en el catálogo — consigue el contacto del proveedor para pedirla.</p>"
"25-26-sporting-de-gijon-primera-equipacion-jornada-retro","25-26 Sporting de Gijón primera equipación jornada retro","<p>25-26 Sporting de Gijón primera equipación jornada retro. Disponible en el catálogo — consigue el contacto del proveedor para pedirla.</p>"
"25-26-elche-chandal-superior","25-26 Elche chándal superior","<p>25-26 Elche chándal superior. Disponible en el catálogo — consigue el contacto del proveedor para pedirla.</p>"
"99-00-elche-primera-equipacion","99-00 Elche primera equipación","<p>99-00 Elche primera equipación. Disponible en el catálogo — consigue el contacto del proveedor para pedirla.</p>"
"25-26-elche-primera-equipacion-jornada-retro","25-26 Elche primera equipación jornada retro","<p>25-26 Elche primera equipación jornada retro. Disponible en el catálogo — consigue el contacto del proveedor para pedirla.</p>"
"25-26-elche-sudadera-con-capucha","25-26 Elche sudadera con capucha","<p>25-26 Elche sudadera con capucha. Disponible en el catálogo — consigue el contacto del proveedor para pedirla.</p>"
"25-26-racing-de-santander-primera-equipacion-jornada-retro","25-26 Racing de Santander primera equipación jornada retro","<p>25-26 Racing de Santander primera equipación jornada retro. Disponible en el catálogo — consigue el contacto del proveedor para pedirla.</p>"
"99-01-oviedo-primera-equipacion","99-01 Oviedo primera equipación","<p>99-01 Oviedo primera equipación. Disponible en el catálogo — consigue el contacto del proveedor para pedirla.</p>"
"25-26-murcia-segunda-equipacion","25-26 Murcia segunda equipación","<p>25-26 Murcia segunda equipación. Disponible en el catálogo — consigue el contacto del proveedor para pedirla.</p>"
"25-26-murcia-primera-equipacion","25-26 Murcia primera equipación","<p>25-26 Murcia primera equipación. Disponible en el catálogo — consigue el contacto del proveedor para pedirla.</p>"
"00-01-oviedo-segunda-equipacion","00-01 Oviedo segunda equipación","<p>00-01 Oviedo segunda equipación. Disponible en el catálogo — consigue el contacto del proveedor para pedirla.</p>"
"25-26-oviedo-chandal-superior","25-26 Oviedo chándal superior","<p>25-26 Oviedo chándal superior. Disponible en el catálogo — consigue el contacto del proveedor para pedirla.</p>"
"95-96-oviedo-primera-equipacion","95-96 Oviedo primera equipación","<p>95-96 Oviedo primera equipación. Disponible en el catálogo — consigue el contacto del proveedor para pedirla.</p>"
"25-26-oviedo-equipacion-centenario","25-26 Oviedo equipación centenario","<p>25-26 Oviedo equipación centenario. Disponible en el catálogo — consigue el contacto del proveedor para pedirla.</p>"
"25-26-oviedo-primera-equipacion-jornada-retro","25-26 Oviedo primera equipación jornada retro","<p>25-26 Oviedo primera equipación jornada retro. Disponible en el catálogo — consigue el contacto del proveedor para pedirla.</p>"
"92-93-oviedo-primera-equipacion","92-93 Oviedo primera equipación","<p>92-93 Oviedo primera equipación. Disponible en el catálogo — consigue el contacto del proveedor para pedirla.</p>"
"93-94-pais-vasco-primera-equipacion","93-94 País Vasco primera equipación","<p>93-94 País Vasco primera equipación. Disponible en el catálogo — consigue el contacto del proveedor para pedirla.</p>"
"97-98-hercules-primera-equipacion","97-98 Hércules primera equipación","<p>97-98 Hércules primera equipación. Disponible en el catálogo — consigue el contacto del proveedor para pedirla.</p>"
"25-26-almeria-primera-equipacion-jornada-retro","25-26 Almería primera equipación jornada retro","<p>25-26 Almería primera equipación jornada retro. Disponible en el catálogo — consigue el contacto del proveedor para pedirla.</p>"
"2026-espana-equipacion-especial-dos-estrellas-granate","🔥2026 España equipación especial dos estrellas granate","<p>🔥2026 España equipación especial dos estrellas granate. Disponible en el catálogo — consigue el contacto del proveedor para pedirla.</p>"
"2026-espana-equipacion-edicion-campeon-roja","2026 España equipación edición campeón roja","<p>2026 España equipación edición campeón roja. Disponible en el catálogo — consigue el contacto del proveedor para pedirla.</p>"
"2026-espana-equipacion-edicion-campeon-blanca-2","2026 España equipación edición campeón blanca 2","<p>2026 España equipación edición campeón blanca 2. Disponible en el catálogo — consigue el contacto del proveedor para pedirla.</p>"
"2026-espana-equipacion-edicion-campeon-blanca","2026 España equipación edición campeón blanca","<p>2026 España equipación edición campeón blanca. Disponible en el catálogo — consigue el contacto del proveedor para pedirla.</p>"
"2026-espana-equipacion-entrenamiento-player-version","2026 España equipación entrenamiento player version","<p>2026 España equipación entrenamiento player version. Disponible en el catálogo — consigue el contacto del proveedor para pedirla.</p>"
"2026-espana-segunda-equipacion-edicion-campeon-2-estrellas-mujer","2026 España segunda equipación edición campeón 2 estrellas mujer","<p>2026 España segunda equipación edición campeón 2 estrellas mujer. Disponible en el catálogo — consigue el contacto del proveedor para pedirla.</p>"
"2026-espana-segunda-equipacion-edicion-campeon-2-estrellas","2026 España segunda equipación edición campeón 2 estrellas","<p>2026 España segunda equipación edición campeón 2 estrellas. Disponible en el catálogo — consigue el contacto del proveedor para pedirla.</p>"
"2026-espana-segunda-equipacion-edicion-campeon-dos-estrellas","2026 España segunda equipación edición campeón dos estrellas","<p>2026 España segunda equipación edición campeón dos estrellas. Disponible en el catálogo — consigue el contacto del proveedor para pedirla.</p>"
"2026-espana-primera-equipacion-edicion-campeon-2-estrellas","2026 España primera equipación edición campeón 2 estrellas","<p>2026 España primera equipación edición campeón 2 estrellas. Disponible en el catálogo — consigue el contacto del proveedor para pedirla.</p>"
"2026-espana-primera-equipacion-edicion-campeon-2-estrellas-mujer","2026 España primera equipación edición campeón 2 estrellas mujer","<p>2026 España primera equipación edición campeón 2 estrellas mujer. Disponible en el catálogo — consigue el contacto del proveedor para pedirla.</p>"
"2026-espana-primera-equipacion-edicion-campeon-dos-estrellas","2026 España primera equipación edición campeón dos estrellas","<p>2026 España primera equipación edición campeón dos estrellas. Disponible en el catálogo — consigue el contacto del proveedor para pedirla.</p>"
"2026-espana-equipacion-especial","🔥2026 España equipación especial","<p>🔥2026 España equipación especial. Disponible en el catálogo — consigue el contacto del proveedor para pedirla.</p>"
"26-27-real-madrid-primera-equipacion-body-para-bebe","26-27 Real Madrid primera equipación body para bebé","<p>26-27 Real Madrid primera equipación body para bebé. Disponible en el catálogo — consigue el contacto del proveedor para pedirla.</p>"
"26-27-real-madrid-tercera-equipacion-nino","26-27 Real Madrid tercera equipación niño","<p>26-27 Real Madrid tercera equipación niño. Disponible en el catálogo — consigue el contacto del proveedor para pedirla.</p>"
"26-27-real-madrid-primera-equipacion-nino","26-27 Real Madrid primera equipación niño","<p>26-27 Real Madrid primera equipación niño. Disponible en el catálogo — consigue el contacto del proveedor para pedirla.</p>"
"26-27-real-madrid-tercera-equipacion-mujer","26-27 Real Madrid tercera equipación mujer","<p>26-27 Real Madrid tercera equipación mujer. Disponible en el catálogo — consigue el contacto del proveedor para pedirla.</p>"
"26-27-real-madrid-primera-equipacion-mujer","26-27 Real Madrid primera equipación mujer","<p>26-27 Real Madrid primera equipación mujer. Disponible en el catálogo — consigue el contacto del proveedor para pedirla.</p>"
"26-27-real-madrid-portero-primera-equipacion","26-27 Real Madrid Portero primera equipación","<p>26-27 Real Madrid Portero primera equipación. Disponible en el catálogo — consigue el contacto del proveedor para pedirla.</p>"
"26-27-real-madrid-125-aniversario","26-27 Real Madrid 125 Aniversario","<p>26-27 Real Madrid 125 Aniversario. Disponible en el catálogo — consigue el contacto del proveedor para pedirla.</p>"
"26-27-real-madrid-primera-equipacion","26-27 Real Madrid primera equipación","<p>26-27 Real Madrid primera equipación. Disponible en el catálogo — consigue el contacto del proveedor para pedirla.</p>"
"2026-mexico-segunda-equipacion-portero","2026 México segunda equipación portero","<p>2026 México segunda equipación portero. Disponible en el catálogo — consigue el contacto del proveedor para pedirla.</p>"
"2025-26-curacao-primera-equipacion","2025-26 Curaçao primera equipación","<p>2025-26 Curaçao primera equipación. Disponible en el catálogo — consigue el contacto del proveedor para pedirla.</p>"
"2026-costa-de-marfil-terrace-icons","2026 Costa de Marfil Terrace Icons","<p>2026 Costa de Marfil Terrace Icons. Disponible en el catálogo — consigue el contacto del proveedor para pedirla.</p>"
"2026-costa-de-marfil-cortavientos-reversible","2026 Costa de Marfil cortavientos reversible","<p>2026 Costa de Marfil cortavientos reversible. Disponible en el catálogo — consigue el contacto del proveedor para pedirla.</p>"
"2026-costa-de-marfil-segunda-equipacion","2026 Costa de Marfil segunda equipación","<p>2026 Costa de Marfil segunda equipación. Disponible en el catálogo — consigue el contacto del proveedor para pedirla.</p>"
"2026-costa-de-marfil-primera-equipacion","2026 Costa de Marfil primera equipación","<p>2026 Costa de Marfil primera equipación. Disponible en el catálogo — consigue el contacto del proveedor para pedirla.</p>"
"2026-guatemala-segunda-equipacion","2026 Guatemala segunda equipación","<p>2026 Guatemala segunda equipación. Disponible en el catálogo — consigue el contacto del proveedor para pedirla.</p>"
"2026-guatemala-primera-equipacion","2026 Guatemala primera equipación","<p>2026 Guatemala primera equipación. Disponible en el catálogo — consigue el contacto del proveedor para pedirla.</p>"
"25-26-barcelona-x-kobe-equipacion-entrenamiento","25-26 Barcelona x Kobe equipación entrenamiento","<p>25-26 Barcelona x Kobe equipación entrenamiento. Disponible en el catálogo — consigue el contacto del proveedor para pedirla.</p>"
"2026-austria-tercera-equipacion","2026 Austria tercera equipación","<p>2026 Austria tercera equipación. Disponible en el catálogo — consigue el contacto del proveedor para pedirla.</p>"
"2026-austria-segunda-equipacion","2026 Austria segunda equipación","<p>2026 Austria segunda equipación. Disponible en el catálogo — consigue el contacto del proveedor para pedirla.</p>"
"2026-austria-primera-equipacion","2026 Austria primera equipación","<p>2026 Austria primera equipación. Disponible en el catálogo — consigue el contacto del proveedor para pedirla.</p>"
"14-15-barcelona-primera-equipacion-nino-manga-larga","14-15 Barcelona primera equipación niño manga larga","<p>14-15 Barcelona primera equipación niño manga larga. Disponible en el catálogo — consigue el contacto del proveedor para pedirla.</p>"
"92-95-barcelona-segunda-equipacion-nino","92-95 Barcelona segunda equipación niño","<p>92-95 Barcelona segunda equipación niño. Disponible en el catálogo — consigue el contacto del proveedor para pedirla.</p>"
"95-97-barcelona-segunda-equipacion-nino","95-97 Barcelona segunda equipación niño","<p>95-97 Barcelona segunda equipación niño. Disponible en el catálogo — consigue el contacto del proveedor para pedirla.</p>"
"95-97-barcelona-primera-equipacion-nino","95-97 Barcelona primera equipación niño","<p>95-97 Barcelona primera equipación niño. Disponible en el catálogo — consigue el contacto del proveedor para pedirla.</p>"
"95-97-barcelona-primera-equipacion","95-97 Barcelona primera equipación","<p>95-97 Barcelona primera equipación. Disponible en el catálogo — consigue el contacto del proveedor para pedirla.</p>"
"05-06-barcelona-primera-equipacion-nino-manga-larga-laliga","05-06 Barcelona primera equipación niño manga larga (LaLiga)","<p>05-06 Barcelona primera equipación niño manga larga (LaLiga). Disponible en el catálogo — consigue el contacto del proveedor para pedirla.</p>"
"08-09-barcelona-primera-equipacion-nino-manga-larga","08-09 Barcelona primera equipación niño manga larga","<p>08-09 Barcelona primera equipación niño manga larga. Disponible en el catálogo — consigue el contacto del proveedor para pedirla.</p>"
"10-11-barcelona-primera-equipacion-nino-manga-larga","10-11 Barcelona primera equipación niño manga larga","<p>10-11 Barcelona primera equipación niño manga larga. Disponible en el catálogo — consigue el contacto del proveedor para pedirla.</p>"
"26-27-barcelona-primera-equipacion-body-para-bebe","26-27 Barcelona primera equipación body para bebé","<p>26-27 Barcelona primera equipación body para bebé. Disponible en el catálogo — consigue el contacto del proveedor para pedirla.</p>"
"26-27-barcelona-primera-equipacion-nino","26-27 Barcelona primera equipación niño","<p>26-27 Barcelona primera equipación niño. Disponible en el catálogo — consigue el contacto del proveedor para pedirla.</p>"
"26-27-barcelona-primera-equipacion-mujer","26-27 Barcelona primera equipación mujer","<p>26-27 Barcelona primera equipación mujer. Disponible en el catálogo — consigue el contacto del proveedor para pedirla.</p>"
"26-27-barcelona-primera-equipacion","26-27 Barcelona primera equipación","<p>26-27 Barcelona primera equipación. Disponible en el catálogo — consigue el contacto del proveedor para pedirla.</p>"
"2026-nueva-zelanda-segunda-equipacion","2026 Nueva Zelanda segunda equipación","<p>2026 Nueva Zelanda segunda equipación. Disponible en el catálogo — consigue el contacto del proveedor para pedirla.</p>"
"2026-nueva-zelanda-primera-equipacion","2026 Nueva Zelanda primera equipación","<p>2026 Nueva Zelanda primera equipación. Disponible en el catálogo — consigue el contacto del proveedor para pedirla.</p>"
"2026-croacia-primera-equipacion","2026 Croacia primera equipación","<p>2026 Croacia primera equipación. Disponible en el catálogo — consigue el contacto del proveedor para pedirla.</p>"
"16-17-barcelona-primera-equipacion","16-17 Barcelona primera equipación","<p>16-17 Barcelona primera equipación. Disponible en el catálogo — consigue el contacto del proveedor para pedirla.</p>"
"2026-brasil-segunda-equipacion-mujer-version-top","2026 Brasil segunda equipación mujer versión TOP","<p>2026 Brasil segunda equipación mujer versión TOP. Disponible en el catálogo — consigue el contacto del proveedor para pedirla.</p>"
"2026-colombia-primera-equipacion-mujer-version-top","2026 Colombia primera equipación mujer versión TOP","<p>2026 Colombia primera equipación mujer versión TOP. Disponible en el catálogo — consigue el contacto del proveedor para pedirla.</p>"
"2026-inglaterra-segunda-equipacion-body-para-bebe","2026 Inglaterra segunda equipación body para bebé","<p>2026 Inglaterra segunda equipación body para bebé. Disponible en el catálogo — consigue el contacto del proveedor para pedirla.</p>"
"2026-inglaterra-primera-equipacion-mujer-version-top","2026 Inglaterra primera equipación mujer versión TOP","<p>2026 Inglaterra primera equipación mujer versión TOP. Disponible en el catálogo — consigue el contacto del proveedor para pedirla.</p>"
"2026-inglaterra-primera-equipacion-mujer-version-top-deportivo","2026 Inglaterra primera equipación mujer versión TOP deportivo","<p>2026 Inglaterra primera equipación mujer versión TOP deportivo. Disponible en el catálogo — consigue el contacto del proveedor para pedirla.</p>"
"2026-francia-primera-equipacion-nino","2026 Francia primera equipación niño","<p>2026 Francia primera equipación niño. Disponible en el catálogo — consigue el contacto del proveedor para pedirla.</p>"
"2026-francia-primera-equipacion-mujer-version-top-deportivo","2026 Francia primera equipación mujer versión TOP deportivo","<p>2026 Francia primera equipación mujer versión TOP deportivo. Disponible en el catálogo — consigue el contacto del proveedor para pedirla.</p>"
"2026-francia-primera-equipacion-mujer","2026 Francia primera equipación mujer","<p>2026 Francia primera equipación mujer. Disponible en el catálogo — consigue el contacto del proveedor para pedirla.</p>"
"2026-japon-primera-equipacion-mujer-version-top","2026 Japón primera equipación mujer versión TOP","<p>2026 Japón primera equipación mujer versión TOP. Disponible en el catálogo — consigue el contacto del proveedor para pedirla.</p>"
"2026-mexico-segunda-equipacion-mujer-version-top","2026 México segunda equipación mujer versión TOP","<p>2026 México segunda equipación mujer versión TOP. Disponible en el catálogo — consigue el contacto del proveedor para pedirla.</p>"
"2026-mexico-primera-equipacion-mujer-version-top","2026 México primera equipación mujer versión TOP","<p>2026 México primera equipación mujer versión TOP. Disponible en el catálogo — consigue el contacto del proveedor para pedirla.</p>"
"2026-mexico-tercera-equipacion-body-para-bebe","2026 México tercera equipación body para bebé","<p>2026 México tercera equipación body para bebé. Disponible en el catálogo — consigue el contacto del proveedor para pedirla.</p>"
"2026-mexico-tercera-equipacion-mujer-version-top","2026 México tercera equipación mujer versión TOP","<p>2026 México tercera equipación mujer versión TOP. Disponible en el catálogo — consigue el contacto del proveedor para pedirla.</p>"
"2026-holanda-segunda-equipacion-mujer","2026 Holanda segunda equipación mujer","<p>2026 Holanda segunda equipación mujer. Disponible en el catálogo — consigue el contacto del proveedor para pedirla.</p>"
"2026-holanda-primera-equipacion-mujer","2026 Holanda primera equipación mujer","<p>2026 Holanda primera equipación mujer. Disponible en el catálogo — consigue el contacto del proveedor para pedirla.</p>"
"2026-panama-tercera-equipacion-mujer","2026 Panamá tercera equipación mujer","<p>2026 Panamá tercera equipación mujer. Disponible en el catálogo — consigue el contacto del proveedor para pedirla.</p>"
"2026-panama-segunda-equipacion-mujer","2026 Panamá segunda equipación mujer","<p>2026 Panamá segunda equipación mujer. Disponible en el catálogo — consigue el contacto del proveedor para pedirla.</p>"
"2026-estados-unidos-segunda-equipacion-body-para-bebe","2026 Estados Unidos segunda equipación body para bebé","<p>2026 Estados Unidos segunda equipación body para bebé. Disponible en el catálogo — consigue el contacto del proveedor para pedirla.</p>"
"2026-estados-unidos-segunda-equipacion-mujer","2026 Estados Unidos segunda equipación mujer","<p>2026 Estados Unidos segunda equipación mujer. Disponible en el catálogo — consigue el contacto del proveedor para pedirla.</p>"
"2026-estados-unidos-primera-equipacion-mujer","2026 Estados Unidos primera equipación mujer","<p>2026 Estados Unidos primera equipación mujer. Disponible en el catálogo — consigue el contacto del proveedor para pedirla.</p>"
"2026-espana-himno-visitante-chandal-superior","2026 España himno visitante chándal superior","<p>2026 España himno visitante chándal superior. Disponible en el catálogo — consigue el contacto del proveedor para pedirla.</p>"
"2010-espana-segunda-equipacion-nino","2010 España segunda equipación niño","<p>2010 España segunda equipación niño. Disponible en el catálogo — consigue el contacto del proveedor para pedirla.</p>"
"2026-espana-cortavientos-de-viaje-especial-visitante","2026 España cortavientos de viaje especial visitante","<p>2026 España cortavientos de viaje especial visitante. Disponible en el catálogo — consigue el contacto del proveedor para pedirla.</p>"
"2026-espana-cortavientos-de-viaje","2026 España cortavientos de viaje","<p>2026 España cortavientos de viaje. Disponible en el catálogo — consigue el contacto del proveedor para pedirla.</p>"
"2026-argentina-equipacion-entrenamiento-especial-negra","2026 Argentina equipación entrenamiento especial negra","<p>2026 Argentina equipación entrenamiento especial negra. Disponible en el catálogo — consigue el contacto del proveedor para pedirla.</p>"
"argentina-cortavientos-reversible-tipo-retro-1986","Argentina cortavientos reversible Tipo retro 1986","<p>Argentina cortavientos reversible Tipo retro 1986. Disponible en el catálogo — consigue el contacto del proveedor para pedirla.</p>"
"2026-argentina-cortavientos-reversible","2026 Argentina cortavientos reversible","<p>2026 Argentina cortavientos reversible. Disponible en el catálogo — consigue el contacto del proveedor para pedirla.</p>"
"2026-argentina-equipacion-entrenamiento","2026 Argentina equipación entrenamiento","<p>2026 Argentina equipación entrenamiento. Disponible en el catálogo — consigue el contacto del proveedor para pedirla.</p>"
"2026-argentina-terrace-icons","2026 Argentina Terrace Icons","<p>2026 Argentina Terrace Icons. Disponible en el catálogo — consigue el contacto del proveedor para pedirla.</p>"
"2026-argentina-polo","2026 Argentina polo","<p>2026 Argentina polo. Disponible en el catálogo — consigue el contacto del proveedor para pedirla.</p>"
"1978-argentina-primera-equipacion-manga-larga","1978 Argentina primera equipación manga larga","<p>1978 Argentina primera equipación manga larga. Disponible en el catálogo — consigue el contacto del proveedor para pedirla.</p>"
"2026-argentina-equipacion-entrenamiento-sin-mangas","2026 Argentina equipación entrenamiento sin mangas","<p>2026 Argentina equipación entrenamiento sin mangas. Disponible en el catálogo — consigue el contacto del proveedor para pedirla.</p>"
"05-06-argentina-cortavientos-albiceleste","05-06 Argentina cortavientos Albiceleste","<p>05-06 Argentina cortavientos Albiceleste. Disponible en el catálogo — consigue el contacto del proveedor para pedirla.</p>"
"2026-argentina-chandal-superior-negro","2026 Argentina chándal superior negro","<p>2026 Argentina chándal superior negro. Disponible en el catálogo — consigue el contacto del proveedor para pedirla.</p>"
"2026-argentina-segunda-equipacion-body-para-bebe","2026 Argentina segunda equipación body para bebé","<p>2026 Argentina segunda equipación body para bebé. Disponible en el catálogo — consigue el contacto del proveedor para pedirla.</p>"
"1998-argentina-primera-equipacion-nino","1998 Argentina primera equipación niño","<p>1998 Argentina primera equipación niño. Disponible en el catálogo — consigue el contacto del proveedor para pedirla.</p>"
"2026-argentina-segunda-equipacion-mujer-version-top","2026 Argentina segunda equipación mujer versión TOP","<p>2026 Argentina segunda equipación mujer versión TOP. Disponible en el catálogo — consigue el contacto del proveedor para pedirla.</p>"
"2006-argentina-segunda-equipacion-manga-larga","2006 Argentina segunda equipación manga larga","<p>2006 Argentina segunda equipación manga larga. Disponible en el catálogo — consigue el contacto del proveedor para pedirla.</p>"
"2026-argentina-equipacion-entrenamiento-especial","2026 Argentina equipación entrenamiento especial","<p>2026 Argentina equipación entrenamiento especial. Disponible en el catálogo — consigue el contacto del proveedor para pedirla.</p>"
"2026-argentina-equipacion-especial-mundial-2026","2026 Argentina equipación especial mundial 2026","<p>2026 Argentina equipación especial mundial 2026. Disponible en el catálogo — consigue el contacto del proveedor para pedirla.</p>"
"2026-argentina-equipacion-maradona-d10s","2026 Argentina equipación Maradona D10S","<p>2026 Argentina equipación Maradona D10S. Disponible en el catálogo — consigue el contacto del proveedor para pedirla.</p>"
"2026-argentina-equipacion-conmemorativa-maradona","2026 Argentina equipación conmemorativa Maradona","<p>2026 Argentina equipación conmemorativa Maradona. Disponible en el catálogo — consigue el contacto del proveedor para pedirla.</p>"
"1986-argentina-primera-equipacion-nino-manga-larga","1986 Argentina primera equipación niño manga larga","<p>1986 Argentina primera equipación niño manga larga. Disponible en el catálogo — consigue el contacto del proveedor para pedirla.</p>"
"2026-espana-segunda-equipacion-mujer-version-top","🔥2026 España segunda equipación mujer versión TOP","<p>🔥2026 España segunda equipación mujer versión TOP. Disponible en el catálogo — consigue el contacto del proveedor para pedirla.</p>"
"17-18-real-madrid-tercera-equipacion-nino-manga-larga","17-18 Real Madrid tercera equipación niño manga larga","<p>17-18 Real Madrid tercera equipación niño manga larga. Disponible en el catálogo — consigue el contacto del proveedor para pedirla.</p>"
"17-18-real-madrid-primera-equipacion-nino-manga-larga","17-18 Real Madrid primera equipación niño manga larga","<p>17-18 Real Madrid primera equipación niño manga larga. Disponible en el catálogo — consigue el contacto del proveedor para pedirla.</p>"
"16-17-real-madrid-segunda-equipacion-nino-manga-larga","16-17 Real Madrid segunda equipación niño manga larga","<p>16-17 Real Madrid segunda equipación niño manga larga. Disponible en el catálogo — consigue el contacto del proveedor para pedirla.</p>"
"14-15-real-madrid-tercera-equipacion-nino-manga-larga","14-15 Real Madrid tercera equipación niño manga larga","<p>14-15 Real Madrid tercera equipación niño manga larga. Disponible en el catálogo — consigue el contacto del proveedor para pedirla.</p>"
"11-12-real-madrid-primera-equipacion-nino-manga-larga","11-12 Real Madrid primera equipación niño manga larga","<p>11-12 Real Madrid primera equipación niño manga larga. Disponible en el catálogo — consigue el contacto del proveedor para pedirla.</p>"
"99-01-real-madrid-segunda-equipacion-nino","99-01 Real Madrid segunda equipación niño","<p>99-01 Real Madrid segunda equipación niño. Disponible en el catálogo — consigue el contacto del proveedor para pedirla.</p>"
"99-00-real-madrid-tercera-equipacion-nino","99-00 Real Madrid tercera equipación niño","<p>99-00 Real Madrid tercera equipación niño. Disponible en el catálogo — consigue el contacto del proveedor para pedirla.</p>"
"98-00-real-madrid-primera-equipacion-nino","98-00 Real Madrid primera equipación niño","<p>98-00 Real Madrid primera equipación niño. Disponible en el catálogo — consigue el contacto del proveedor para pedirla.</p>"
"17-18-real-madrid-tercera-equipacion-nino","17-18 Real Madrid tercera equipación niño","<p>17-18 Real Madrid tercera equipación niño. Disponible en el catálogo — consigue el contacto del proveedor para pedirla.</p>"
"17-18-real-madrid-primera-equipacion-nino","17-18 Real Madrid primera equipación niño","<p>17-18 Real Madrid primera equipación niño. Disponible en el catálogo — consigue el contacto del proveedor para pedirla.</p>"
"16-17-real-madrid-segunda-equipacion-nino","16-17 Real Madrid segunda equipación niño","<p>16-17 Real Madrid segunda equipación niño. Disponible en el catálogo — consigue el contacto del proveedor para pedirla.</p>"
"06-07-real-madrid-segunda-equipacion-nino","06-07 Real Madrid segunda equipación niño","<p>06-07 Real Madrid segunda equipación niño. Disponible en el catálogo — consigue el contacto del proveedor para pedirla.</p>"
"06-07-valencia-primera-equipacion","06-07 Valencia primera equipación","<p>06-07 Valencia primera equipación. Disponible en el catálogo — consigue el contacto del proveedor para pedirla.</p>"
"25-26-cordoba-segunda-equipacion","25-26 Córdoba segunda equipación","<p>25-26 Córdoba segunda equipación. Disponible en el catálogo — consigue el contacto del proveedor para pedirla.</p>"
"25-26-racing-santander-equipacion-113-aniversario","25-26 Racing Santander equipación 113 aniversario","<p>25-26 Racing Santander equipación 113 aniversario. Disponible en el catálogo — consigue el contacto del proveedor para pedirla.</p>"
"adids-x-oasis-live-25-azul","Adids x Oasis Live '25 azul","<p>Adids x Oasis Live '25 azul. Disponible en el catálogo — consigue el contacto del proveedor para pedirla.</p>"
"adids-x-oasis-live-25-negra","Adids x Oasis Live '25 negra","<p>Adids x Oasis Live '25 negra. Disponible en el catálogo — consigue el contacto del proveedor para pedirla.</p>"
"1999-west-ham-x-iron-maiden","1999 West Ham x Iron Maiden","<p>1999 West Ham x Iron Maiden. Disponible en el catálogo — consigue el contacto del proveedor para pedirla.</p>"
"25-26-barcelona-x-olivia-rodrigo-primera-equipacion","25-26 Barcelona x Olivia Rodrigo primera equipación","<p>25-26 Barcelona x Olivia Rodrigo primera equipación. Disponible en el catálogo — consigue el contacto del proveedor para pedirla.</p>"
"22-23-barcelona-segunda-equipacion","22-23 Barcelona segunda equipación","<p>22-23 Barcelona segunda equipación. Disponible en el catálogo — consigue el contacto del proveedor para pedirla.</p>"
"22-23-barcelona-x-drake-primera-equipacion","22-23 Barcelona x Drake primera equipación","<p>22-23 Barcelona x Drake primera equipación. Disponible en el catálogo — consigue el contacto del proveedor para pedirla.</p>"
"22-23-barcelona-x-rosalia-primera-equipacion","22-23 Barcelona x Rosalía primera equipación","<p>22-23 Barcelona x Rosalía primera equipación. Disponible en el catálogo — consigue el contacto del proveedor para pedirla.</p>"
"22-23-barcelona-primera-equipacion","22-23 Barcelona primera equipación","<p>22-23 Barcelona primera equipación. Disponible en el catálogo — consigue el contacto del proveedor para pedirla.</p>"
"2026-argentina-top-deportivo-rosa","2026 Argentina TOP deportivo rosa","<p>2026 Argentina TOP deportivo rosa. Disponible en el catálogo — consigue el contacto del proveedor para pedirla.</p>"
"2025-estados-unidos-segunda-equipacion-mujer-version-top-deportivo","2025 Estados Unidos segunda equipación mujer versión TOP deportivo","<p>2025 Estados Unidos segunda equipación mujer versión TOP deportivo. Disponible en el catálogo — consigue el contacto del proveedor para pedirla.</p>"
"2026-estados-unidos-portero-usmnt-hollywood-manga-larga","2026 Estados Unidos portero USMNT Hollywood manga larga","<p>2026 Estados Unidos portero USMNT Hollywood manga larga. Disponible en el catálogo — consigue el contacto del proveedor para pedirla.</p>"
"2026-estados-unidos-camiseta-mundial-2026-usa","2026 Estados Unidos camiseta mundial 2026 USA","<p>2026 Estados Unidos camiseta mundial 2026 USA. Disponible en el catálogo — consigue el contacto del proveedor para pedirla.</p>"
"2026-estados-unidos-portero-primera-equipacion","2026 Estados Unidos portero primera equipación","<p>2026 Estados Unidos portero primera equipación. Disponible en el catálogo — consigue el contacto del proveedor para pedirla.</p>"
"2022-espana-primera-equipacion","2022 España primera equipación","<p>2022 España primera equipación. Disponible en el catálogo — consigue el contacto del proveedor para pedirla.</p>"
"99-00-lazio-primera-equipacion-centenario-manga-larga","99-00 Lazio primera equipación centenario manga larga","<p>99-00 Lazio primera equipación centenario manga larga. Disponible en el catálogo — consigue el contacto del proveedor para pedirla.</p>"
"98-99-lazio-primera-equipacion","98-99 Lazio primera equipación","<p>98-99 Lazio primera equipación. Disponible en el catálogo — consigue el contacto del proveedor para pedirla.</p>"
"99-00-lazio-super-copa","99-00 Lazio super copa","<p>99-00 Lazio super copa. Disponible en el catálogo — consigue el contacto del proveedor para pedirla.</p>"
"2026-argentina-segunda-equipacion-mujer","2026 Argentina segunda equipación mujer","<p>2026 Argentina segunda equipación mujer. Disponible en el catálogo — consigue el contacto del proveedor para pedirla.</p>"
"25-26-racing-santander-equipacion-113-aniversario-manga-larga","25-26 Racing Santander equipación 113 aniversario manga larga","<p>25-26 Racing Santander equipación 113 aniversario manga larga. Disponible en el catálogo — consigue el contacto del proveedor para pedirla.</p>"
"90-91-lazio-primera-equipacion","90-91 Lazio primera equipación","<p>90-91 Lazio primera equipación. Disponible en el catálogo — consigue el contacto del proveedor para pedirla.</p>"
"96-97-lazio-tercera-equipacion","96-97 Lazio tercera equipación","<p>96-97 Lazio tercera equipación. Disponible en el catálogo — consigue el contacto del proveedor para pedirla.</p>"
"98-99-lazio-segunda-equipacion","98-99 Lazio segunda equipación","<p>98-99 Lazio segunda equipación. Disponible en el catálogo — consigue el contacto del proveedor para pedirla.</p>"
"25-26-lazio-tercera-equipacion","25-26 Lazio tercera equipación","<p>25-26 Lazio tercera equipación. Disponible en el catálogo — consigue el contacto del proveedor para pedirla.</p>"
"98-99-lazio-tercera-equipacion","98-99 Lazio tercera equipación","<p>98-99 Lazio tercera equipación. Disponible en el catálogo — consigue el contacto del proveedor para pedirla.</p>"
"25-26-lazio-primera-equipacion","25-26 Lazio primera equipación","<p>25-26 Lazio primera equipación. Disponible en el catálogo — consigue el contacto del proveedor para pedirla.</p>"
"2026-espana-x-dellafuente-segunda-equipacion-body-para-bebe","🔥2026 España x DELLAFUENTE segunda equipación body para bebé","<p>🔥2026 España x DELLAFUENTE segunda equipación body para bebé. Disponible en el catálogo — consigue el contacto del proveedor para pedirla.</p>"
"2026-espana-segunda-x-dellafuente-equipacion-nino","2026 España segunda x DELLAFUENTE equipación niño","<p>2026 España segunda x DELLAFUENTE equipación niño. Disponible en el catálogo — consigue el contacto del proveedor para pedirla.</p>"
"2026-espana-segunda-equipacion-manga-larga","🔥2026 España segunda equipación manga larga","<p>🔥2026 España segunda equipación manga larga. Disponible en el catálogo — consigue el contacto del proveedor para pedirla.</p>"
"2026-espana-x-dellafuente-segunda-equipacion-manga-larga","2026 España x DELLAFUENTE segunda equipación manga larga","<p>2026 España x DELLAFUENTE segunda equipación manga larga. Disponible en el catálogo — consigue el contacto del proveedor para pedirla.</p>"
"2026-espana-x-dellafuente-segunda-equipacion-mujer","2026 España x DELLAFUENTE segunda equipación mujer","<p>2026 España x DELLAFUENTE segunda equipación mujer. Disponible en el catálogo — consigue el contacto del proveedor para pedirla.</p>"
"98-99-lazio-primera-equipacion-manga-larga","98-99 Lazio primera equipación manga larga","<p>98-99 Lazio primera equipación manga larga. Disponible en el catálogo — consigue el contacto del proveedor para pedirla.</p>"
"98-99-lazio-tercera-equipacion-manga-larga","98-99 Lazio tercera equipación Manga larga","<p>98-99 Lazio tercera equipación Manga larga. Disponible en el catálogo — consigue el contacto del proveedor para pedirla.</p>"
"2026-espana-x-dellafuente-segunda-equipacion","2026 España x DELLAFUENTE segunda equipación","<p>2026 España x DELLAFUENTE segunda equipación. Disponible en el catálogo — consigue el contacto del proveedor para pedirla.</p>"
"2026-brasil-chaqueta-principal","2026 Brasil chaqueta principal","<p>2026 Brasil chaqueta principal. Disponible en el catálogo — consigue el contacto del proveedor para pedirla.</p>"
"2026-inglaterra-primera-equipacion-nino","2026 Inglaterra primera equipación niño","<p>2026 Inglaterra primera equipación niño. Disponible en el catálogo — consigue el contacto del proveedor para pedirla.</p>"
"2026-inglaterra-segunda-equipacion-nino","2026 Inglaterra segunda equipación niño","<p>2026 Inglaterra segunda equipación niño. Disponible en el catálogo — consigue el contacto del proveedor para pedirla.</p>"
"camiseta-indiana-fever-explorer-edition-personalizable","Camiseta Indiana Fever Explorer Edition (Personalizable)","<p>Camiseta Indiana Fever Explorer Edition (Personalizable). Disponible en el catálogo — consigue el contacto del proveedor para pedirla.</p>"
"25-26-valencia-primera-equipacion-jornada-retro","25-26 Valencia primera equipación jornada retro","<p>25-26 Valencia primera equipación jornada retro. Disponible en el catálogo — consigue el contacto del proveedor para pedirla.</p>"
"2026-noruega-segunda-equipacion","2026 Noruega segunda equipación","<p>2026 Noruega segunda equipación. Disponible en el catálogo — consigue el contacto del proveedor para pedirla.</p>"
"2026-noruega-segunda-equipacion-nino","2026 Noruega segunda equipación niño","<p>2026 Noruega segunda equipación niño. Disponible en el catálogo — consigue el contacto del proveedor para pedirla.</p>"
"2026-noruega-primera-equipacion-nino","2026 Noruega primera equipación niño","<p>2026 Noruega primera equipación niño. Disponible en el catálogo — consigue el contacto del proveedor para pedirla.</p>"
"25-26-betis-equipacion-pre-partido-fiestas-de-primavera","25-26 Betis equipación Pre Partido Fiestas de Primavera","<p>25-26 Betis equipación Pre Partido Fiestas de Primavera. Disponible en el catálogo — consigue el contacto del proveedor para pedirla.</p>"
"08-09-olympique-de-lyon-tercera-equipacion","08-09 Olympique de Lyon tercera equipación","<p>08-09 Olympique de Lyon tercera equipación. Disponible en el catálogo — consigue el contacto del proveedor para pedirla.</p>"
"14-15-lazio-primera-equipacion","14-15 Lazio primera equipación","<p>14-15 Lazio primera equipación. Disponible en el catálogo — consigue el contacto del proveedor para pedirla.</p>"
"jabulani-balon-mundial-2010","Jabulani - Balón Mundial 2010","<p>Jabulani - Balón Mundial 2010. Disponible en el catálogo — consigue el contacto del proveedor para pedirla.</p>"
"brazuca-balon-mundial-2014","Brazuca - Balón Mundial 2014","<p>Brazuca - Balón Mundial 2014. Disponible en el catálogo — consigue el contacto del proveedor para pedirla.</p>"
"10-11-holanda-cortavientos","10-11 Holanda cortavientos","<p>10-11 Holanda cortavientos. Disponible en el catálogo — consigue el contacto del proveedor para pedirla.</p>"
"2026-holanda-segunda-equipacion","2026 Holanda segunda equipación","<p>2026 Holanda segunda equipación. Disponible en el catálogo — consigue el contacto del proveedor para pedirla.</p>"
"2026-holanda-primera-equipacion","2026 Holanda primera equipación","<p>2026 Holanda primera equipación. Disponible en el catálogo — consigue el contacto del proveedor para pedirla.</p>"
"2026-suecia-segunda-equipacion","2026 Suecia segunda equipación","<p>2026 Suecia segunda equipación. Disponible en el catálogo — consigue el contacto del proveedor para pedirla.</p>"
"2026-suecia-primera-equipacion","2026 Suecia primera equipación","<p>2026 Suecia primera equipación. Disponible en el catálogo — consigue el contacto del proveedor para pedirla.</p>"
"06-07-barcelona-primera-equipacion-manga-larga","06-07 Barcelona primera equipación manga larga","<p>06-07 Barcelona primera equipación manga larga. Disponible en el catálogo — consigue el contacto del proveedor para pedirla.</p>"
"06-07-barcelona-primera-equipacion","06-07 Barcelona primera equipación","<p>06-07 Barcelona primera equipación. Disponible en el catálogo — consigue el contacto del proveedor para pedirla.</p>"
"06-07-barcelona-segunda-equipacion","06-07 Barcelona segunda equipación","<p>06-07 Barcelona segunda equipación. Disponible en el catálogo — consigue el contacto del proveedor para pedirla.</p>"
"05-06-barcelona-primera-equipacion-manga-larga","05-06 Barcelona primera equipación manga larga","<p>05-06 Barcelona primera equipación manga larga. Disponible en el catálogo — consigue el contacto del proveedor para pedirla.</p>"
"05-06-barcelona-primera-equipacion","05-06 Barcelona primera equipación","<p>05-06 Barcelona primera equipación. Disponible en el catálogo — consigue el contacto del proveedor para pedirla.</p>"
"05-06-barcelona-primera-equipacion-nino-laliga","05-06 Barcelona primera equipación niño (LaLiga)","<p>05-06 Barcelona primera equipación niño (LaLiga). Disponible en el catálogo — consigue el contacto del proveedor para pedirla.</p>"
"05-06-barcelona-primera-equipacion-champions-league","05-06 Barcelona primera equipación Champions League","<p>05-06 Barcelona primera equipación Champions League. Disponible en el catálogo — consigue el contacto del proveedor para pedirla.</p>"
"05-06-barcelona-segunda-equipacion-manga-larga","05-06 Barcelona segunda equipación manga larga","<p>05-06 Barcelona segunda equipación manga larga. Disponible en el catálogo — consigue el contacto del proveedor para pedirla.</p>"
"05-06-barcelona-segunda-equipacion","05-06 Barcelona segunda equipación","<p>05-06 Barcelona segunda equipación. Disponible en el catálogo — consigue el contacto del proveedor para pedirla.</p>"
"04-05-barcelona-primera-equipacion","04-05 Barcelona primera equipación","<p>04-05 Barcelona primera equipación. Disponible en el catálogo — consigue el contacto del proveedor para pedirla.</p>"
"04-05-barcelona-segunda-equipacion","04-05 Barcelona segunda equipación","<p>04-05 Barcelona segunda equipación. Disponible en el catálogo — consigue el contacto del proveedor para pedirla.</p>"
"03-04-barcelona-primera-equipacion","03-04 Barcelona primera equipación","<p>03-04 Barcelona primera equipación. Disponible en el catálogo — consigue el contacto del proveedor para pedirla.</p>"
"03-04-barcelona-segunda-equipacion","03-04 Barcelona segunda equipación","<p>03-04 Barcelona segunda equipación. Disponible en el catálogo — consigue el contacto del proveedor para pedirla.</p>"
"03-04-barcelona-segunda-equipacion-manga-larga","03-04 Barcelona segunda equipación manga larga","<p>03-04 Barcelona segunda equipación manga larga. Disponible en el catálogo — consigue el contacto del proveedor para pedirla.</p>"
"02-03-barcelona-segunda-equipacion","02-03 Barcelona segunda equipación","<p>02-03 Barcelona segunda equipación. Disponible en el catálogo — consigue el contacto del proveedor para pedirla.</p>"
"01-03-barcelona-segunda-equipacion","01-03 Barcelona segunda equipación","<p>01-03 Barcelona segunda equipación. Disponible en el catálogo — consigue el contacto del proveedor para pedirla.</p>"
"01-02-barcelona-primera-equipacion","01-02 Barcelona primera equipación","<p>01-02 Barcelona primera equipación. Disponible en el catálogo — consigue el contacto del proveedor para pedirla.</p>"
"00-01-barcelona-x-travis-scott-conjunto-tipo-retro-nino","00-01 Barcelona x Travis Scott conjunto tipo retro niño","<p>00-01 Barcelona x Travis Scott conjunto tipo retro niño. Disponible en el catálogo — consigue el contacto del proveedor para pedirla.</p>"
"00-01-barcelona-x-travis-scott-camiseta-tipo-retro","00-01 Barcelona x Travis Scott camiseta tipo retro","<p>00-01 Barcelona x Travis Scott camiseta tipo retro. Disponible en el catálogo — consigue el contacto del proveedor para pedirla.</p>"
"2026-inglaterra-pantalones-primera-equipacion","2026 Inglaterra pantalones primera equipación","<p>2026 Inglaterra pantalones primera equipación. Disponible en el catálogo — consigue el contacto del proveedor para pedirla.</p>"
"2026-inglaterra-segunda-equipacion","2026 Inglaterra segunda equipación","<p>2026 Inglaterra segunda equipación. Disponible en el catálogo — consigue el contacto del proveedor para pedirla.</p>"
"2026-alemania-pantalones-segunda-equipacion","2026 Alemania pantalones segunda equipación","<p>2026 Alemania pantalones segunda equipación. Disponible en el catálogo — consigue el contacto del proveedor para pedirla.</p>"
"2026-canada-primera-equipacion-nino","2026 Canadá primera equipación niño","<p>2026 Canadá primera equipación niño. Disponible en el catálogo — consigue el contacto del proveedor para pedirla.</p>"
"2026-canada-primera-equipacion","2026 Canadá primera equipación","<p>2026 Canadá primera equipación. Disponible en el catálogo — consigue el contacto del proveedor para pedirla.</p>"
"2026-estados-unidos-segunda-equipacion","2026 Estados Unidos segunda equipación","<p>2026 Estados Unidos segunda equipación. Disponible en el catálogo — consigue el contacto del proveedor para pedirla.</p>"
"2026-estados-unidos-primera-equipacion","2026 Estados Unidos primera equipación","<p>2026 Estados Unidos primera equipación. Disponible en el catálogo — consigue el contacto del proveedor para pedirla.</p>"
"2026-inglaterra-primera-equipacion-body-para-bebe","2026 Inglaterra primera equipación body para bebé","<p>2026 Inglaterra primera equipación body para bebé. Disponible en el catálogo — consigue el contacto del proveedor para pedirla.</p>"
"2026-brasil-primera-equipacion-body-para-bebe","2026 Brasil primera equipación body para bebé","<p>2026 Brasil primera equipación body para bebé. Disponible en el catálogo — consigue el contacto del proveedor para pedirla.</p>"
"2026-italia-primera-equipacion-body-para-bebe","2026 Italia primera equipación body para bebé","<p>2026 Italia primera equipación body para bebé. Disponible en el catálogo — consigue el contacto del proveedor para pedirla.</p>"
"2026-francia-primera-equipacion-body-para-bebe","2026 Francia primera equipación body para bebé","<p>2026 Francia primera equipación body para bebé. Disponible en el catálogo — consigue el contacto del proveedor para pedirla.</p>"
"2026-mexico-primera-equipacion-body-para-bebe","2026 México primera equipación body para bebé","<p>2026 México primera equipación body para bebé. Disponible en el catálogo — consigue el contacto del proveedor para pedirla.</p>"
"2026-alemania-primera-equipacion-body-para-bebe","2026 Alemania primera equipación body para bebé","<p>2026 Alemania primera equipación body para bebé. Disponible en el catálogo — consigue el contacto del proveedor para pedirla.</p>"
"2026-portugal-primera-equipacion-body-para-bebe","2026 Portugal primera equipación body para bebé","<p>2026 Portugal primera equipación body para bebé. Disponible en el catálogo — consigue el contacto del proveedor para pedirla.</p>"
"2026-estados-unidos-primera-equipacion-body-para-bebe","2026 Estados Unidos primera equipación body para bebé","<p>2026 Estados Unidos primera equipación body para bebé. Disponible en el catálogo — consigue el contacto del proveedor para pedirla.</p>"
"2026-portugal-segunda-equipacion-body-para-bebe","2026 Portugal segunda equipación body para bebé","<p>2026 Portugal segunda equipación body para bebé. Disponible en el catálogo — consigue el contacto del proveedor para pedirla.</p>"
"2026-japon-primera-equipacion-body-para-bebe","2026 Japón primera equipación body para bebé","<p>2026 Japón primera equipación body para bebé. Disponible en el catálogo — consigue el contacto del proveedor para pedirla.</p>"
"2026-espana-segunda-equipacion-mujer","🔥2026 España segunda equipación mujer","<p>🔥2026 España segunda equipación mujer. Disponible en el catálogo — consigue el contacto del proveedor para pedirla.</p>"
"2026-espana-segunda-equipacion-body-para-bebe","🔥2026 España segunda equipación body para bebé","<p>🔥2026 España segunda equipación body para bebé. Disponible en el catálogo — consigue el contacto del proveedor para pedirla.</p>"
"2026-espana-primera-equipacion-body-para-bebe","2026 España primera equipación body para bebé","<p>2026 España primera equipación body para bebé. Disponible en el catálogo — consigue el contacto del proveedor para pedirla.</p>"
"2026-brasil-segunda-equipacion-manga-larga","2026 Brasil segunda equipación manga larga","<p>2026 Brasil segunda equipación manga larga. Disponible en el catálogo — consigue el contacto del proveedor para pedirla.</p>"
"2026-mexico-tercera-equipacion","2026 México tercera equipación","<p>2026 México tercera equipación. Disponible en el catálogo — consigue el contacto del proveedor para pedirla.</p>"
"25-26-cordoba-primera-equipacion-jornada-retro","25-26 Córdoba primera equipación jornada retro","<p>25-26 Córdoba primera equipación jornada retro. Disponible en el catálogo — consigue el contacto del proveedor para pedirla.</p>"
"25-26-malaga-primera-equipacion-jornada-retro","25-26 Málaga primera equipación jornada retro","<p>25-26 Málaga primera equipación jornada retro. Disponible en el catálogo — consigue el contacto del proveedor para pedirla.</p>"
"25-26-malaga-primera-equipacion-jornada-retro-negra","25-26 Málaga primera equipación jornada retro negra","<p>25-26 Málaga primera equipación jornada retro negra. Disponible en el catálogo — consigue el contacto del proveedor para pedirla.</p>"
"25-26-arsenal-segunda-equipacion","25-26 Arsenal segunda equipación","<p>25-26 Arsenal segunda equipación. Disponible en el catálogo — consigue el contacto del proveedor para pedirla.</p>"
"2026-brasil-pantalones-segunda-equipacion","2026 Brasil pantalones segunda equipación","<p>2026 Brasil pantalones segunda equipación. Disponible en el catálogo — consigue el contacto del proveedor para pedirla.</p>"
"25-26-corinthians-cortavientos-reversible","25-26 Corinthians cortavientos reversible","<p>25-26 Corinthians cortavientos reversible. Disponible en el catálogo — consigue el contacto del proveedor para pedirla.</p>"
"25-26-flamengo-cortavientos-reversible","25-26 Flamengo cortavientos reversible","<p>25-26 Flamengo cortavientos reversible. Disponible en el catálogo — consigue el contacto del proveedor para pedirla.</p>"
"2026-espana-pantalones-segunda-equipacion","🔥2026 España pantalones segunda equipación","<p>🔥2026 España pantalones segunda equipación. Disponible en el catálogo — consigue el contacto del proveedor para pedirla.</p>"
"19-20-barcelona-tercera-equipacion","19-20 Barcelona tercera equipación","<p>19-20 Barcelona tercera equipación. Disponible en el catálogo — consigue el contacto del proveedor para pedirla.</p>"
"10-11-barcelona-primera-equipacion","10-11 Barcelona primera equipación","<p>10-11 Barcelona primera equipación. Disponible en el catálogo — consigue el contacto del proveedor para pedirla.</p>"
"24-25-barcelona-x-travis-scott-segunda-equipacion","24-25 Barcelona x Travis Scott segunda equipación","<p>24-25 Barcelona x Travis Scott segunda equipación. Disponible en el catálogo — consigue el contacto del proveedor para pedirla.</p>"
"24-25-barcelona-x-travis-scott-primera-equipacion","24-25 Barcelona x Travis Scott primera equipación","<p>24-25 Barcelona x Travis Scott primera equipación. Disponible en el catálogo — consigue el contacto del proveedor para pedirla.</p>"
"98-99-barcelona-segunda-equipacion-manga-larga","98-99 Barcelona segunda equipación manga larga","<p>98-99 Barcelona segunda equipación manga larga. Disponible en el catálogo — consigue el contacto del proveedor para pedirla.</p>"
"98-99-barcelona-tercera-equipacion","98-99 Barcelona tercera equipación","<p>98-99 Barcelona tercera equipación. Disponible en el catálogo — consigue el contacto del proveedor para pedirla.</p>"
"98-99-barcelona-segunda-equipacion","98-99 Barcelona segunda equipación","<p>98-99 Barcelona segunda equipación. Disponible en el catálogo — consigue el contacto del proveedor para pedirla.</p>"
"98-99-barcelona-primera-equipacion","98-99 Barcelona primera equipación","<p>98-99 Barcelona primera equipación. Disponible en el catálogo — consigue el contacto del proveedor para pedirla.</p>"
"99-00-barcelona-primera-equipacion-manga-larga","99-00 Barcelona primera equipación manga larga","<p>99-00 Barcelona primera equipación manga larga. Disponible en el catálogo — consigue el contacto del proveedor para pedirla.</p>"
"99-00-barcelona-primera-equipacion","99-00 Barcelona primera equipación","<p>99-00 Barcelona primera equipación. Disponible en el catálogo — consigue el contacto del proveedor para pedirla.</p>"
"barcelona-125-aniversario-nino","Barcelona 125 aniversario niño","<p>Barcelona 125 aniversario niño. Disponible en el catálogo — consigue el contacto del proveedor para pedirla.</p>"
"barcelona-125-aniversario","Barcelona 125 aniversario","<p>Barcelona 125 aniversario. Disponible en el catálogo — consigue el contacto del proveedor para pedirla.</p>"
"25-26-barcelona-equipacion-especial-azul-nino","25-26 Barcelona equipación especial azul niño","<p>25-26 Barcelona equipación especial azul niño. Disponible en el catálogo — consigue el contacto del proveedor para pedirla.</p>"
"25-26-barcelona-equipacion-especial-rosa-nino","25-26 Barcelona equipación especial rosa niño","<p>25-26 Barcelona equipación especial rosa niño. Disponible en el catálogo — consigue el contacto del proveedor para pedirla.</p>"
"25-26-barcelona-equipacion-especial-verde-rosa-azul-nino","25-26 Barcelona equipación especial verde/rosa/azul niño","<p>25-26 Barcelona equipación especial verde/rosa/azul niño. Disponible en el catálogo — consigue el contacto del proveedor para pedirla.</p>"
"25-26-barcelona-x-kobe-conjunto-de-chandal-nino","25-26 Barcelona x Kobe conjunto de chándal niño","<p>25-26 Barcelona x Kobe conjunto de chándal niño. Disponible en el catálogo — consigue el contacto del proveedor para pedirla.</p>"
"barcelona-x-travis-scott-chaqueta-cactus-jack","Barcelona x Travis Scott chaqueta cactus jack","<p>Barcelona x Travis Scott chaqueta cactus jack. Disponible en el catálogo — consigue el contacto del proveedor para pedirla.</p>"
"25-26-barcelona-equipacion-entrenamiento-t90","25-26 Barcelona equipación entrenamiento T90","<p>25-26 Barcelona equipación entrenamiento T90. Disponible en el catálogo — consigue el contacto del proveedor para pedirla.</p>"
"25-26-barcelona-equipacion-especial-azul-rosa","25-26 Barcelona equipación especial azul/rosa","<p>25-26 Barcelona equipación especial azul/rosa. Disponible en el catálogo — consigue el contacto del proveedor para pedirla.</p>"
"25-26-barcelona-equipacion-especial-rosa","25-26 Barcelona equipación especial rosa","<p>25-26 Barcelona equipación especial rosa. Disponible en el catálogo — consigue el contacto del proveedor para pedirla.</p>"
"25-26-barcelona-equipacion-especial-verde-rosa","25-26 Barcelona equipación especial verde/rosa","<p>25-26 Barcelona equipación especial verde/rosa. Disponible en el catálogo — consigue el contacto del proveedor para pedirla.</p>"
"barcelona-sudadera-sin-capucha-rojo-azul-marino","Barcelona sudadera sin capucha rojo/azul marino","<p>Barcelona sudadera sin capucha rojo/azul marino. Disponible en el catálogo — consigue el contacto del proveedor para pedirla.</p>"
"barcelona-x-patta-cortavientos-reversible","Barcelona x Patta cortavientos reversible","<p>Barcelona x Patta cortavientos reversible. Disponible en el catálogo — consigue el contacto del proveedor para pedirla.</p>"
"25-26-barcelona-cuarta-equipacion-nino","25-26 Barcelona cuarta equipación niño","<p>25-26 Barcelona cuarta equipación niño. Disponible en el catálogo — consigue el contacto del proveedor para pedirla.</p>"
"25-26-barcelona-tercera-equipacion-nino","25-26 Barcelona tercera equipación niño","<p>25-26 Barcelona tercera equipación niño. Disponible en el catálogo — consigue el contacto del proveedor para pedirla.</p>"
"25-26-barcelona-segunda-equipacion-nino","25-26 Barcelona segunda equipación niño","<p>25-26 Barcelona segunda equipación niño. Disponible en el catálogo — consigue el contacto del proveedor para pedirla.</p>"
"25-26-barcelona-primera-equipacion-nino","25-26 Barcelona primera equipación niño","<p>25-26 Barcelona primera equipación niño. Disponible en el catálogo — consigue el contacto del proveedor para pedirla.</p>"
"25-26-barcelona-primera-equipacion-manga-larga","25-26 Barcelona primera equipación manga larga","<p>25-26 Barcelona primera equipación manga larga. Disponible en el catálogo — consigue el contacto del proveedor para pedirla.</p>"
"25-26-barcelona-segunda-equipacion-manga-larga","25-26 Barcelona segunda equipación manga larga","<p>25-26 Barcelona segunda equipación manga larga. Disponible en el catálogo — consigue el contacto del proveedor para pedirla.</p>"
"25-26-barcelona-tercera-equipacion-manga-larga","25-26 Barcelona tercera equipación manga larga","<p>25-26 Barcelona tercera equipación manga larga. Disponible en el catálogo — consigue el contacto del proveedor para pedirla.</p>"
"25-26-barcelona-tercera-equipacion","25-26 Barcelona tercera equipación","<p>25-26 Barcelona tercera equipación. Disponible en el catálogo — consigue el contacto del proveedor para pedirla.</p>"
"25-26-barcelona-segunda-equipacion","25-26 Barcelona segunda equipación","<p>25-26 Barcelona segunda equipación. Disponible en el catálogo — consigue el contacto del proveedor para pedirla.</p>"
"25-26-barcelona-primera-equipacion","25-26 Barcelona primera equipación","<p>25-26 Barcelona primera equipación. Disponible en el catálogo — consigue el contacto del proveedor para pedirla.</p>"
"25-26-barcelona-cuarta-equipacion","25-26 Barcelona cuarta equipación","<p>25-26 Barcelona cuarta equipación. Disponible en el catálogo — consigue el contacto del proveedor para pedirla.</p>"
"1998-mexico-primera-equipacion","1998 México primera equipación","<p>1998 México primera equipación. Disponible en el catálogo — consigue el contacto del proveedor para pedirla.</p>"
"25-26-liverpool-segunda-equipacion-nino","25-26 Liverpool segunda equipación niño","<p>25-26 Liverpool segunda equipación niño. Disponible en el catálogo — consigue el contacto del proveedor para pedirla.</p>"
"25-26-liverpool-segunda-equipacion-nino-manga-larga","25-26 Liverpool segunda equipación niño manga larga","<p>25-26 Liverpool segunda equipación niño manga larga. Disponible en el catálogo — consigue el contacto del proveedor para pedirla.</p>"
"25-26-liverpool-primera-equipacion-nino-manga-larga","25-26 Liverpool primera equipación niño manga larga","<p>25-26 Liverpool primera equipación niño manga larga. Disponible en el catálogo — consigue el contacto del proveedor para pedirla.</p>"
"25-26-liverpool-primera-equipacion-nino","25-26 Liverpool primera equipación niño","<p>25-26 Liverpool primera equipación niño. Disponible en el catálogo — consigue el contacto del proveedor para pedirla.</p>"
"25-26-liverpool-tercera-equipacion-nino-manga-larga","25-26 Liverpool tercera equipación niño manga larga","<p>25-26 Liverpool tercera equipación niño manga larga. Disponible en el catálogo — consigue el contacto del proveedor para pedirla.</p>"
"25-26-liverpool-tercera-equipacion-nino","25-26 Liverpool tercera equipación niño","<p>25-26 Liverpool tercera equipación niño. Disponible en el catálogo — consigue el contacto del proveedor para pedirla.</p>"
"25-26-liverpool-equipacion-especial-blanco-verde","25-26 Liverpool equipación especial blanco/verde","<p>25-26 Liverpool equipación especial blanco/verde. Disponible en el catálogo — consigue el contacto del proveedor para pedirla.</p>"
"25-26-liverpool-terrace-icons-verde-turquesa","25-26 Liverpool Terrace Icons verde turquesa","<p>25-26 Liverpool Terrace Icons verde turquesa. Disponible en el catálogo — consigue el contacto del proveedor para pedirla.</p>"
"25-26-liverpool-segunda-equipacion-manga-larga","25-26 Liverpool segunda equipación manga larga","<p>25-26 Liverpool segunda equipación manga larga. Disponible en el catálogo — consigue el contacto del proveedor para pedirla.</p>"
"25-26-liverpool-tercera-equipacion-manga-larga","25-26 Liverpool tercera equipación manga larga","<p>25-26 Liverpool tercera equipación manga larga. Disponible en el catálogo — consigue el contacto del proveedor para pedirla.</p>"
"25-26-liverpool-primera-equipacion","25-26 Liverpool primera equipación","<p>25-26 Liverpool primera equipación. Disponible en el catálogo — consigue el contacto del proveedor para pedirla.</p>"
"25-26-liverpool-us-pack-rayas-blanco","25-26 Liverpool US Pack rayas blanco","<p>25-26 Liverpool US Pack rayas blanco. Disponible en el catálogo — consigue el contacto del proveedor para pedirla.</p>"
"25-26-liverpool-us-pack-blanco","25-26 Liverpool US Pack blanco","<p>25-26 Liverpool US Pack blanco. Disponible en el catálogo — consigue el contacto del proveedor para pedirla.</p>"
"25-26-liverpool-equipacion-especial-reds","25-26 Liverpool equipación especial reds","<p>25-26 Liverpool equipación especial reds. Disponible en el catálogo — consigue el contacto del proveedor para pedirla.</p>"
"25-26-liverpool-lfstlr-originals","25-26 Liverpool LFSTLR Originals","<p>25-26 Liverpool LFSTLR Originals. Disponible en el catálogo — consigue el contacto del proveedor para pedirla.</p>"
"24-25-liverpool-equipacion-especial-negra","24-25 Liverpool equipación especial negra","<p>24-25 Liverpool equipación especial negra. Disponible en el catálogo — consigue el contacto del proveedor para pedirla.</p>"
"25-26-liverpool-terrace-icons","25-26 Liverpool Terrace Icons","<p>25-26 Liverpool Terrace Icons. Disponible en el catálogo — consigue el contacto del proveedor para pedirla.</p>"
"25-26-liverpool-terrace-icons-negro","25-26 Liverpool Terrace Icons negro","<p>25-26 Liverpool Terrace Icons negro. Disponible en el catálogo — consigue el contacto del proveedor para pedirla.</p>"
"25-26-liverpool-us-pack","25-26 Liverpool US Pack","<p>25-26 Liverpool US Pack. Disponible en el catálogo — consigue el contacto del proveedor para pedirla.</p>"
"24-25-liverpool-tercera-equipacion-nino","24-25 Liverpool tercera equipación niño","<p>24-25 Liverpool tercera equipación niño. Disponible en el catálogo — consigue el contacto del proveedor para pedirla.</p>"
"24-25-liverpool-segunda-equipacion-nino","24-25 Liverpool segunda equipación niño","<p>24-25 Liverpool segunda equipación niño. Disponible en el catálogo — consigue el contacto del proveedor para pedirla.</p>"
"25-26-liverpool-equipacion-especial-roja","25-26 Liverpool equipación especial roja","<p>25-26 Liverpool equipación especial roja. Disponible en el catálogo — consigue el contacto del proveedor para pedirla.</p>"
"89-91-liverpool-x-the-beatles-primera-equipacion","89-91 Liverpool x The Beatles primera equipación","<p>89-91 Liverpool x The Beatles primera equipación. Disponible en el catálogo — consigue el contacto del proveedor para pedirla.</p>"
"89-91-liverpool-x-the-beatles-segunda-equipacion","89-91 Liverpool x The Beatles segunda equipación","<p>89-91 Liverpool x The Beatles segunda equipación. Disponible en el catálogo — consigue el contacto del proveedor para pedirla.</p>"
"96-97-liverpool-segunda-equipacion-manga-larga","96-97 Liverpool segunda equipación manga larga","<p>96-97 Liverpool segunda equipación manga larga. Disponible en el catálogo — consigue el contacto del proveedor para pedirla.</p>"
"93-95-liverpool-primera-equipacion-manga-larga","93-95 Liverpool primera equipación manga larga","<p>93-95 Liverpool primera equipación manga larga. Disponible en el catálogo — consigue el contacto del proveedor para pedirla.</p>"
"95-96-liverpool-segunda-equipacion-manga-larga","95-96 Liverpool segunda equipación manga larga","<p>95-96 Liverpool segunda equipación manga larga. Disponible en el catálogo — consigue el contacto del proveedor para pedirla.</p>"
"09-10-liverpool-segunda-equipacion-manga-larga","09-10 Liverpool segunda equipación manga larga","<p>09-10 Liverpool segunda equipación manga larga. Disponible en el catálogo — consigue el contacto del proveedor para pedirla.</p>"
"09-10-liverpool-segunda-equipacion","09-10 Liverpool segunda equipación","<p>09-10 Liverpool segunda equipación. Disponible en el catálogo — consigue el contacto del proveedor para pedirla.</p>"
"06-07-liverpool-segunda-equipacion-manga-larga","06-07 Liverpool segunda equipación manga larga","<p>06-07 Liverpool segunda equipación manga larga. Disponible en el catálogo — consigue el contacto del proveedor para pedirla.</p>"
"95-96-liverpool-primera-equipacion-manga-larga","95-96 Liverpool primera equipación manga larga","<p>95-96 Liverpool primera equipación manga larga. Disponible en el catálogo — consigue el contacto del proveedor para pedirla.</p>"
"04-05-liverpool-primera-equipacion-manga-larga","04-05 Liverpool primera equipación manga larga","<p>04-05 Liverpool primera equipación manga larga. Disponible en el catálogo — consigue el contacto del proveedor para pedirla.</p>"
"06-07-liverpool-primera-equipacion-manga-larga","06-07 Liverpool primera equipación manga larga","<p>06-07 Liverpool primera equipación manga larga. Disponible en el catálogo — consigue el contacto del proveedor para pedirla.</p>"
"96-98-liverpool-primera-equipacion","96-98 Liverpool primera equipación","<p>96-98 Liverpool primera equipación. Disponible en el catálogo — consigue el contacto del proveedor para pedirla.</p>"
"96-98-liverpool-primera-equipacion-manga-larga","96-98 Liverpool primera equipación manga larga","<p>96-98 Liverpool primera equipación manga larga. Disponible en el catálogo — consigue el contacto del proveedor para pedirla.</p>"
"98-00-liverpool-primera-equipacion","98-00 Liverpool primera equipación","<p>98-00 Liverpool primera equipación. Disponible en el catálogo — consigue el contacto del proveedor para pedirla.</p>"
"10-11-liverpool-primera-equipacion-manga-larga","10-11 Liverpool primera equipación manga larga","<p>10-11 Liverpool primera equipación manga larga. Disponible en el catálogo — consigue el contacto del proveedor para pedirla.</p>"
"86-87-liverpool-primera-equipacion-manga-larga","86-87 Liverpool primera equipación manga larga","<p>86-87 Liverpool primera equipación manga larga. Disponible en el catálogo — consigue el contacto del proveedor para pedirla.</p>"
"08-10-liverpool-primera-equipacion","08-10 Liverpool primera equipación","<p>08-10 Liverpool primera equipación. Disponible en el catálogo — consigue el contacto del proveedor para pedirla.</p>"
"64-65-liverpool-primera-equipacion","64-65 Liverpool primera equipación","<p>64-65 Liverpool primera equipación. Disponible en el catálogo — consigue el contacto del proveedor para pedirla.</p>"
"91-92-liverpool-primera-equipacion","91-92 Liverpool primera equipación","<p>91-92 Liverpool primera equipación. Disponible en el catálogo — consigue el contacto del proveedor para pedirla.</p>"
"13-14-liverpool-primera-equipacion","13-14 Liverpool primera equipación","<p>13-14 Liverpool primera equipación. Disponible en el catálogo — consigue el contacto del proveedor para pedirla.</p>"
"19-20-liverpool-primera-equipacion","19-20 Liverpool primera equipación","<p>19-20 Liverpool primera equipación. Disponible en el catálogo — consigue el contacto del proveedor para pedirla.</p>"
"85-86-liverpool-primera-equipacion","85-86 Liverpool primera equipación","<p>85-86 Liverpool primera equipación. Disponible en el catálogo — consigue el contacto del proveedor para pedirla.</p>"
"78-79-liverpool-primera-equipacion","78-79 Liverpool primera equipación","<p>78-79 Liverpool primera equipación. Disponible en el catálogo — consigue el contacto del proveedor para pedirla.</p>"
"76-77-liverpool-primera-equipacion","76-77 Liverpool primera equipación","<p>76-77 Liverpool primera equipación. Disponible en el catálogo — consigue el contacto del proveedor para pedirla.</p>"
"80-81-liverpool-primera-equipacion","80-81 Liverpool primera equipación","<p>80-81 Liverpool primera equipación. Disponible en el catálogo — consigue el contacto del proveedor para pedirla.</p>"
"86-87-liverpool-primera-equipacion","86-87 Liverpool primera equipación","<p>86-87 Liverpool primera equipación. Disponible en el catálogo — consigue el contacto del proveedor para pedirla.</p>"
"82-83-liverpool-primera-equipacion","82-83 Liverpool primera equipación","<p>82-83 Liverpool primera equipación. Disponible en el catálogo — consigue el contacto del proveedor para pedirla.</p>"
"92-93-liverpool-primera-equipacion","92-93 Liverpool primera equipación","<p>92-93 Liverpool primera equipación. Disponible en el catálogo — consigue el contacto del proveedor para pedirla.</p>"
"18-19-liverpool-primera-equipacion","18-19 Liverpool primera equipación","<p>18-19 Liverpool primera equipación. Disponible en el catálogo — consigue el contacto del proveedor para pedirla.</p>"
"14-15-liverpool-primera-equipacion","14-15 Liverpool primera equipación","<p>14-15 Liverpool primera equipación. Disponible en el catálogo — consigue el contacto del proveedor para pedirla.</p>"
"97-98-liverpool-segunda-equipacion","97-98 Liverpool segunda equipación","<p>97-98 Liverpool segunda equipación. Disponible en el catálogo — consigue el contacto del proveedor para pedirla.</p>"
"99-00-liverpool-segunda-equipacion","99-00 Liverpool segunda equipación","<p>99-00 Liverpool segunda equipación. Disponible en el catálogo — consigue el contacto del proveedor para pedirla.</p>"
"20-21-liverpool-portero-primera-equipacion","20-21 Liverpool portero primera equipación","<p>20-21 Liverpool portero primera equipación. Disponible en el catálogo — consigue el contacto del proveedor para pedirla.</p>"
"04-05-liverpool-equipacion-aniversario-istanbul-2005","04-05 Liverpool equipación aniversario istanbul 2005","<p>04-05 Liverpool equipación aniversario istanbul 2005. Disponible en el catálogo — consigue el contacto del proveedor para pedirla.</p>"
"85-86-liverpool-segunda-equipacion","85-86 Liverpool segunda equipación","<p>85-86 Liverpool segunda equipación. Disponible en el catálogo — consigue el contacto del proveedor para pedirla.</p>"
"93-95-liverpool-segunda-equipacion","93-95 Liverpool segunda equipación","<p>93-95 Liverpool segunda equipación. Disponible en el catálogo — consigue el contacto del proveedor para pedirla.</p>"
"94-96-liverpool-tercera-equipacion","94-96 Liverpool tercera equipación","<p>94-96 Liverpool tercera equipación. Disponible en el catálogo — consigue el contacto del proveedor para pedirla.</p>"
"85-86-liverpool-tercera-equipacion","85-86 Liverpool tercera equipación","<p>85-86 Liverpool tercera equipación. Disponible en el catálogo — consigue el contacto del proveedor para pedirla.</p>"
"95-96-liverpool-portero-segunda-equipacion-manga-larga","95-96 Liverpool portero segunda equipación manga larga","<p>95-96 Liverpool portero segunda equipación manga larga. Disponible en el catálogo — consigue el contacto del proveedor para pedirla.</p>"
"95-96-liverpool-portero-primera-equipacion-manga-larga","95-96 Liverpool portero primera equipación manga larga","<p>95-96 Liverpool portero primera equipación manga larga. Disponible en el catálogo — consigue el contacto del proveedor para pedirla.</p>"
"25-26-liverpool-segunda-equipacion-mujer","25-26 Liverpool segunda equipación mujer","<p>25-26 Liverpool segunda equipación mujer. Disponible en el catálogo — consigue el contacto del proveedor para pedirla.</p>"
"25-26-liverpool-conjunto-de-chandal-rojo-negro","25-26 Liverpool conjunto de chándal Rojo/negro","<p>25-26 Liverpool conjunto de chándal Rojo/negro. Disponible en el catálogo — consigue el contacto del proveedor para pedirla.</p>"
"25-26-liverpool-conjunto-de-chandal-nino-rojo-negro","25-26 Liverpool conjunto de chándal Niño Rojo/negro","<p>25-26 Liverpool conjunto de chándal Niño Rojo/negro. Disponible en el catálogo — consigue el contacto del proveedor para pedirla.</p>"
"25-26-liverpool-conjunto-de-chandal-nino-blanco-negro-rojo","25-26 Liverpool conjunto de chándal niño Blanco/negro/rojo","<p>25-26 Liverpool conjunto de chándal niño Blanco/negro/rojo. Disponible en el catálogo — consigue el contacto del proveedor para pedirla.</p>"
"25-26-liverpool-conjunto-de-chandal-blanco-negro-rojo","25-26 Liverpool conjunto de chándal Blanco/negro/rojo","<p>25-26 Liverpool conjunto de chándal Blanco/negro/rojo. Disponible en el catálogo — consigue el contacto del proveedor para pedirla.</p>"
"25-26-liverpool-conjunto-de-chandal-rojo-negro-blanco","25-26 Liverpool conjunto de chándal Rojo/negro/blanco","<p>25-26 Liverpool conjunto de chándal Rojo/negro/blanco. Disponible en el catálogo — consigue el contacto del proveedor para pedirla.</p>"
"25-26-liverpool-conjunto-de-chandal-nino-rojo-negro-blanco","25-26 Liverpool conjunto de chándal niño Rojo/negro/blanco","<p>25-26 Liverpool conjunto de chándal niño Rojo/negro/blanco. Disponible en el catálogo — consigue el contacto del proveedor para pedirla.</p>"
"25-26-liverpool-conjunto-de-chandal-nino-negro-rojo","25-26 Liverpool conjunto de chándal niño negro/rojo","<p>25-26 Liverpool conjunto de chándal niño negro/rojo. Disponible en el catálogo — consigue el contacto del proveedor para pedirla.</p>"
"25-26-liverpool-conjunto-de-chandal-negro-rojo","25-26 Liverpool conjunto de chándal negro/rojo","<p>25-26 Liverpool conjunto de chándal negro/rojo. Disponible en el catálogo — consigue el contacto del proveedor para pedirla.</p>"
"25-26-liverpool-primera-equipacion-mujer","25-26 Liverpool primera equipación mujer","<p>25-26 Liverpool primera equipación mujer. Disponible en el catálogo — consigue el contacto del proveedor para pedirla.</p>"
"25-26-liverpool-tercera-equipacion-mujer","25-26 Liverpool tercera equipación mujer","<p>25-26 Liverpool tercera equipación mujer. Disponible en el catálogo — consigue el contacto del proveedor para pedirla.</p>"
"06-07-liverpool-segunda-equipacion","06-07 Liverpool segunda equipación","<p>06-07 Liverpool segunda equipación. Disponible en el catálogo — consigue el contacto del proveedor para pedirla.</p>"
"05-06-liverpool-primera-equipacion","05-06 Liverpool primera equipación","<p>05-06 Liverpool primera equipación. Disponible en el catálogo — consigue el contacto del proveedor para pedirla.</p>"
"93-95-liverpool-primera-equipacion","93-95 Liverpool primera equipación","<p>93-95 Liverpool primera equipación. Disponible en el catálogo — consigue el contacto del proveedor para pedirla.</p>"
"10-11-liverpool-primera-equipacion","10-11 Liverpool primera equipación","<p>10-11 Liverpool primera equipación. Disponible en el catálogo — consigue el contacto del proveedor para pedirla.</p>"
"10-11-liverpool-tercera-equipacion","10-11 Liverpool tercera equipación","<p>10-11 Liverpool tercera equipación. Disponible en el catálogo — consigue el contacto del proveedor para pedirla.</p>"
"06-07-liverpool-primera-equipacion","06-07 Liverpool primera equipación","<p>06-07 Liverpool primera equipación. Disponible en el catálogo — consigue el contacto del proveedor para pedirla.</p>"
"04-05-liverpool-primera-equipacion","04-05 Liverpool primera equipación","<p>04-05 Liverpool primera equipación. Disponible en el catálogo — consigue el contacto del proveedor para pedirla.</p>"
"04-05-liverpool-segunda-equipacion","04-05 Liverpool segunda equipación","<p>04-05 Liverpool segunda equipación. Disponible en el catálogo — consigue el contacto del proveedor para pedirla.</p>"
"00-01-liverpool-segunda-equipacion","00-01 Liverpool segunda equipación","<p>00-01 Liverpool segunda equipación. Disponible en el catálogo — consigue el contacto del proveedor para pedirla.</p>"
"01-02-liverpool-segunda-equipacion","01-02 Liverpool segunda equipación","<p>01-02 Liverpool segunda equipación. Disponible en el catálogo — consigue el contacto del proveedor para pedirla.</p>"
"00-02-liverpool-primera-equipacion","00-02 Liverpool primera equipación","<p>00-02 Liverpool primera equipación. Disponible en el catálogo — consigue el contacto del proveedor para pedirla.</p>"
"99-00-liverpool-primera-equipacion","99-00 Liverpool primera equipación","<p>99-00 Liverpool primera equipación. Disponible en el catálogo — consigue el contacto del proveedor para pedirla.</p>"
"96-97-liverpool-tercera-equipacion","96-97 Liverpool tercera equipación","<p>96-97 Liverpool tercera equipación. Disponible en el catálogo — consigue el contacto del proveedor para pedirla.</p>"
"96-97-liverpool-segunda-equipacion","96-97 Liverpool segunda equipación","<p>96-97 Liverpool segunda equipación. Disponible en el catálogo — consigue el contacto del proveedor para pedirla.</p>"
"95-96-liverpool-segunda-equipacion","95-96 Liverpool segunda equipación","<p>95-96 Liverpool segunda equipación. Disponible en el catálogo — consigue el contacto del proveedor para pedirla.</p>"
"95-96-liverpool-primera-equipacion","95-96 Liverpool primera equipación","<p>95-96 Liverpool primera equipación. Disponible en el catálogo — consigue el contacto del proveedor para pedirla.</p>"
"91-92-liverpool-segunda-equipacion","91-92 Liverpool segunda equipación","<p>91-92 Liverpool segunda equipación. Disponible en el catálogo — consigue el contacto del proveedor para pedirla.</p>"
"89-91-liverpool-primera-equipacion","89-91 Liverpool primera equipación","<p>89-91 Liverpool primera equipación. Disponible en el catálogo — consigue el contacto del proveedor para pedirla.</p>"
"89-91-liverpool-segunda-equipacion","89-91 Liverpool segunda equipación","<p>89-91 Liverpool segunda equipación. Disponible en el catálogo — consigue el contacto del proveedor para pedirla.</p>"
"25-26-liverpool-primera-equipacion-manga-larga","25-26 Liverpool primera equipación manga larga","<p>25-26 Liverpool primera equipación manga larga. Disponible en el catálogo — consigue el contacto del proveedor para pedirla.</p>"
"25-26-liverpool-tercera-equipacion","25-26 Liverpool tercera equipación","<p>25-26 Liverpool tercera equipación. Disponible en el catálogo — consigue el contacto del proveedor para pedirla.</p>"
"25-26-liverpool-segunda-equipacion","25-26 Liverpool segunda equipacion","<p>25-26 Liverpool segunda equipacion. Disponible en el catálogo — consigue el contacto del proveedor para pedirla.</p>"
"trionda-pro-balon-mundial-2026","Trionda PRO - Balón Mundial 2026","<p>Trionda PRO - Balón Mundial 2026. Disponible en el catálogo — consigue el contacto del proveedor para pedirla.</p>"
"2024-colombia-segunda-equipacion","2024 Colombia segunda equipación","<p>2024 Colombia segunda equipación. Disponible en el catálogo — consigue el contacto del proveedor para pedirla.</p>"
"25-26-barca-equipacion-especial-negra","25-26 Barça equipación especial negra","<p>25-26 Barça equipación especial negra. Disponible en el catálogo — consigue el contacto del proveedor para pedirla.</p>"
"2026-espana-conjunto-de-cortavientos-con-capucha-azul-cielo","2026 España conjunto de cortavientos con capucha azul cielo","<p>2026 España conjunto de cortavientos con capucha azul cielo. Disponible en el catálogo — consigue el contacto del proveedor para pedirla.</p>"
"2026-espana-conjunto-de-cortavientos","2026 España conjunto de cortavientos","<p>2026 España conjunto de cortavientos. Disponible en el catálogo — consigue el contacto del proveedor para pedirla.</p>"
"2026-espana-conjunto-de-entrenamiento-sin-mangas","2026 España conjunto de entrenamiento sin mangas","<p>2026 España conjunto de entrenamiento sin mangas. Disponible en el catálogo — consigue el contacto del proveedor para pedirla.</p>"
"08-09-villarreal-primera-equipacion-manga-larga","08-09 Villarreal primera equipación manga larga","<p>08-09 Villarreal primera equipación manga larga. Disponible en el catálogo — consigue el contacto del proveedor para pedirla.</p>"
"08-09-villarreal-primera-equipacion","08-09 Villarreal primera equipación","<p>08-09 Villarreal primera equipación. Disponible en el catálogo — consigue el contacto del proveedor para pedirla.</p>"
"25-26-psg-quinta-equipacion-nino","25-26 PSG quinta equipación niño","<p>25-26 PSG quinta equipación niño. Disponible en el catálogo — consigue el contacto del proveedor para pedirla.</p>"
"stranger-things-x-hellfire-club","Stranger Things x Hellfire Club","<p>Stranger Things x Hellfire Club. Disponible en el catálogo — consigue el contacto del proveedor para pedirla.</p>"
"2026-jamaica-segunda-equipacion-nino","2026 Jamaica segunda equipación niño","<p>2026 Jamaica segunda equipación niño. Disponible en el catálogo — consigue el contacto del proveedor para pedirla.</p>"
"2026-jamaica-primera-equipacion-nino","2026 Jamaica primera equipación niño","<p>2026 Jamaica primera equipación niño. Disponible en el catálogo — consigue el contacto del proveedor para pedirla.</p>"
"2026-jamaica-segunda-equipacion","2026 Jamaica segunda equipación","<p>2026 Jamaica segunda equipación. Disponible en el catálogo — consigue el contacto del proveedor para pedirla.</p>"
"2026-jamaica-primera-equipacion","2026 Jamaica primera equipación","<p>2026 Jamaica primera equipación. Disponible en el catálogo — consigue el contacto del proveedor para pedirla.</p>"
"2026-espana-conjunto-de-cortavientos-rojo","2026 España conjunto de cortavientos rojo","<p>2026 España conjunto de cortavientos rojo. Disponible en el catálogo — consigue el contacto del proveedor para pedirla.</p>"
"2026-sudafrica-segunda-equipacion","2026 Sudáfrica segunda equipación","<p>2026 Sudáfrica segunda equipación. Disponible en el catálogo — consigue el contacto del proveedor para pedirla.</p>"
"2026-sudafrica-primera-equipacion","2026 Sudáfrica primera equipación","<p>2026 Sudáfrica primera equipación. Disponible en el catálogo — consigue el contacto del proveedor para pedirla.</p>"
"2026-marruecos-segunda-equipacion","2026 Marruecos segunda equipación","<p>2026 Marruecos segunda equipación. Disponible en el catálogo — consigue el contacto del proveedor para pedirla.</p>"
"25-26-juventus-conjunto-de-chandal-blanco-con-capucha","25-26 Juventus conjunto de chándal blanco con capucha","<p>25-26 Juventus conjunto de chándal blanco con capucha. Disponible en el catálogo — consigue el contacto del proveedor para pedirla.</p>"
"25-26-juventus-conjunto-de-chandal-blanco-nino","25-26 Juventus conjunto de chándal blanco niño","<p>25-26 Juventus conjunto de chándal blanco niño. Disponible en el catálogo — consigue el contacto del proveedor para pedirla.</p>"
"25-26-barcelona-x-kobe-conjunto-de-chandal","25-26 barcelona x Kobe conjunto de chándal","<p>25-26 barcelona x Kobe conjunto de chándal. Disponible en el catálogo — consigue el contacto del proveedor para pedirla.</p>"
"14-15-bayern-de-munich-sudadera-con-capucha-gris-rojo","14-15 Bayern de Munich sudadera con capucha gris/rojo","<p>14-15 Bayern de Munich sudadera con capucha gris/rojo. Disponible en el catálogo — consigue el contacto del proveedor para pedirla.</p>"
"italia-sudadera-sin-capucha-azul-marino","Italia sudadera sin capucha azul marino","<p>Italia sudadera sin capucha azul marino. Disponible en el catálogo — consigue el contacto del proveedor para pedirla.</p>"
"psg-sudadera-sin-capucha-azul-oscuro-rojo","PSG sudadera sin capucha azul oscuro/rojo","<p>PSG sudadera sin capucha azul oscuro/rojo. Disponible en el catálogo — consigue el contacto del proveedor para pedirla.</p>"
"ac-milan-sudadera-sin-capucha-rojo-negro-blanco","AC Milán sudadera sin capucha rojo/negro/blanco","<p>AC Milán sudadera sin capucha rojo/negro/blanco. Disponible en el catálogo — consigue el contacto del proveedor para pedirla.</p>"
"ac-milan-sudadera-sin-capucha-rojo-negro","AC Milán sudadera sin capucha rojo/negro","<p>AC Milán sudadera sin capucha rojo/negro. Disponible en el catálogo — consigue el contacto del proveedor para pedirla.</p>"
"argentina-sudadera-sin-capucha-azul-azul-marino-azul-cielo","Argentina sudadera sin capucha azul azul marino/azul cielo","<p>Argentina sudadera sin capucha azul azul marino/azul cielo. Disponible en el catálogo — consigue el contacto del proveedor para pedirla.</p>"
"argentina-sudadera-sin-capucha-azul-cielo-blanco","Argentina sudadera sin capucha azul cielo/blanco","<p>Argentina sudadera sin capucha azul cielo/blanco. Disponible en el catálogo — consigue el contacto del proveedor para pedirla.</p>"
"arsenal-sudadera-sin-capucha-rojo-blanco","Arsenal sudadera sin capucha rojo/blanco","<p>Arsenal sudadera sin capucha rojo/blanco. Disponible en el catálogo — consigue el contacto del proveedor para pedirla.</p>"
"bayern-de-munich-sudadera-sin-capucha-blanco-rojo","Bayern de Munich sudadera sin capucha blanco/rojo","<p>Bayern de Munich sudadera sin capucha blanco/rojo. Disponible en el catálogo — consigue el contacto del proveedor para pedirla.</p>"
"manchester-city-sudadera-sin-capucha-azul-cielo-blanco","Manchester City sudadera sin capucha azul cielo/blanco","<p>Manchester City sudadera sin capucha azul cielo/blanco. Disponible en el catálogo — consigue el contacto del proveedor para pedirla.</p>"
"bayern-de-munich-sudadera-sin-capucha-rojo-azul-marino","Bayern de Munich sudadera sin capucha rojo/azul marino","<p>Bayern de Munich sudadera sin capucha rojo/azul marino. Disponible en el catálogo — consigue el contacto del proveedor para pedirla.</p>"
"brasil-sudadera-sin-capucha-verde-amarillo","Brasil sudadera sin capucha verde/amarillo","<p>Brasil sudadera sin capucha verde/amarillo. Disponible en el catálogo — consigue el contacto del proveedor para pedirla.</p>"
"25-26-atletico-de-madrid-primera-equipacion-portero","25-26 Atlético de Madrid primera equipación portero","<p>25-26 Atlético de Madrid primera equipación portero. Disponible en el catálogo — consigue el contacto del proveedor para pedirla.</p>"
"25-26-athletic-de-bilbao-segunda-equipacion-portero","25-26 Athletic de Bilbao segunda equipación portero","<p>25-26 Athletic de Bilbao segunda equipación portero. Disponible en el catálogo — consigue el contacto del proveedor para pedirla.</p>"
"2026-francia-segunda-equipacion","2026 Francia segunda equipación","<p>2026 Francia segunda equipación. Disponible en el catálogo — consigue el contacto del proveedor para pedirla.</p>"
"1999-japon-primera-equipacion","1999 Japón primera equipación","<p>1999 Japón primera equipación. Disponible en el catálogo — consigue el contacto del proveedor para pedirla.</p>"
"2026-argentina-segunda-equipacion","2026 Argentina segunda equipación","<p>2026 Argentina segunda equipación. Disponible en el catálogo — consigue el contacto del proveedor para pedirla.</p>"
"2026-venezuela-segunda-equipacion","2026 Venezuela segunda equipación","<p>2026 Venezuela segunda equipación. Disponible en el catálogo — consigue el contacto del proveedor para pedirla.</p>"
"2026-noruega-primera-equipacion","2026 Noruega primera equipación","<p>2026 Noruega primera equipación. Disponible en el catálogo — consigue el contacto del proveedor para pedirla.</p>"
"93-94-sevilla-cortavientos-retro","93-94 Sevilla cortavientos retro","<p>93-94 Sevilla cortavientos retro. Disponible en el catálogo — consigue el contacto del proveedor para pedirla.</p>"
"25-26-ajax-tercera-equipacion","25-26 Ajax tercera equipación","<p>25-26 Ajax tercera equipación. Disponible en el catálogo — consigue el contacto del proveedor para pedirla.</p>"
"25-26-ajax-segunda-equipacion-nino","25-26 Ajax segunda equipación niño","<p>25-26 Ajax segunda equipación niño. Disponible en el catálogo — consigue el contacto del proveedor para pedirla.</p>"
"25-26-ajax-primera-equipacion-nino","25-26 Ajax primera equipación niño","<p>25-26 Ajax primera equipación niño. Disponible en el catálogo — consigue el contacto del proveedor para pedirla.</p>"
"25-26-ajax-primer-conjunto-de-entrenamiento-sin-mangas","25-26 Ajax primer conjunto de entrenamiento sin mangas","<p>25-26 Ajax primer conjunto de entrenamiento sin mangas. Disponible en el catálogo — consigue el contacto del proveedor para pedirla.</p>"
"25-26-ajax-cortavientos","25-26 Ajax cortavientos","<p>25-26 Ajax cortavientos. Disponible en el catálogo — consigue el contacto del proveedor para pedirla.</p>"
"25-26-fiorentina-equipacion-especial","25-26 Fiorentina equipación especial","<p>25-26 Fiorentina equipación especial. Disponible en el catálogo — consigue el contacto del proveedor para pedirla.</p>"
"80-81-fiorentina-primera-equipacion","80-81 Fiorentina primera equipación","<p>80-81 Fiorentina primera equipación. Disponible en el catálogo — consigue el contacto del proveedor para pedirla.</p>"
"97-98-fiorentina-segunda-equipacion","97-98 Fiorentina segunda equipación","<p>97-98 Fiorentina segunda equipación. Disponible en el catálogo — consigue el contacto del proveedor para pedirla.</p>"
"92-93-fiorentina-primera-equipacion-manga-larga","92-93 Fiorentina primera equipación manga larga","<p>92-93 Fiorentina primera equipación manga larga. Disponible en el catálogo — consigue el contacto del proveedor para pedirla.</p>"
"92-93-fiorentina-segunda-equipacion-manga-larga","92-93 Fiorentina segunda equipación manga larga","<p>92-93 Fiorentina segunda equipación manga larga. Disponible en el catálogo — consigue el contacto del proveedor para pedirla.</p>"
"99-00-fiorentina-segunda-equipacion","99-00 Fiorentina segunda equipación","<p>99-00 Fiorentina segunda equipación. Disponible en el catálogo — consigue el contacto del proveedor para pedirla.</p>"
"83-85-fiorentina-segunda-equipacion","83-85 Fiorentina segunda equipación","<p>83-85 Fiorentina segunda equipación. Disponible en el catálogo — consigue el contacto del proveedor para pedirla.</p>"
"83-85-fiorentina-primera-equipacion","83-85 Fiorentina primera equipación","<p>83-85 Fiorentina primera equipación. Disponible en el catálogo — consigue el contacto del proveedor para pedirla.</p>"
"98-99-fiorentina-primera-equipacion-nino","98-99 Fiorentina primera equipación niño","<p>98-99 Fiorentina primera equipación niño. Disponible en el catálogo — consigue el contacto del proveedor para pedirla.</p>"
"95-96-fiorentina-tercera-equipacion","95-96 Fiorentina tercera equipación","<p>95-96 Fiorentina tercera equipación. Disponible en el catálogo — consigue el contacto del proveedor para pedirla.</p>"
"98-99-fiorentina-primera-equipacion-manga-larga","98-99 Fiorentina primera equipación manga larga","<p>98-99 Fiorentina primera equipación manga larga. Disponible en el catálogo — consigue el contacto del proveedor para pedirla.</p>"
"97-98-fiorentina-primera-equipacion","97-98 Fiorentina primera equipación","<p>97-98 Fiorentina primera equipación. Disponible en el catálogo — consigue el contacto del proveedor para pedirla.</p>"
"95-96-fiorentina-segunda-equipacion","95-96 Fiorentina segunda equipación","<p>95-96 Fiorentina segunda equipación. Disponible en el catálogo — consigue el contacto del proveedor para pedirla.</p>"
"95-96-fiorentina-primera-equipacion","95-96 Fiorentina primera equipación","<p>95-96 Fiorentina primera equipación. Disponible en el catálogo — consigue el contacto del proveedor para pedirla.</p>"
"89-90-fiorentina-primera-equipacion","89-90 Fiorentina primera equipación","<p>89-90 Fiorentina primera equipación. Disponible en el catálogo — consigue el contacto del proveedor para pedirla.</p>"
"99-00-fiorentina-primera-equipacion","99-00 Fiorentina primera equipación","<p>99-00 Fiorentina primera equipación. Disponible en el catálogo — consigue el contacto del proveedor para pedirla.</p>"
"98-99-fiorentina-segunda-equipacion","98-99 Fiorentina segunda equipación","<p>98-99 Fiorentina segunda equipación. Disponible en el catálogo — consigue el contacto del proveedor para pedirla.</p>"
"2026-peru-segunda-equipacion","2026 Perú segunda equipación","<p>2026 Perú segunda equipación. Disponible en el catálogo — consigue el contacto del proveedor para pedirla.</p>"
"2026-peru-primera-equipacion-nino","2026 Perú primera equipación niño","<p>2026 Perú primera equipación niño. Disponible en el catálogo — consigue el contacto del proveedor para pedirla.</p>"
"2026-peru-primera-equipacion","2026 Perú primera equipación","<p>2026 Perú primera equipación. Disponible en el catálogo — consigue el contacto del proveedor para pedirla.</p>"
"25-26-real-madrid-equipacion-especial-dragon-rosa-nino","25-26 Real Madrid equipación especial Dragon Rosa niño","<p>25-26 Real Madrid equipación especial Dragon Rosa niño. Disponible en el catálogo — consigue el contacto del proveedor para pedirla.</p>"
"2026-brasil-primera-equipacion","2026 Brasil primera equipación","<p>2026 Brasil primera equipación. Disponible en el catálogo — consigue el contacto del proveedor para pedirla.</p>"
"2026-espana-segunda-equipacion-entrenamiento","2026 España segunda equipación entrenamiento","<p>2026 España segunda equipación entrenamiento. Disponible en el catálogo — consigue el contacto del proveedor para pedirla.</p>"
"2026-espana-equipacion-entrenamiento-sin-mangas","2026 España equipación entrenamiento sin mangas","<p>2026 España equipación entrenamiento sin mangas. Disponible en el catálogo — consigue el contacto del proveedor para pedirla.</p>"
"2026-espana-equipacion-entrenamiento","2026 España equipación entrenamiento","<p>2026 España equipación entrenamiento. Disponible en el catálogo — consigue el contacto del proveedor para pedirla.</p>"
"2026-espana-segunda-equipacion-nino","🔥2026 España segunda equipación niño","<p>🔥2026 España segunda equipación niño. Disponible en el catálogo — consigue el contacto del proveedor para pedirla.</p>"
"2026-espana-conjunto-de-cortavientos-blanco","2026 España conjunto de cortavientos blanco","<p>2026 España conjunto de cortavientos blanco. Disponible en el catálogo — consigue el contacto del proveedor para pedirla.</p>"
"2026-colombia-body-para-bebe","2026 Colombia body para bebé","<p>2026 Colombia body para bebé. Disponible en el catálogo — consigue el contacto del proveedor para pedirla.</p>"
"25-26-juventus-cuarta-equipacion-manga-larga-sponsor-incluido","25-26 Juventus cuarta equipación manga larga (Sponsor incluido)","<p>25-26 Juventus cuarta equipación manga larga (Sponsor incluido). Disponible en el catálogo — consigue el contacto del proveedor para pedirla.</p>"
"25-26-juventus-cuarta-equipacion-sponsor-incluido","25-26 Juventus cuarta equipación (Sponsor incluido)","<p>25-26 Juventus cuarta equipación (Sponsor incluido). Disponible en el catálogo — consigue el contacto del proveedor para pedirla.</p>"
"95-97-juventus-primera-equipacion-manga-larga","95-97 Juventus primera equipación manga larga","<p>95-97 Juventus primera equipación manga larga. Disponible en el catálogo — consigue el contacto del proveedor para pedirla.</p>"
"95-97-juventus-primera-equipacion","95-97 Juventus primera equipación","<p>95-97 Juventus primera equipación. Disponible en el catálogo — consigue el contacto del proveedor para pedirla.</p>"
"2026-brasil-segunda-equipacion-mujer","2026 Brasil segunda equipación mujer","<p>2026 Brasil segunda equipación mujer. Disponible en el catálogo — consigue el contacto del proveedor para pedirla.</p>"
"2026-brasil-segunda-equipacion-nino","2026 Brasil segunda equipación niño","<p>2026 Brasil segunda equipación niño. Disponible en el catálogo — consigue el contacto del proveedor para pedirla.</p>"
"2026-brasil-segunda-equipacion","2026 Brasil segunda equipación","<p>2026 Brasil segunda equipación. Disponible en el catálogo — consigue el contacto del proveedor para pedirla.</p>"
"2026-senegal-segunda-equipacion","2026 Senegal segunda equipación","<p>2026 Senegal segunda equipación. Disponible en el catálogo — consigue el contacto del proveedor para pedirla.</p>"
"25-26-inter-de-milan-cortavientos","25-26 Inter de Milán cortavientos","<p>25-26 Inter de Milán cortavientos. Disponible en el catálogo — consigue el contacto del proveedor para pedirla.</p>"
"inter-de-milan-sudadera-sin-capucha-azul-negro","Inter de Milán sudadera sin capucha azul/negro","<p>Inter de Milán sudadera sin capucha azul/negro. Disponible en el catálogo — consigue el contacto del proveedor para pedirla.</p>"
"inter-de-milan-sudadera-sin-capucha-estilo-vintage","Inter de Milán sudadera sin capucha estilo vintage","<p>Inter de Milán sudadera sin capucha estilo vintage. Disponible en el catálogo — consigue el contacto del proveedor para pedirla.</p>"
"1998-marruecos-primera-equipacion","1998 Marruecos primera equipación","<p>1998 Marruecos primera equipación. Disponible en el catálogo — consigue el contacto del proveedor para pedirla.</p>"
"1998-marruecos-tercera-equipacion","1998 Marruecos tercera equipación","<p>1998 Marruecos tercera equipación. Disponible en el catálogo — consigue el contacto del proveedor para pedirla.</p>"
"1998-marruecos-primera-equipacion-manga-larga","1998 Marruecos primera equipación manga larga","<p>1998 Marruecos primera equipación manga larga. Disponible en el catálogo — consigue el contacto del proveedor para pedirla.</p>"
"1998-marruecos-tercera-equipacion-manga-larga","1998 Marruecos tercera equipación manga larga","<p>1998 Marruecos tercera equipación manga larga. Disponible en el catálogo — consigue el contacto del proveedor para pedirla.</p>"
"1994-marruecos-segunda-equipacion","1994 Marruecos segunda equipación","<p>1994 Marruecos segunda equipación. Disponible en el catálogo — consigue el contacto del proveedor para pedirla.</p>"
"1994-marruecos-primera-equipacion","1994 Marruecos primera equipación","<p>1994 Marruecos primera equipación. Disponible en el catálogo — consigue el contacto del proveedor para pedirla.</p>"
"2026-marruecos-primera-equipacion","2026 Marruecos primera equipación","<p>2026 Marruecos primera equipación. Disponible en el catálogo — consigue el contacto del proveedor para pedirla.</p>"
"25-26-real-madrid-cortavientos-reversible","25-26 Real Madrid cortavientos reversible","<p>25-26 Real Madrid cortavientos reversible. Disponible en el catálogo — consigue el contacto del proveedor para pedirla.</p>"
"25-26-manchester-united-cortavientos-reversible","25-26 Manchester United cortavientos reversible","<p>25-26 Manchester United cortavientos reversible. Disponible en el catálogo — consigue el contacto del proveedor para pedirla.</p>"
"25-26-sevilla-cortavientos-reversible","25-26 Sevilla cortavientos reversible","<p>25-26 Sevilla cortavientos reversible. Disponible en el catálogo — consigue el contacto del proveedor para pedirla.</p>"
"85-86-fiorentina-chandal-superior","85-86 Fiorentina chándal superior","<p>85-86 Fiorentina chándal superior. Disponible en el catálogo — consigue el contacto del proveedor para pedirla.</p>"
"89-90-napoli-chandal-superior","89-90 Napoli chándal superior","<p>89-90 Napoli chándal superior. Disponible en el catálogo — consigue el contacto del proveedor para pedirla.</p>"
"2026-japon-primera-equipacion-mujer-version-top-deportivo","2026 Japón primera equipación mujer versión TOP deportivo","<p>2026 Japón primera equipación mujer versión TOP deportivo. Disponible en el catálogo — consigue el contacto del proveedor para pedirla.</p>"
"2026-alemania-primera-equipacion-mujer-version-top-deportivo","2026 Alemania primera equipación mujer versión TOP deportivo","<p>2026 Alemania primera equipación mujer versión TOP deportivo. Disponible en el catálogo — consigue el contacto del proveedor para pedirla.</p>"
"2026-italia-primera-equipacion-mujer-version-top-deportivo","2026 Italia primera equipación mujer versión TOP deportivo","<p>2026 Italia primera equipación mujer versión TOP deportivo. Disponible en el catálogo — consigue el contacto del proveedor para pedirla.</p>"
"2026-mexico-primera-equipacion-mujer-version-top-deportivo","2026 México primera equipación mujer versión TOP deportivo","<p>2026 México primera equipación mujer versión TOP deportivo. Disponible en el catálogo — consigue el contacto del proveedor para pedirla.</p>"
"2026-portugal-primera-equipacion-mujer-version-top-deportivo","2026 Portugal primera equipación mujer versión TOP deportivo","<p>2026 Portugal primera equipación mujer versión TOP deportivo. Disponible en el catálogo — consigue el contacto del proveedor para pedirla.</p>"
"2026-espana-primera-equipacion-mujer-version-top-deportivo","2026 España primera equipación mujer versión TOP deportivo","<p>2026 España primera equipación mujer versión TOP deportivo. Disponible en el catálogo — consigue el contacto del proveedor para pedirla.</p>"
"2026-espana-cortavientos-reversible","2026 España cortavientos reversible","<p>2026 España cortavientos reversible. Disponible en el catálogo — consigue el contacto del proveedor para pedirla.</p>"
"2026-argentina-cortavientos-azul-marino-celeste","2026 Argentina cortavientos azul marino/celeste","<p>2026 Argentina cortavientos azul marino/celeste. Disponible en el catálogo — consigue el contacto del proveedor para pedirla.</p>"
"2026-marruecos-cortavientos-reversible","2026 Marruecos cortavientos reversible","<p>2026 Marruecos cortavientos reversible. Disponible en el catálogo — consigue el contacto del proveedor para pedirla.</p>"
"22-23-venezia-seg8unda-equipacion","22-23 Venezia seg8unda equipación","<p>22-23 Venezia seg8unda equipación. Disponible en el catálogo — consigue el contacto del proveedor para pedirla.</p>"
"22-23-venezia-primera-equipacion","22-23 Venezia primera equipación","<p>22-23 Venezia primera equipación. Disponible en el catálogo — consigue el contacto del proveedor para pedirla.</p>"
"25-26-venezia-segunda-equipacion-manga-larga-sponsors-incluidos","25-26 Venezia segunda equipación manga larga (Sponsors incluídos)","<p>25-26 Venezia segunda equipación manga larga (Sponsors incluídos). Disponible en el catálogo — consigue el contacto del proveedor para pedirla.</p>"
"25-26-venezia-cuarta-equipacion","25-26 Venezia cuarta equipación","<p>25-26 Venezia cuarta equipación. Disponible en el catálogo — consigue el contacto del proveedor para pedirla.</p>"
"25-26-venezia-tercera-equipacion-sponsors-incluidos","25-26 Venezia tercera equipación (Sponsors incluídos)","<p>25-26 Venezia tercera equipación (Sponsors incluídos). Disponible en el catálogo — consigue el contacto del proveedor para pedirla.</p>"
"25-26-venezia-segunda-equipacion-sponsors-incluidos","25-26 Venezia segunda equipación (Sponsors incluídos)","<p>25-26 Venezia segunda equipación (Sponsors incluídos). Disponible en el catálogo — consigue el contacto del proveedor para pedirla.</p>"
"25-26-venezia-primera-equipacion-sponsors-incluidos","25-26 Venezia primera equipación (Sponsors incluídos)","<p>25-26 Venezia primera equipación (Sponsors incluídos). Disponible en el catálogo — consigue el contacto del proveedor para pedirla.</p>"
"25-26-deportivo-la-coruna-chandal-superior","25-26 Deportivo La Coruña chándal superior","<p>25-26 Deportivo La Coruña chándal superior. Disponible en el catálogo — consigue el contacto del proveedor para pedirla.</p>"
"celta-de-vigo-oliveira-dos-cen-anos-negra","""Celta de Vigo """"Oliveira dos cen anos"""" negra""","<p>""Celta de Vigo """"Oliveira dos cen anos"""" negra"". Disponible en el catálogo — consigue el contacto del proveedor para pedirla.</p>"
"25-26-psg-quinta-equipacion","25-26 PSG quinta equipación","<p>25-26 PSG quinta equipación. Disponible en el catálogo — consigue el contacto del proveedor para pedirla.</p>"
"2026-arabia-saudi-pantalones-primera-equipacion","2026 Arabia Saudí pantalones primera equipación","<p>2026 Arabia Saudí pantalones primera equipación. Disponible en el catálogo — consigue el contacto del proveedor para pedirla.</p>"
"99-00-manchester-united-pantalones-segunda-equipacion","99-00 Manchester United pantalones segunda equipación","<p>99-00 Manchester United pantalones segunda equipación. Disponible en el catálogo — consigue el contacto del proveedor para pedirla.</p>"
"25-26-manchester-united-pantalones-tercera-equipacion","25-26 Manchester United pantalones tercera equipación","<p>25-26 Manchester United pantalones tercera equipación. Disponible en el catálogo — consigue el contacto del proveedor para pedirla.</p>"
"11-12-chelsea-pantalones-primera-equipacion","11-12 Chelsea pantalones primera equipación","<p>11-12 Chelsea pantalones primera equipación. Disponible en el catálogo — consigue el contacto del proveedor para pedirla.</p>"
"2026-portugal-pantalones-primera-equipacion","2026 Portugal pantalones primera equipación","<p>2026 Portugal pantalones primera equipación. Disponible en el catálogo — consigue el contacto del proveedor para pedirla.</p>"
"2026-alemania-pantalones-blanco","2026 Alemania pantalones blanco","<p>2026 Alemania pantalones blanco. Disponible en el catálogo — consigue el contacto del proveedor para pedirla.</p>"
"11-12-real-madrid-pantalones-primera-equipacion","11-12 Real Madrid pantalones primera equipación","<p>11-12 Real Madrid pantalones primera equipación. Disponible en el catálogo — consigue el contacto del proveedor para pedirla.</p>"
"25-26-roma-pantalones-tercera-equipacion","25-26 Roma pantalones tercera equipación","<p>25-26 Roma pantalones tercera equipación. Disponible en el catálogo — consigue el contacto del proveedor para pedirla.</p>"
"2026-argentina-pantalones-blanco-celeste","2026 Argentina pantalones blanco/celeste","<p>2026 Argentina pantalones blanco/celeste. Disponible en el catálogo — consigue el contacto del proveedor para pedirla.</p>"
"26-27-flamengo-pantalones-entrenamiento-marron-dorado","26-27 Flamengo pantalones entrenamiento marrón/dorado","<p>26-27 Flamengo pantalones entrenamiento marrón/dorado. Disponible en el catálogo — consigue el contacto del proveedor para pedirla.</p>"
"2026-algeria-pantalones-primera-equipacion","2026 Algeria pantalones primera equipación","<p>2026 Algeria pantalones primera equipación. Disponible en el catálogo — consigue el contacto del proveedor para pedirla.</p>"
"98-99-manchester-united-pantalones-primera-equipacion","98-99 Manchester United pantalones primera equipación","<p>98-99 Manchester United pantalones primera equipación. Disponible en el catálogo — consigue el contacto del proveedor para pedirla.</p>"
"07-08-manchester-united-pantalones-primera-equipacion","07-08 Manchester United pantalones primera equipación","<p>07-08 Manchester United pantalones primera equipación. Disponible en el catálogo — consigue el contacto del proveedor para pedirla.</p>"
"2006-inglaterra-pantalones-primera-equipacion","2006 Inglaterra pantalones primera equipación","<p>2006 Inglaterra pantalones primera equipación. Disponible en el catálogo — consigue el contacto del proveedor para pedirla.</p>"
"1998-inglaterra-pantalones-primera-equipacion","1998 Inglaterra pantalones primera equipación","<p>1998 Inglaterra pantalones primera equipación. Disponible en el catálogo — consigue el contacto del proveedor para pedirla.</p>"
"06-07-ac-milan-pantalones-primera-equipacion","06-07 AC Milán pantalones primera equipación","<p>06-07 AC Milán pantalones primera equipación. Disponible en el catálogo — consigue el contacto del proveedor para pedirla.</p>"
"99-00-fiorentina-pantalones-primera-equipacion","99-00 Fiorentina pantalones primera equipación","<p>99-00 Fiorentina pantalones primera equipación. Disponible en el catálogo — consigue el contacto del proveedor para pedirla.</p>"
"2026-alemania-pantalones-primera-equipacion","2026 Alemania pantalones primera equipación","<p>2026 Alemania pantalones primera equipación. Disponible en el catálogo — consigue el contacto del proveedor para pedirla.</p>"
"2026-italia-pantalones-primera-equipacion","2026 Italia pantalones primera equipación","<p>2026 Italia pantalones primera equipación. Disponible en el catálogo — consigue el contacto del proveedor para pedirla.</p>"
"2026-italia-pantalones-azul-dorado","2026 Italia pantalones azul/dorado","<p>2026 Italia pantalones azul/dorado. Disponible en el catálogo — consigue el contacto del proveedor para pedirla.</p>"
"2026-argentina-pantalones-primera-equipacion","2026 Argentina pantalones primera equipación","<p>2026 Argentina pantalones primera equipación. Disponible en el catálogo — consigue el contacto del proveedor para pedirla.</p>"
"2026-japon-pantalones-primera-equipacion","2026 Japón pantalones primera equipación","<p>2026 Japón pantalones primera equipación. Disponible en el catálogo — consigue el contacto del proveedor para pedirla.</p>"
"2026-mexico-pantalones-primera-equipacion","2026 México pantalones primera equipación","<p>2026 México pantalones primera equipación. Disponible en el catálogo — consigue el contacto del proveedor para pedirla.</p>"
"2026-colombia-pantalones-primera-equipacion","2026 Colombia pantalones primera equipación","<p>2026 Colombia pantalones primera equipación. Disponible en el catálogo — consigue el contacto del proveedor para pedirla.</p>"
"2026-belgica-pantalones-primera-equipacion","2026 Bélgica pantalones primera equipación","<p>2026 Bélgica pantalones primera equipación. Disponible en el catálogo — consigue el contacto del proveedor para pedirla.</p>"
"2026-espana-pantalones-primera-equipacion","2026 España pantalones primera equipación","<p>2026 España pantalones primera equipación. Disponible en el catálogo — consigue el contacto del proveedor para pedirla.</p>"
"25-26-real-madrid-x-marvel-equipacion-calentamiento-nino-negro","25-26 Real Madrid x Marvel equipación calentamiento niño negro","<p>25-26 Real Madrid x Marvel equipación calentamiento niño negro. Disponible en el catálogo — consigue el contacto del proveedor para pedirla.</p>"
"25-26-real-madrid-x-marvel-equipacion-calentamiento-nino","25-26 Real Madrid x Marvel equipación calentamiento niño","<p>25-26 Real Madrid x Marvel equipación calentamiento niño. Disponible en el catálogo — consigue el contacto del proveedor para pedirla.</p>"
"25-26-real-madrid-x-marvel-cortavientos-negro","25-26 Real Madrid x Marvel cortavientos Negro","<p>25-26 Real Madrid x Marvel cortavientos Negro. Disponible en el catálogo — consigue el contacto del proveedor para pedirla.</p>"
"25-26-real-madrid-x-marvel-equipacion-calentamiento-negra","25-26 Real Madrid x Marvel equipación calentamiento negra","<p>25-26 Real Madrid x Marvel equipación calentamiento negra. Disponible en el catálogo — consigue el contacto del proveedor para pedirla.</p>"
"25-26-real-madrid-x-marvel-equipacion-calentamiento","25-26 Real Madrid x Marvel equipación calentamiento","<p>25-26 Real Madrid x Marvel equipación calentamiento. Disponible en el catálogo — consigue el contacto del proveedor para pedirla.</p>"
"18-19-juventus-primera-equipacion","18-19 Juventus primera equipación","<p>18-19 Juventus primera equipación. Disponible en el catálogo — consigue el contacto del proveedor para pedirla.</p>"
"2026-ecuador-primera-equipacion","2026 Ecuador primera equipación","<p>2026 Ecuador primera equipación. Disponible en el catálogo — consigue el contacto del proveedor para pedirla.</p>"
"25-26-olympique-de-lyon-segunda-equipacion","25-26 Olympique de Lyon segunda equipación","<p>25-26 Olympique de Lyon segunda equipación. Disponible en el catálogo — consigue el contacto del proveedor para pedirla.</p>"
"09-10-chelsea-primera-equipacion-manga-larga","09-10 Chelsea primera equipación manga larga","<p>09-10 Chelsea primera equipación manga larga. Disponible en el catálogo — consigue el contacto del proveedor para pedirla.</p>"
"20-21-chelsea-primera-equipacion","20-21 Chelsea primera equipación","<p>20-21 Chelsea primera equipación. Disponible en el catálogo — consigue el contacto del proveedor para pedirla.</p>"
"25-26-chelsea-equipacion-120-aniversario","25-26 Chelsea equipación 120 aniversario","<p>25-26 Chelsea equipación 120 aniversario. Disponible en el catálogo — consigue el contacto del proveedor para pedirla.</p>"
"25-26-chelsea-primera-equipacion-manga-larga","25-26 Chelsea primera equipación manga larga","<p>25-26 Chelsea primera equipación manga larga. Disponible en el catálogo — consigue el contacto del proveedor para pedirla.</p>"
"25-26-bod-glimt-primera-equipacion","25-26 Bodø/Glimt primera equipación","<p>25-26 Bodø/Glimt primera equipación. Disponible en el catálogo — consigue el contacto del proveedor para pedirla.</p>"
"25-26-celtic-primera-equipacion","25-26 Celtic primera equipación","<p>25-26 Celtic primera equipación. Disponible en el catálogo — consigue el contacto del proveedor para pedirla.</p>"
"2026-espana-primera-equipacion-nino","2026 España primera equipación niño","<p>2026 España primera equipación niño. Disponible en el catálogo — consigue el contacto del proveedor para pedirla.</p>"
"07-08-manchester-united-primera-equipacion","07-08 Manchester United primera equipación","<p>07-08 Manchester United primera equipación. Disponible en el catálogo — consigue el contacto del proveedor para pedirla.</p>"
"2025-espana-primera-equipacion","2025 España primera equipación","<p>2025 España primera equipación. Disponible en el catálogo — consigue el contacto del proveedor para pedirla.</p>"
"2019-brasil-segunda-equipacion","2019 Brasil segunda equipación","<p>2019 Brasil segunda equipación. Disponible en el catálogo — consigue el contacto del proveedor para pedirla.</p>"
"25-26-fiorentina-cuarta-equipacion","25-26 Fiorentina cuarta equipación","<p>25-26 Fiorentina cuarta equipación. Disponible en el catálogo — consigue el contacto del proveedor para pedirla.</p>"
"25-26-fiorentina-primera-equipacion","25-26 Fiorentina primera equipación","<p>25-26 Fiorentina primera equipación. Disponible en el catálogo — consigue el contacto del proveedor para pedirla.</p>"
"25-26-almeria-primera-equipacion-nino","25-26 Almería primera equipación niño","<p>25-26 Almería primera equipación niño. Disponible en el catálogo — consigue el contacto del proveedor para pedirla.</p>"
"25-26-almeria-primera-equipacion","25-26 Almería primera equipación","<p>25-26 Almería primera equipación. Disponible en el catálogo — consigue el contacto del proveedor para pedirla.</p>"
"2010-mexico-segunda-equipacion","2010 México segunda equipación","<p>2010 México segunda equipación. Disponible en el catálogo — consigue el contacto del proveedor para pedirla.</p>"
"2024-francia-segunda-equipacion","2024 Francia segunda equipación","<p>2024 Francia segunda equipación. Disponible en el catálogo — consigue el contacto del proveedor para pedirla.</p>"
"2026-brasil-primera-equipacion-nino","2026 Brasil primera equipación niño","<p>2026 Brasil primera equipación niño. Disponible en el catálogo — consigue el contacto del proveedor para pedirla.</p>"
"10-11-manchester-united-segunda-equipacion-nino","10-11 Manchester United segunda equipación niño","<p>10-11 Manchester United segunda equipación niño. Disponible en el catálogo — consigue el contacto del proveedor para pedirla.</p>"
"23-24-real-madrid-cuarta-equipacion","23-24 Real Madrid cuarta equipación","<p>23-24 Real Madrid cuarta equipación. Disponible en el catálogo — consigue el contacto del proveedor para pedirla.</p>"
"1974-holanda-primera-equipacion","1974 Holanda primera equipación","<p>1974 Holanda primera equipación. Disponible en el catálogo — consigue el contacto del proveedor para pedirla.</p>"
"06-07-manchester-united-segunda-equipacion","06-07 Manchester United segunda equipación","<p>06-07 Manchester United segunda equipación. Disponible en el catálogo — consigue el contacto del proveedor para pedirla.</p>"
"25-26-ac-milan-portero-primera-equipacion","25-26 AC Milán portero primera equipación","<p>25-26 AC Milán portero primera equipación. Disponible en el catálogo — consigue el contacto del proveedor para pedirla.</p>"
"25-26-napoli-segunda-equipacion-nino","25-26 Napoli segunda equipación niño","<p>25-26 Napoli segunda equipación niño. Disponible en el catálogo — consigue el contacto del proveedor para pedirla.</p>"
"03-04-chivas-tercera-equipacion","03-04 Chivas tercera equipación","<p>03-04 Chivas tercera equipación. Disponible en el catálogo — consigue el contacto del proveedor para pedirla.</p>"
"03-04-chivas-segunda-equipacion","03-04 Chivas segunda equipación","<p>03-04 Chivas segunda equipación. Disponible en el catálogo — consigue el contacto del proveedor para pedirla.</p>"
"92-93-chivas-primera-equipacion","92-93 Chivas primera equipación","<p>92-93 Chivas primera equipación. Disponible en el catálogo — consigue el contacto del proveedor para pedirla.</p>"
"03-04-chivas-primera-equipacion","03-04 Chivas primera equipación","<p>03-04 Chivas primera equipación. Disponible en el catálogo — consigue el contacto del proveedor para pedirla.</p>"
"91-92-chivas-primera-equipacion","91-92 Chivas primera equipación","<p>91-92 Chivas primera equipación. Disponible en el catálogo — consigue el contacto del proveedor para pedirla.</p>"
"2024-portugal-primera-equipacion","2024 Portugal primera equipación","<p>2024 Portugal primera equipación. Disponible en el catálogo — consigue el contacto del proveedor para pedirla.</p>"
"2026-grecia-primera-equipacion","2026 Grecia primera equipación","<p>2026 Grecia primera equipación. Disponible en el catálogo — consigue el contacto del proveedor para pedirla.</p>"
"24-25-chelsea-primera-equipacion","24-25 Chelsea primera equipación","<p>24-25 Chelsea primera equipación. Disponible en el catálogo — consigue el contacto del proveedor para pedirla.</p>"
"2026-argentina-primera-equipacion-mujer-version-top-deportivo","2026 Argentina primera equipación mujer versión TOP deportivo","<p>2026 Argentina primera equipación mujer versión TOP deportivo. Disponible en el catálogo — consigue el contacto del proveedor para pedirla.</p>"
"2026-brasil-primera-equipacion-mujer","2026 Brasil primera equipación mujer","<p>2026 Brasil primera equipación mujer. Disponible en el catálogo — consigue el contacto del proveedor para pedirla.</p>"
"2026-mexico-segunda-equipacion-nino","2026 México segunda equipación niño","<p>2026 México segunda equipación niño. Disponible en el catálogo — consigue el contacto del proveedor para pedirla.</p>"
"2026-mexico-segunda-equipacion-manga-larga","2026 México segunda equipación manga larga","<p>2026 México segunda equipación manga larga. Disponible en el catálogo — consigue el contacto del proveedor para pedirla.</p>"
"2026-mexico-segunda-equipacion","2026 México segunda equipación","<p>2026 México segunda equipación. Disponible en el catálogo — consigue el contacto del proveedor para pedirla.</p>"
"22-23-ac-milan-primera-equipacion","22-23 AC Milán primera equipación","<p>22-23 AC Milán primera equipación. Disponible en el catálogo — consigue el contacto del proveedor para pedirla.</p>"
"brasil-equipacion-especial-cristo-redentor","Brasil equipación especial Cristo Redentor","<p>Brasil equipación especial Cristo Redentor. Disponible en el catálogo — consigue el contacto del proveedor para pedirla.</p>"
"1996-universidad-de-chile-primera-equipacion-manga-larga","1996 Universidad de Chile primera equipación manga larga","<p>1996 Universidad de Chile primera equipación manga larga. Disponible en el catálogo — consigue el contacto del proveedor para pedirla.</p>"
"1996-universidad-de-chile-primera-equipacion","1996 Universidad de Chile primera equipación","<p>1996 Universidad de Chile primera equipación. Disponible en el catálogo — consigue el contacto del proveedor para pedirla.</p>"
"02-03-manchester-united-primera-equipacion-manga-larga","02-03 Manchester United primera equipación manga larga","<p>02-03 Manchester United primera equipación manga larga. Disponible en el catálogo — consigue el contacto del proveedor para pedirla.</p>"
"26-27-universidad-de-chile-primera-equipacion","26-27 Universidad de Chile primera equipación","<p>26-27 Universidad de Chile primera equipación. Disponible en el catálogo — consigue el contacto del proveedor para pedirla.</p>"
"25-26-genoa-equipacion-especial-boca-juniors","25-26 Genoa equipación especial Boca Juniors","<p>25-26 Genoa equipación especial Boca Juniors. Disponible en el catálogo — consigue el contacto del proveedor para pedirla.</p>"
"24-25-inter-de-milan-segunda-equipacion","24-25 Inter de Milán segunda equipación","<p>24-25 Inter de Milán segunda equipación. Disponible en el catálogo — consigue el contacto del proveedor para pedirla.</p>"
"24-25-inter-de-milan-segunda-equipacion-v2","24-25 Inter de Milán segunda equipación V2","<p>24-25 Inter de Milán segunda equipación V2. Disponible en el catálogo — consigue el contacto del proveedor para pedirla.</p>"
"camiseta-especial-oporto-dragon-azul-dorado","Camiseta Especial Oporto Dragon Azul/Dorado","<p>Camiseta Especial Oporto Dragon Azul/Dorado. Disponible en el catálogo — consigue el contacto del proveedor para pedirla.</p>"
"20-21-manchester-united-segunda-equipacion","20-21 Manchester United segunda equipación","<p>20-21 Manchester United segunda equipación. Disponible en el catálogo — consigue el contacto del proveedor para pedirla.</p>"
"17-18-manchester-united-primera-equipacion","17-18 Manchester United primera equipación","<p>17-18 Manchester United primera equipación. Disponible en el catálogo — consigue el contacto del proveedor para pedirla.</p>"
"25-26-colo-colo-primera-equipacion","25-26 Colo Colo primera equipación","<p>25-26 Colo Colo primera equipación. Disponible en el catálogo — consigue el contacto del proveedor para pedirla.</p>"
"23-24-roma-primera-equipacion","23-24 Roma primera equipación","<p>23-24 Roma primera equipación. Disponible en el catálogo — consigue el contacto del proveedor para pedirla.</p>"
"real-madrid-x-dellafuente-equipacion-especial","Real Madrid x Dellafuente equipación especial","<p>Real Madrid x Dellafuente equipación especial. Disponible en el catálogo — consigue el contacto del proveedor para pedirla.</p>"
"24-25-ajax-segunda-equipacion","24-25 Ajax segunda equipación","<p>24-25 Ajax segunda equipación. Disponible en el catálogo — consigue el contacto del proveedor para pedirla.</p>"
"25-26-olympique-de-lyon-conjunto-de-chandal","25-26 Olympique de Lyon conjunto de chándal","<p>25-26 Olympique de Lyon conjunto de chándal. Disponible en el catálogo — consigue el contacto del proveedor para pedirla.</p>"
"17-18-psg-primera-equipacion","17-18 PSG primera equipación","<p>17-18 PSG primera equipación. Disponible en el catálogo — consigue el contacto del proveedor para pedirla.</p>"
"25-26-werder-bremen-tercera-equipacion-nino","25-26 Werder Bremen tercera equipación niño","<p>25-26 Werder Bremen tercera equipación niño. Disponible en el catálogo — consigue el contacto del proveedor para pedirla.</p>"
"25-26-werder-bremen-tercera-equipacion","25-26 Werder Bremen tercera equipación","<p>25-26 Werder Bremen tercera equipación. Disponible en el catálogo — consigue el contacto del proveedor para pedirla.</p>"
"1993-universidad-de-chile-primera-equipacion","1993 Universidad de Chile primera equipación","<p>1993 Universidad de Chile primera equipación. Disponible en el catálogo — consigue el contacto del proveedor para pedirla.</p>"
"25-26-universidad-de-chile-primera-equipacion","25-26 Universidad de Chile primera equipación","<p>25-26 Universidad de Chile primera equipación. Disponible en el catálogo — consigue el contacto del proveedor para pedirla.</p>"
"26-27-universidad-de-chile-polo","26-27 Universidad de Chile polo","<p>26-27 Universidad de Chile polo. Disponible en el catálogo — consigue el contacto del proveedor para pedirla.</p>"
"26-27-universidad-de-chile-equipacion-entrenamiento","26-27 Universidad de Chile equipación entrenamiento","<p>26-27 Universidad de Chile equipación entrenamiento. Disponible en el catálogo — consigue el contacto del proveedor para pedirla.</p>"
"26-27-universidad-de-chile-chandal-superior","26-27 Universidad de Chile chándal superior","<p>26-27 Universidad de Chile chándal superior. Disponible en el catálogo — consigue el contacto del proveedor para pedirla.</p>"
"25-26-atletico-penarol-tercera-equipacion","25-26 Atlético Peñarol tercera equipación","<p>25-26 Atlético Peñarol tercera equipación. Disponible en el catálogo — consigue el contacto del proveedor para pedirla.</p>"
"25-26-atletico-penarol-segunda-equipacion","25-26 Atlético Peñarol segunda equipación","<p>25-26 Atlético Peñarol segunda equipación. Disponible en el catálogo — consigue el contacto del proveedor para pedirla.</p>"
"25-26-atletico-penarol-primera-equipacion","25-26 Atlético Peñarol primera equipación","<p>25-26 Atlético Peñarol primera equipación. Disponible en el catálogo — consigue el contacto del proveedor para pedirla.</p>"
"2025-ecuador-equipacion-conmemorativa-fef","2025 Ecuador equipación conmemorativa FEF","<p>2025 Ecuador equipación conmemorativa FEF. Disponible en el catálogo — consigue el contacto del proveedor para pedirla.</p>"
"2025-ecuador-segunda-equipacion","2025 Ecuador segunda equipación","<p>2025 Ecuador segunda equipación. Disponible en el catálogo — consigue el contacto del proveedor para pedirla.</p>"
"2025-ecuador-primera-equipacion","2025 Ecuador primera equipación","<p>2025 Ecuador primera equipación. Disponible en el catálogo — consigue el contacto del proveedor para pedirla.</p>"
"2026-espana-conjunto-de-chandal","2026 España conjunto de chándal","<p>2026 España conjunto de chándal. Disponible en el catálogo — consigue el contacto del proveedor para pedirla.</p>"
"2026-espana-segundo-conjunto-de-chandal-nino","2026 España segundo conjunto de chándal niño","<p>2026 España segundo conjunto de chándal niño. Disponible en el catálogo — consigue el contacto del proveedor para pedirla.</p>"
"2026-espana-conjunto-de-cortavientos-con-capucha","2026 España conjunto de cortavientos con capucha","<p>2026 España conjunto de cortavientos con capucha. Disponible en el catálogo — consigue el contacto del proveedor para pedirla.</p>"
"2026-espana-conjunto-de-chandal-nino","2026 España conjunto de chándal niño","<p>2026 España conjunto de chándal niño. Disponible en el catálogo — consigue el contacto del proveedor para pedirla.</p>"
"25-26-atletico-de-madrid-primer-conjunto-de-entrenamiento","25-26 Atlético de Madrid primer conjunto de entrenamiento","<p>25-26 Atlético de Madrid primer conjunto de entrenamiento. Disponible en el catálogo — consigue el contacto del proveedor para pedirla.</p>"
"25-26-real-madrid-tercera-equipacion-nino","25-26 Real Madrid tercera equipación niño","<p>25-26 Real Madrid tercera equipación niño. Disponible en el catálogo — consigue el contacto del proveedor para pedirla.</p>"
"25-26-real-madrid-segunda-equipacion-nino","25-26 Real Madrid segunda equipación niño","<p>25-26 Real Madrid segunda equipación niño. Disponible en el catálogo — consigue el contacto del proveedor para pedirla.</p>"
"25-26-real-madrid-primera-equipacion-nino","25-26 Real Madrid primera equipación niño","<p>25-26 Real Madrid primera equipación niño. Disponible en el catálogo — consigue el contacto del proveedor para pedirla.</p>"
"25-26-real-madrid-portero-primera-equipacion-nino","25-26 Real Madrid portero primera equipación niño","<p>25-26 Real Madrid portero primera equipación niño. Disponible en el catálogo — consigue el contacto del proveedor para pedirla.</p>"
"2025-japon-x-dragon-ball-equipacion-blanca","2025 Japón x Dragon Ball equipación blanca","<p>2025 Japón x Dragon Ball equipación blanca. Disponible en el catálogo — consigue el contacto del proveedor para pedirla.</p>"
"2026-japon-primera-equipacion","2026 Japón primera equipación","<p>2026 Japón primera equipación. Disponible en el catálogo — consigue el contacto del proveedor para pedirla.</p>"
"2012-santos-segunda-equipacion","2012 Santos segunda equipación","<p>2012 Santos segunda equipación. Disponible en el catálogo — consigue el contacto del proveedor para pedirla.</p>"
"2012-santos-tercera-equipacion","2012 Santos tercera equipación","<p>2012 Santos tercera equipación. Disponible en el catálogo — consigue el contacto del proveedor para pedirla.</p>"
"2012-santos-equipacion-especial-rosa","2012 Santos equipación especial rosa","<p>2012 Santos equipación especial rosa. Disponible en el catálogo — consigue el contacto del proveedor para pedirla.</p>"
"2012-santos-equipacion-especial-negra-manga-larga","2012 Santos equipación especial negra manga larga","<p>2012 Santos equipación especial negra manga larga. Disponible en el catálogo — consigue el contacto del proveedor para pedirla.</p>"
"21-22-manchester-city-primera-equipacion","21-22 Manchester City primera equipación","<p>21-22 Manchester City primera equipación. Disponible en el catálogo — consigue el contacto del proveedor para pedirla.</p>"
"20-21-manchester-city-tercera-equipacion","20-21 Manchester City tercera equipación","<p>20-21 Manchester City tercera equipación. Disponible en el catálogo — consigue el contacto del proveedor para pedirla.</p>"
"20-21-manchester-city-primera-equipacion","20-21 Manchester City primera equipación","<p>20-21 Manchester City primera equipación. Disponible en el catálogo — consigue el contacto del proveedor para pedirla.</p>"
"1990-colombia-segunda-equipacion","1990 Colombia segunda equipación","<p>1990 Colombia segunda equipación. Disponible en el catálogo — consigue el contacto del proveedor para pedirla.</p>"
"2001-colombia-primera-equipacion","2001 Colombia primera equipación","<p>2001 Colombia primera equipación. Disponible en el catálogo — consigue el contacto del proveedor para pedirla.</p>"
"1994-colombia-primera-equipacion","1994 Colombia primera equipación","<p>1994 Colombia primera equipación. Disponible en el catálogo — consigue el contacto del proveedor para pedirla.</p>"
"1994-colombia-segunda-equipacion","1994 Colombia segunda equipación","<p>1994 Colombia segunda equipación. Disponible en el catálogo — consigue el contacto del proveedor para pedirla.</p>"
"2026-colombia-primera-equipacion-mujer-version-top-deportivo","2026 Colombia primera equipación mujer versión TOP deportivo","<p>2026 Colombia primera equipación mujer versión TOP deportivo. Disponible en el catálogo — consigue el contacto del proveedor para pedirla.</p>"
"2003-colombia-primera-equipacion","2003 Colombia primera equipación","<p>2003 Colombia primera equipación. Disponible en el catálogo — consigue el contacto del proveedor para pedirla.</p>"
"2026-colombia-segunda-equipacion","2026 Colombia segunda equipación","<p>2026 Colombia segunda equipación. Disponible en el catálogo — consigue el contacto del proveedor para pedirla.</p>"
"2026-colombia-primera-equipacion-manga-larga","2026 Colombia primera equipación manga larga","<p>2026 Colombia primera equipación manga larga. Disponible en el catálogo — consigue el contacto del proveedor para pedirla.</p>"
"25-26-real-madrid-tercera-equipacion-mujer-version-top","25-26 Real Madrid tercera equipación mujer versión TOP","<p>25-26 Real Madrid tercera equipación mujer versión TOP. Disponible en el catálogo — consigue el contacto del proveedor para pedirla.</p>"
"25-26-bayern-de-munich-especial-oktoberfest","25-26 Bayern de Munich Especial Oktoberfest","<p>25-26 Bayern de Munich Especial Oktoberfest. Disponible en el catálogo — consigue el contacto del proveedor para pedirla.</p>"
"2026-espana-segunda-equipacion","🔥2026 España segunda equipación","<p>🔥2026 España segunda equipación. Disponible en el catálogo — consigue el contacto del proveedor para pedirla.</p>"
"22-23-real-madrid-primera-equipacion","22-23 Real Madrid primera equipación","<p>22-23 Real Madrid primera equipación. Disponible en el catálogo — consigue el contacto del proveedor para pedirla.</p>"
"2000-espana-x-estopa-primera-equipacion","2000 España x Estopa primera equipación","<p>2000 España x Estopa primera equipación. Disponible en el catálogo — consigue el contacto del proveedor para pedirla.</p>"
"25-26-bayer-leverkusen-tercera-equipacion","25-26 Bayer Leverkusen tercera equipación","<p>25-26 Bayer Leverkusen tercera equipación. Disponible en el catálogo — consigue el contacto del proveedor para pedirla.</p>"
"25-26-psg-cuarta-equipacion","25-26 PSG cuarta equipación","<p>25-26 PSG cuarta equipación. Disponible en el catálogo — consigue el contacto del proveedor para pedirla.</p>"
"25-26-psg-tercera-equipacion-nino","25-26 PSG tercera equipación niño","<p>25-26 PSG tercera equipación niño. Disponible en el catálogo — consigue el contacto del proveedor para pedirla.</p>"
"25-26-psg-segunda-equipacion-nino","25-26 PSG segunda equipación niño","<p>25-26 PSG segunda equipación niño. Disponible en el catálogo — consigue el contacto del proveedor para pedirla.</p>"
"25-26-psg-primera-equipacion-nino","25-26 PSG primera equipación niño","<p>25-26 PSG primera equipación niño. Disponible en el catálogo — consigue el contacto del proveedor para pedirla.</p>"
"25-26-psg-segunda-equipacion","25-26 PSG segunda equipación","<p>25-26 PSG segunda equipación. Disponible en el catálogo — consigue el contacto del proveedor para pedirla.</p>"
"25-26-psg-tercera-equipacion","25-26 PSG tercera equipación","<p>25-26 PSG tercera equipación. Disponible en el catálogo — consigue el contacto del proveedor para pedirla.</p>"
"25-26-psg-tercera-equipacion-manga-larga","25-26 PSG tercera equipación manga larga","<p>25-26 PSG tercera equipación manga larga. Disponible en el catálogo — consigue el contacto del proveedor para pedirla.</p>"
"25-26-psg-primera-equipacion-manga-larga","25-26 PSG primera equipación manga larga","<p>25-26 PSG primera equipación manga larga. Disponible en el catálogo — consigue el contacto del proveedor para pedirla.</p>"
"25-26-psg-primera-equipacion","25-26 PSG primera equipación","<p>25-26 PSG primera equipación. Disponible en el catálogo — consigue el contacto del proveedor para pedirla.</p>"
"25-26-como-tercera-equipacion","25-26 Como tercera equipación","<p>25-26 Como tercera equipación. Disponible en el catálogo — consigue el contacto del proveedor para pedirla.</p>"
"25-26-como-primera-equipacion-nino","25-26 Como primera equipación niño","<p>25-26 Como primera equipación niño. Disponible en el catálogo — consigue el contacto del proveedor para pedirla.</p>"
"25-26-estrasburgo-segunda-equipacion","25-26 Estrasburgo segunda equipación","<p>25-26 Estrasburgo segunda equipación. Disponible en el catálogo — consigue el contacto del proveedor para pedirla.</p>"
"25-26-estrasburgo-tercera-equipacion","25-26 Estrasburgo tercera equipación","<p>25-26 Estrasburgo tercera equipación. Disponible en el catálogo — consigue el contacto del proveedor para pedirla.</p>"
"25-26-estrasburgo-primera-equipacion","25-26 Estrasburgo primera equipación","<p>25-26 Estrasburgo primera equipación. Disponible en el catálogo — consigue el contacto del proveedor para pedirla.</p>"
"2020-2021-brasil-primera-equipacion","2020-2021 Brasil primera equipación","<p>2020-2021 Brasil primera equipación. Disponible en el catálogo — consigue el contacto del proveedor para pedirla.</p>"
"2022-brasil-primera-equipacion-mundial-qatar","2022 Brasil primera equipación Mundial Qatar","<p>2022 Brasil primera equipación Mundial Qatar. Disponible en el catálogo — consigue el contacto del proveedor para pedirla.</p>"
"12-13-atletico-de-madrid-primera-equipacion-sponsors-incluidos","12-13 Atlético de Madrid primera equipación (Sponsors incluidos)","<p>12-13 Atlético de Madrid primera equipación (Sponsors incluidos). Disponible en el catálogo — consigue el contacto del proveedor para pedirla.</p>"
"25-26-colo-colo-us-pack","25-26 Colo Colo US Pack","<p>25-26 Colo Colo US Pack. Disponible en el catálogo — consigue el contacto del proveedor para pedirla.</p>"
"91-92-colo-colo-segunda-equipacion","91-92 Colo Colo segunda equipación","<p>91-92 Colo Colo segunda equipación. Disponible en el catálogo — consigue el contacto del proveedor para pedirla.</p>"
"2026-venezuela-primera-equipacion-nino","2026 Venezuela primera equipación niño","<p>2026 Venezuela primera equipación niño. Disponible en el catálogo — consigue el contacto del proveedor para pedirla.</p>"
"2026-venezuela-primera-equipacion","2026 Venezuela primera equipación","<p>2026 Venezuela primera equipación. Disponible en el catálogo — consigue el contacto del proveedor para pedirla.</p>"
"2026-colombia-primera-equipacion","2026 Colombia primera equipación","<p>2026 Colombia primera equipación. Disponible en el catálogo — consigue el contacto del proveedor para pedirla.</p>"
"25-26-manchester-united-terrace-icons-conjunto-sin-mangas-negro","25-26 Manchester United Terrace Icons conjunto sin mangas Negro","<p>25-26 Manchester United Terrace Icons conjunto sin mangas Negro. Disponible en el catálogo — consigue el contacto del proveedor para pedirla.</p>"
"25-26-chelsea-primera-equipacion-mujer","25-26 Chelsea primera equipación mujer","<p>25-26 Chelsea primera equipación mujer. Disponible en el catálogo — consigue el contacto del proveedor para pedirla.</p>"
"25-26-chelsea-segunda-equipacion-mujer","25-26 Chelsea segunda equipación mujer","<p>25-26 Chelsea segunda equipación mujer. Disponible en el catálogo — consigue el contacto del proveedor para pedirla.</p>"
"25-26-tottenham-segunda-equipacion-mujer","25-26 Tottenham segunda equipación mujer","<p>25-26 Tottenham segunda equipación mujer. Disponible en el catálogo — consigue el contacto del proveedor para pedirla.</p>"
"25-26-arsenal-primera-equipacion-mujer","25-26 Arsenal primera equipación mujer","<p>25-26 Arsenal primera equipación mujer. Disponible en el catálogo — consigue el contacto del proveedor para pedirla.</p>"
"22-23-real-madrid-equipacion-especial-benzema","22-23 Real Madrid equipación especial BENZEMA","<p>22-23 Real Madrid equipación especial BENZEMA. Disponible en el catálogo — consigue el contacto del proveedor para pedirla.</p>"
"25-26-real-madrid-equipacion-especial-modric","25-26 Real Madrid equipación especial MODRIĆ","<p>25-26 Real Madrid equipación especial MODRIĆ. Disponible en el catálogo — consigue el contacto del proveedor para pedirla.</p>"
"2026-argentina-primera-equipacion-mujer","2026 Argentina primera equipación mujer","<p>2026 Argentina primera equipación mujer. Disponible en el catálogo — consigue el contacto del proveedor para pedirla.</p>"
"25-26-inter-de-milan-primera-equipacion-mujer","25-26 Inter de Milán primera equipación mujer","<p>25-26 Inter de Milán primera equipación mujer. Disponible en el catálogo — consigue el contacto del proveedor para pedirla.</p>"
"1992-94-portugal-primera-equipacion","1992-94 portugal primera equipación","<p>1992-94 portugal primera equipación. Disponible en el catálogo — consigue el contacto del proveedor para pedirla.</p>"
"1997-portugal-primera-equipacion","1997 portugal primera equipación","<p>1997 portugal primera equipación. Disponible en el catálogo — consigue el contacto del proveedor para pedirla.</p>"
"1996-portugal-segunda-equipacion","1996 portugal segunda equipación","<p>1996 portugal segunda equipación. Disponible en el catálogo — consigue el contacto del proveedor para pedirla.</p>"
"1992-94-portugal-segunda-equipacion","1992-94 portugal segunda equipación","<p>1992-94 portugal segunda equipación. Disponible en el catálogo — consigue el contacto del proveedor para pedirla.</p>"
"2016-portugal-primera-equipacion","2016 Portugal primera equipación","<p>2016 Portugal primera equipación. Disponible en el catálogo — consigue el contacto del proveedor para pedirla.</p>"
"2006-portugal-segunda-equipacion","2006 Portugal segunda equipación","<p>2006 Portugal segunda equipación. Disponible en el catálogo — consigue el contacto del proveedor para pedirla.</p>"
"2002-portugal-primera-equipacion","2002 Portugal primera equipación","<p>2002 Portugal primera equipación. Disponible en el catálogo — consigue el contacto del proveedor para pedirla.</p>"
"2004-portugal-segunda-equipacion","2004 Portugal segunda equipación","<p>2004 Portugal segunda equipación. Disponible en el catálogo — consigue el contacto del proveedor para pedirla.</p>"
"2000-portugal-primera-equipacion","2000 portugal primera equipación","<p>2000 portugal primera equipación. Disponible en el catálogo — consigue el contacto del proveedor para pedirla.</p>"
"1998-portugal-segunda-equipacion","1998 portugal segunda equipación","<p>1998 portugal segunda equipación. Disponible en el catálogo — consigue el contacto del proveedor para pedirla.</p>"
"1972-portugal-primera-equipacion","1972 portugal primera equipación","<p>1972 portugal primera equipación. Disponible en el catálogo — consigue el contacto del proveedor para pedirla.</p>"
"1998-portugal-primera-equipacion","1998 portugal primera equipación","<p>1998 portugal primera equipación. Disponible en el catálogo — consigue el contacto del proveedor para pedirla.</p>"
"2004-portugal-primera-equipacion","2004 Portugal primera equipación","<p>2004 Portugal primera equipación. Disponible en el catálogo — consigue el contacto del proveedor para pedirla.</p>"
"1984-inglaterra-primera-equipacion","1984 Inglaterra primera equipación","<p>1984 Inglaterra primera equipación. Disponible en el catálogo — consigue el contacto del proveedor para pedirla.</p>"
"1998-inglaterra-segunda-equipacion","1998 Inglaterra segunda equipación","<p>1998 Inglaterra segunda equipación. Disponible en el catálogo — consigue el contacto del proveedor para pedirla.</p>"
"2024-portugal-segunda-equipacion","2024 Portugal segunda equipación","<p>2024 Portugal segunda equipación. Disponible en el catálogo — consigue el contacto del proveedor para pedirla.</p>"
"2002-inglaterra-primera-equipacion-manga-larga","2002 Inglaterra primera equipación manga larga","<p>2002 Inglaterra primera equipación manga larga. Disponible en el catálogo — consigue el contacto del proveedor para pedirla.</p>"
"1990-inglaterra-primera-equipacion","1990 Inglaterra primera equipación","<p>1990 Inglaterra primera equipación. Disponible en el catálogo — consigue el contacto del proveedor para pedirla.</p>"
"2016-portugal-segunda-equipacion","2016 Portugal segunda equipación","<p>2016 Portugal segunda equipación. Disponible en el catálogo — consigue el contacto del proveedor para pedirla.</p>"
"1982-inglaterra-primera-equipacion","1982 Inglaterra primera equipación","<p>1982 Inglaterra primera equipación. Disponible en el catálogo — consigue el contacto del proveedor para pedirla.</p>"
"2025-portugal-equipacion-entrenamiento-nino","2025 Portugal equipación entrenamiento niño","<p>2025 Portugal equipación entrenamiento niño. Disponible en el catálogo — consigue el contacto del proveedor para pedirla.</p>"
"2012-ingalterra-primera-equipacion","2012 Ingalterra primera equipación","<p>2012 Ingalterra primera equipación. Disponible en el catálogo — consigue el contacto del proveedor para pedirla.</p>"
"2024-portugal-primera-equipacion-nino","2024 Portugal primera equipación niño","<p>2024 Portugal primera equipación niño. Disponible en el catálogo — consigue el contacto del proveedor para pedirla.</p>"
"2006-inglaterra-primera-equipacion","2006 Inglaterra primera equipación","<p>2006 Inglaterra primera equipación. Disponible en el catálogo — consigue el contacto del proveedor para pedirla.</p>"
"2013-inglaterra-primera-equipacion-especial-150-aniversario","2013 Inglaterra primera equipación especial 150 aniversario","<p>2013 Inglaterra primera equipación especial 150 aniversario. Disponible en el catálogo — consigue el contacto del proveedor para pedirla.</p>"
"2004-portugal-primera-equipacion-nino","2004 Portugal primera equipación niño","<p>2004 Portugal primera equipación niño. Disponible en el catálogo — consigue el contacto del proveedor para pedirla.</p>"
"2024-inglaterra-segunda-equipacion-mujer","2024 Inglaterra segunda equipación mujer","<p>2024 Inglaterra segunda equipación mujer. Disponible en el catálogo — consigue el contacto del proveedor para pedirla.</p>"
"2002-inglaterra-segunda-equipacion","2002 Inglaterra segunda equipación","<p>2002 Inglaterra segunda equipación. Disponible en el catálogo — consigue el contacto del proveedor para pedirla.</p>"
"2025-portugal-segunda-equipacion-manga-larga","2025 Portugal segunda equipación manga larga","<p>2025 Portugal segunda equipación manga larga. Disponible en el catálogo — consigue el contacto del proveedor para pedirla.</p>"
"2000-inglaterra-primera-equipacion","2000 Inglaterra primera equipación","<p>2000 Inglaterra primera equipación. Disponible en el catálogo — consigue el contacto del proveedor para pedirla.</p>"
"2026-portugal-equipacion-tributo-a-eusebio-nino","2026 Portugal equipación tributo a Eusébio niño","<p>2026 Portugal equipación tributo a Eusébio niño. Disponible en el catálogo — consigue el contacto del proveedor para pedirla.</p>"
"2010-inglaterra-primera-equipacion","2010 Inglaterra primera equipación","<p>2010 Inglaterra primera equipación. Disponible en el catálogo — consigue el contacto del proveedor para pedirla.</p>"
"2024-inglaterra-primera-equipacion-mujer","2024 Inglaterra primera equipación mujer","<p>2024 Inglaterra primera equipación mujer. Disponible en el catálogo — consigue el contacto del proveedor para pedirla.</p>"
"1982-inglaterra-segunda-equipacion","1982 Inglaterra segunda equipación","<p>1982 Inglaterra segunda equipación. Disponible en el catálogo — consigue el contacto del proveedor para pedirla.</p>"
"2016-portugal-primera-equipacion-manga-larga","2016 Portugal primera equipación manga larga","<p>2016 Portugal primera equipación manga larga. Disponible en el catálogo — consigue el contacto del proveedor para pedirla.</p>"
"2022-portugal-primera-equipacion","2022 Portugal primera equipación","<p>2022 Portugal primera equipación. Disponible en el catálogo — consigue el contacto del proveedor para pedirla.</p>"
"1998-inglaterra-primera-equipacion-nino","1998 Inglaterra primera equipación niño","<p>1998 Inglaterra primera equipación niño. Disponible en el catálogo — consigue el contacto del proveedor para pedirla.</p>"
"2022-portugal-segunda-equipacion","2022 Portugal segunda equipación","<p>2022 Portugal segunda equipación. Disponible en el catálogo — consigue el contacto del proveedor para pedirla.</p>"
"1998-inglaterra-primera-equipacion-manga-larga","1998 Inglaterra primera equipación manga larga","<p>1998 Inglaterra primera equipación manga larga. Disponible en el catálogo — consigue el contacto del proveedor para pedirla.</p>"
"1998-inglaterra-primera-equipacion","1998 Inglaterra primera equipación","<p>1998 Inglaterra primera equipación. Disponible en el catálogo — consigue el contacto del proveedor para pedirla.</p>"
"1990-inglaterra-segunda-equipacion","1990 Inglaterra segunda equipación","<p>1990 Inglaterra segunda equipación. Disponible en el catálogo — consigue el contacto del proveedor para pedirla.</p>"
"2026-portugal-equipacion-especial","2026 Portugal equipación especial","<p>2026 Portugal equipación especial. Disponible en el catálogo — consigue el contacto del proveedor para pedirla.</p>"
"1994-inglaterra-primera-equipacion","1994 Inglaterra primera equipación","<p>1994 Inglaterra primera equipación. Disponible en el catálogo — consigue el contacto del proveedor para pedirla.</p>"
"2013-inglaterra-segunda-equipacion-especial-150-aniversario","2013 Inglaterra segunda equipación especial 150 aniversario","<p>2013 Inglaterra segunda equipación especial 150 aniversario. Disponible en el catálogo — consigue el contacto del proveedor para pedirla.</p>"
"2026-inglaterra-primera-equipacion","2026 Inglaterra primera equipación","<p>2026 Inglaterra primera equipación. Disponible en el catálogo — consigue el contacto del proveedor para pedirla.</p>"
"2002-inglaterra-primera-equipacion","2002 Inglaterra primera equipación","<p>2002 Inglaterra primera equipación. Disponible en el catálogo — consigue el contacto del proveedor para pedirla.</p>"
"2010-portugal-primera-equipacion","2010 Portugal primera equipación","<p>2010 Portugal primera equipación. Disponible en el catálogo — consigue el contacto del proveedor para pedirla.</p>"
"2024-inglaterra-primera-equipacion-nino","2024 Inglaterra primera equipación niño","<p>2024 Inglaterra primera equipación niño. Disponible en el catálogo — consigue el contacto del proveedor para pedirla.</p>"
"2014-portugal-primera-equipacion","2014 Portugal primera equipación","<p>2014 Portugal primera equipación. Disponible en el catálogo — consigue el contacto del proveedor para pedirla.</p>"
"1990-seleccion-inglaterra-inter-tercera-equipacion","""1990 Selección Inglaterra """"INTER"""" tercera equipación""","<p>""1990 Selección Inglaterra """"INTER"""" tercera equipación"". Disponible en el catálogo — consigue el contacto del proveedor para pedirla.</p>"
"2010-portugal-segunda-equipacion","2010 Portugal segunda equipación","<p>2010 Portugal segunda equipación. Disponible en el catálogo — consigue el contacto del proveedor para pedirla.</p>"
"1996-inglaterra-portero-segunda-equipacion-manga-larga","1996 Inglaterra portero segunda equipación manga larga","<p>1996 Inglaterra portero segunda equipación manga larga. Disponible en el catálogo — consigue el contacto del proveedor para pedirla.</p>"
"2025-inglaterra-primera-equipacion","2025 Inglaterra primera equipación","<p>2025 Inglaterra primera equipación. Disponible en el catálogo — consigue el contacto del proveedor para pedirla.</p>"
"2012-portugal-segunda-equipacion","2012 Portugal segunda equipación","<p>2012 Portugal segunda equipación. Disponible en el catálogo — consigue el contacto del proveedor para pedirla.</p>"
"2024-portugal-x-vuitton","2024 Portugal X Vuitton","<p>2024 Portugal X Vuitton. Disponible en el catálogo — consigue el contacto del proveedor para pedirla.</p>"
"1996-inglaterra-primera-equipacion-manga-larga","1996 Inglaterra primera equipación manga larga","<p>1996 Inglaterra primera equipación manga larga. Disponible en el catálogo — consigue el contacto del proveedor para pedirla.</p>"
"2025-portugal-primera-equipacion-nino","2025 Portugal primera equipación niño","<p>2025 Portugal primera equipación niño. Disponible en el catálogo — consigue el contacto del proveedor para pedirla.</p>"
"2025-portugal-primera-equipacion-manga-larga","2025 Portugal primera equipación manga larga","<p>2025 Portugal primera equipación manga larga. Disponible en el catálogo — consigue el contacto del proveedor para pedirla.</p>"
"2006-inglaterra-primera-equipacion-manga-larga","2006 Inglaterra primera equipación manga larga","<p>2006 Inglaterra primera equipación manga larga. Disponible en el catálogo — consigue el contacto del proveedor para pedirla.</p>"
"2024-inglaterra-segunda-equipacion-nino","2024 Inglaterra segunda equipación niño","<p>2024 Inglaterra segunda equipación niño. Disponible en el catálogo — consigue el contacto del proveedor para pedirla.</p>"
"1996-inglaterra-segunda-equipacion-manga-larga","1996 Inglaterra segunda equipación manga larga","<p>1996 Inglaterra segunda equipación manga larga. Disponible en el catálogo — consigue el contacto del proveedor para pedirla.</p>"
"2013-portugal-segunda-equipacion","2013 Portugal segunda equipación","<p>2013 Portugal segunda equipación. Disponible en el catálogo — consigue el contacto del proveedor para pedirla.</p>"
"2012-portugal-primera-equipacion","2012 Portugal primera equipación","<p>2012 Portugal primera equipación. Disponible en el catálogo — consigue el contacto del proveedor para pedirla.</p>"
"2024-inglaterra-segunda-equipacion-manga-larga","2024 Inglaterra segunda equipación manga larga","<p>2024 Inglaterra segunda equipación manga larga. Disponible en el catálogo — consigue el contacto del proveedor para pedirla.</p>"
"2025-portugal-x-vuitton","2025 Portugal X Vuitton","<p>2025 Portugal X Vuitton. Disponible en el catálogo — consigue el contacto del proveedor para pedirla.</p>"
"2026-portugal-primera-equipacion-portero-nino","2026 Portugal primera equipación portero niño","<p>2026 Portugal primera equipación portero niño. Disponible en el catálogo — consigue el contacto del proveedor para pedirla.</p>"
"2006-portugal-primera-equipacion","2006 Portugal primera equipación","<p>2006 Portugal primera equipación. Disponible en el catálogo — consigue el contacto del proveedor para pedirla.</p>"
"2013-portugal-segunda-equipacion-manga-larga","2013 Portugal segunda equipación manga larga","<p>2013 Portugal segunda equipación manga larga. Disponible en el catálogo — consigue el contacto del proveedor para pedirla.</p>"
"2012-portugal-segunda-equipacion-manga-larga","2012 Portugal segunda equipación manga larga","<p>2012 Portugal segunda equipación manga larga. Disponible en el catálogo — consigue el contacto del proveedor para pedirla.</p>"
"2026-portugal-equipacion-tributo-a-eusebio","2026 Portugal equipación tributo a Eusébio","<p>2026 Portugal equipación tributo a Eusébio. Disponible en el catálogo — consigue el contacto del proveedor para pedirla.</p>"
"2010-portugal-primera-equipacion-manga-larga","2010 Portugal primera equipación manga larga","<p>2010 Portugal primera equipación manga larga. Disponible en el catálogo — consigue el contacto del proveedor para pedirla.</p>"
"2012-portugal-primera-equipacion-manga-larga","2012 Portugal primera equipación manga larga","<p>2012 Portugal primera equipación manga larga. Disponible en el catálogo — consigue el contacto del proveedor para pedirla.</p>"
"2026-portugal-equipacion-tributo-a-eusebio-manga-larga","2026 Portugal equipación tributo a Eusébio manga larga","<p>2026 Portugal equipación tributo a Eusébio manga larga. Disponible en el catálogo — consigue el contacto del proveedor para pedirla.</p>"
"2025-alemania-equipacion-especial-125-aniversario-manga-larga","2025 Alemania equipación especial 125 aniversario manga larga","<p>2025 Alemania equipación especial 125 aniversario manga larga. Disponible en el catálogo — consigue el contacto del proveedor para pedirla.</p>"
"25-26-bayern-de-munich-portero-septima-equipacion","25-26 Bayern de Munich portero septima equipación","<p>25-26 Bayern de Munich portero septima equipación. Disponible en el catálogo — consigue el contacto del proveedor para pedirla.</p>"
"97-99-bayern-de-munich-primera-equipacion-nino","97-99 Bayern de Munich primera equipación niño","<p>97-99 Bayern de Munich primera equipación niño. Disponible en el catálogo — consigue el contacto del proveedor para pedirla.</p>"
"24-25-bayern-de-munich-primera-equipacion-nino","24-25 Bayern de Munich primera equipación niño","<p>24-25 Bayern de Munich primera equipación niño. Disponible en el catálogo — consigue el contacto del proveedor para pedirla.</p>"
"07-08-bayern-de-munich-primera-equipacion-parches-incluidos","07-08 Bayern de Munich primera equipación (parches incluidos)","<p>07-08 Bayern de Munich primera equipación (parches incluidos). Disponible en el catálogo — consigue el contacto del proveedor para pedirla.</p>"
"04-05-bayern-de-munich-segunda-equipacion","04-05 Bayern de Munich segunda equipación","<p>04-05 Bayern de Munich segunda equipación. Disponible en el catálogo — consigue el contacto del proveedor para pedirla.</p>"
"25-26-bayern-de-munich-segunda-equipacion-nino","25-26 Bayern de Munich segunda equipación niño","<p>25-26 Bayern de Munich segunda equipación niño. Disponible en el catálogo — consigue el contacto del proveedor para pedirla.</p>"
"17-18-bayern-de-munich-primera-equipacion","17-18 Bayern de Munich primera equipación","<p>17-18 Bayern de Munich primera equipación. Disponible en el catálogo — consigue el contacto del proveedor para pedirla.</p>"
"25-26-bayern-de-munich-portero-primera-equipacion","25-26 Bayern de Munich portero primera equipación","<p>25-26 Bayern de Munich portero primera equipación. Disponible en el catálogo — consigue el contacto del proveedor para pedirla.</p>"
"00-02-bayern-de-munich-segunda-equipacion","00-02 Bayern de Munich segunda equipación","<p>00-02 Bayern de Munich segunda equipación. Disponible en el catálogo — consigue el contacto del proveedor para pedirla.</p>"
"25-26-bayern-de-munich-primera-equipacion-nino","25-26 Bayern de Munich primera equipación niño","<p>25-26 Bayern de Munich primera equipación niño. Disponible en el catálogo — consigue el contacto del proveedor para pedirla.</p>"
"24-25-bayern-de-munich-segunda-equipacion","24-25 Bayern de Munich segunda equipación","<p>24-25 Bayern de Munich segunda equipación. Disponible en el catálogo — consigue el contacto del proveedor para pedirla.</p>"
"05-06-bayern-de-munich-primera-equipacion","05-06 Bayern de Munich primera equipación","<p>05-06 Bayern de Munich primera equipación. Disponible en el catálogo — consigue el contacto del proveedor para pedirla.</p>"
"24-25-bayern-de-munich-primera-equipacion","24-25 Bayern de Munich primera equipación","<p>24-25 Bayern de Munich primera equipación. Disponible en el catálogo — consigue el contacto del proveedor para pedirla.</p>"
"95-97-bayern-de-munich-primera-equipacion-nino","95-97 Bayern de Munich primera equipación niño","<p>95-97 Bayern de Munich primera equipación niño. Disponible en el catálogo — consigue el contacto del proveedor para pedirla.</p>"
"00-01-bayern-de-munich-primera-equipacion-champions","00-01 Bayern de Munich primera equipación champions","<p>00-01 Bayern de Munich primera equipación champions. Disponible en el catálogo — consigue el contacto del proveedor para pedirla.</p>"
"10-11-bayern-de-munich-primera-equipacion","10-11 Bayern de Munich primera equipación","<p>10-11 Bayern de Munich primera equipación. Disponible en el catálogo — consigue el contacto del proveedor para pedirla.</p>"
"00-01-bayern-de-munich-primera-equipacion","00-01 Bayern de Munich primera equipación","<p>00-01 Bayern de Munich primera equipación. Disponible en el catálogo — consigue el contacto del proveedor para pedirla.</p>"
"01-02-bayern-de-munich-primera-equipacion","01-02 Bayern de Munich primera equipación","<p>01-02 Bayern de Munich primera equipación. Disponible en el catálogo — consigue el contacto del proveedor para pedirla.</p>"
"96-98-bayern-de-munich-segunda-equipacion","96-98 Bayern de Munich segunda equipación","<p>96-98 Bayern de Munich segunda equipación. Disponible en el catálogo — consigue el contacto del proveedor para pedirla.</p>"
"93-96-bayern-de-munich-segunda-equipacion","93-96 Bayern de Munich segunda equipación","<p>93-96 Bayern de Munich segunda equipación. Disponible en el catálogo — consigue el contacto del proveedor para pedirla.</p>"
"24-25-bayern-de-munich-portero-cuarta-equipacion","24-25 Bayern de Munich portero cuarta equipación","<p>24-25 Bayern de Munich portero cuarta equipación. Disponible en el catálogo — consigue el contacto del proveedor para pedirla.</p>"
"02-03-bayern-de-munich-terera-equipacion","02-03 Bayern de Munich terera equipación","<p>02-03 Bayern de Munich terera equipación. Disponible en el catálogo — consigue el contacto del proveedor para pedirla.</p>"
"25-26-bayern-de-munich-especial","25-26 Bayern de Munich especial","<p>25-26 Bayern de Munich especial. Disponible en el catálogo — consigue el contacto del proveedor para pedirla.</p>"
"14-15-bayern-de-munich-primera-equipacion","14-15 Bayern de Munich primera equipación","<p>14-15 Bayern de Munich primera equipación. Disponible en el catálogo — consigue el contacto del proveedor para pedirla.</p>"
"1992-francia-primera-equipacion","1992 Francia primera equipación","<p>1992 Francia primera equipación. Disponible en el catálogo — consigue el contacto del proveedor para pedirla.</p>"
"1998-francia-primera-equipacion","1998 Francia primera equipación","<p>1998 Francia primera equipación. Disponible en el catálogo — consigue el contacto del proveedor para pedirla.</p>"
"1996-francia-primera-equipacion","1996 Francia primera equipación","<p>1996 Francia primera equipación. Disponible en el catálogo — consigue el contacto del proveedor para pedirla.</p>"
"1982-francia-primera-equipacion","1982 Francia primera equipación","<p>1982 Francia primera equipación. Disponible en el catálogo — consigue el contacto del proveedor para pedirla.</p>"
"1996-francia-segunda-equipacion","1996 Francia segunda equipación","<p>1996 Francia segunda equipación. Disponible en el catálogo — consigue el contacto del proveedor para pedirla.</p>"
"2000-francia-primera-equipacion","2000 Francia primera equipación","<p>2000 Francia primera equipación. Disponible en el catálogo — consigue el contacto del proveedor para pedirla.</p>"
"2004-francia-primera-equipacion","2004 Francia primera equipación","<p>2004 Francia primera equipación. Disponible en el catálogo — consigue el contacto del proveedor para pedirla.</p>"
"1998-francia-segunda-equipacion-nino","1998 Francia segunda equipación niño","<p>1998 Francia segunda equipación niño. Disponible en el catálogo — consigue el contacto del proveedor para pedirla.</p>"
"1994-francia-segunda-equipacion","1994 Francia segunda equipación","<p>1994 Francia segunda equipación. Disponible en el catálogo — consigue el contacto del proveedor para pedirla.</p>"
"2014-francia-primera-equipacion","2014 Francia primera equipación","<p>2014 Francia primera equipación. Disponible en el catálogo — consigue el contacto del proveedor para pedirla.</p>"
"1998-francia-primera-equipacion-nino","1998 Francia primera equipación niño","<p>1998 Francia primera equipación niño. Disponible en el catálogo — consigue el contacto del proveedor para pedirla.</p>"
"2024-francia-primera-equipacion","2024 Francia primera equipación","<p>2024 Francia primera equipación. Disponible en el catálogo — consigue el contacto del proveedor para pedirla.</p>"
"2018-francia-segunda-equipacion","2018 Francia segunda equipación","<p>2018 Francia segunda equipación. Disponible en el catálogo — consigue el contacto del proveedor para pedirla.</p>"
"1994-francia-primera-equipacion","1994 Francia primera equipación","<p>1994 Francia primera equipación. Disponible en el catálogo — consigue el contacto del proveedor para pedirla.</p>"
"2018-francia-primera-equipacion","2018 Francia primera equipación","<p>2018 Francia primera equipación. Disponible en el catálogo — consigue el contacto del proveedor para pedirla.</p>"
"2026-francia-primera-equipacion","2026 Francia primera equipación","<p>2026 Francia primera equipación. Disponible en el catálogo — consigue el contacto del proveedor para pedirla.</p>"
"1998-francia-segunda-equipacion-manga-larga","1998 Francia segunda equipación manga larga","<p>1998 Francia segunda equipación manga larga. Disponible en el catálogo — consigue el contacto del proveedor para pedirla.</p>"
"1998-francia-primera-equipacion-manga-larga","1998 Francia primera equipación manga larga","<p>1998 Francia primera equipación manga larga. Disponible en el catálogo — consigue el contacto del proveedor para pedirla.</p>"
"2019-francia-equipacion-especial-100-aniversario","2019 Francia equipación especial 100 aniversario","<p>2019 Francia equipación especial 100 aniversario. Disponible en el catálogo — consigue el contacto del proveedor para pedirla.</p>"
"1988-holanda-primera-equipacion-nino","1988 Holanda primera equipación niño","<p>1988 Holanda primera equipación niño. Disponible en el catálogo — consigue el contacto del proveedor para pedirla.</p>"
"1997-holanda-primera-equipacion","1997 Holanda primera equipación","<p>1997 Holanda primera equipación. Disponible en el catálogo — consigue el contacto del proveedor para pedirla.</p>"
"1990-alemania-primera-equipacion","1990 Alemania primera equipación","<p>1990 Alemania primera equipación. Disponible en el catálogo — consigue el contacto del proveedor para pedirla.</p>"
"1996-alemania-segunda-equipacion","1996 Alemania segunda equipación","<p>1996 Alemania segunda equipación. Disponible en el catálogo — consigue el contacto del proveedor para pedirla.</p>"
"1992-alemania-segunda-equipacion","1992 Alemania segunda equipación","<p>1992 Alemania segunda equipación. Disponible en el catálogo — consigue el contacto del proveedor para pedirla.</p>"
"2016-alemania-segunda-equipacion","2016 Alemania segunda equipación","<p>2016 Alemania segunda equipación. Disponible en el catálogo — consigue el contacto del proveedor para pedirla.</p>"
"2010-alemania-segunda-equipacion","2010 Alemania segunda equipación","<p>2010 Alemania segunda equipación. Disponible en el catálogo — consigue el contacto del proveedor para pedirla.</p>"
"2006-alemania-primera-equipacion","2006 Alemania primera equipación","<p>2006 Alemania primera equipación. Disponible en el catálogo — consigue el contacto del proveedor para pedirla.</p>"
"2008-alemania-primera-equipacion","2008 Alemania primera equipación","<p>2008 Alemania primera equipación. Disponible en el catálogo — consigue el contacto del proveedor para pedirla.</p>"
"1994-alemania-segunda-equipacion","1994 Alemania segunda equipación","<p>1994 Alemania segunda equipación. Disponible en el catálogo — consigue el contacto del proveedor para pedirla.</p>"
"1992-alemania-primera-equipacion","1992 Alemania primera equipación","<p>1992 Alemania primera equipación. Disponible en el catálogo — consigue el contacto del proveedor para pedirla.</p>"
"1990-alemania-segunda-equipacion","1990 Alemania segunda equipación","<p>1990 Alemania segunda equipación. Disponible en el catálogo — consigue el contacto del proveedor para pedirla.</p>"
"1998-alemania-segunda-equipacion","1998 Alemania segunda equipación","<p>1998 Alemania segunda equipación. Disponible en el catálogo — consigue el contacto del proveedor para pedirla.</p>"
"1992-alemania-segunda-equipacion-nino","1992 Alemania segunda equipación niño","<p>1992 Alemania segunda equipación niño. Disponible en el catálogo — consigue el contacto del proveedor para pedirla.</p>"
"1996-alemania-segunda-equipacion-nino","1996 Alemania segunda equipación niño","<p>1996 Alemania segunda equipación niño. Disponible en el catálogo — consigue el contacto del proveedor para pedirla.</p>"
"1996-alemania-primera-equipacion","1996 Alemania primera equipación","<p>1996 Alemania primera equipación. Disponible en el catálogo — consigue el contacto del proveedor para pedirla.</p>"
"1990-alemania-primera-equipacion-nino","1990 Alemania primera equipación niño","<p>1990 Alemania primera equipación niño. Disponible en el catálogo — consigue el contacto del proveedor para pedirla.</p>"
"2014-alemania-primera-equipacion-nino","2014 Alemania primera equipación niño","<p>2014 Alemania primera equipación niño. Disponible en el catálogo — consigue el contacto del proveedor para pedirla.</p>"
"1994-alemania-segunda-equipacion-nino","1994 Alemania segunda equipación niño","<p>1994 Alemania segunda equipación niño. Disponible en el catálogo — consigue el contacto del proveedor para pedirla.</p>"
"2026-alemania-primera-equipacion-nino","2026 Alemania primera equipación niño","<p>2026 Alemania primera equipación niño. Disponible en el catálogo — consigue el contacto del proveedor para pedirla.</p>"
"1986-alemania-primera-equipacion","1986 Alemania primera equipación","<p>1986 Alemania primera equipación. Disponible en el catálogo — consigue el contacto del proveedor para pedirla.</p>"
"1998-alemania-primera-equipacion","1998 Alemania primera equipación","<p>1998 Alemania primera equipación. Disponible en el catálogo — consigue el contacto del proveedor para pedirla.</p>"
"1994-alemania-primera-equipacion-nino","1994 Alemania primera equipación niño","<p>1994 Alemania primera equipación niño. Disponible en el catálogo — consigue el contacto del proveedor para pedirla.</p>"
"1992-alemania-primera-equipacion-nino","1992 Alemania primera equipación niño","<p>1992 Alemania primera equipación niño. Disponible en el catálogo — consigue el contacto del proveedor para pedirla.</p>"
"2014-alemania-segunda-equipacion","2014 Alemania segunda equipación","<p>2014 Alemania segunda equipación. Disponible en el catálogo — consigue el contacto del proveedor para pedirla.</p>"
"2002-alemania-primera-equipacion","2002 Alemania primera equipación","<p>2002 Alemania primera equipación. Disponible en el catálogo — consigue el contacto del proveedor para pedirla.</p>"
"2024-alemania-segunda-equipacion","2024 Alemania segunda equipación","<p>2024 Alemania segunda equipación. Disponible en el catálogo — consigue el contacto del proveedor para pedirla.</p>"
"2025-alemania-equipacion-especial-125-aniversario","2025 Alemania equipación especial 125 aniversario","<p>2025 Alemania equipación especial 125 aniversario. Disponible en el catálogo — consigue el contacto del proveedor para pedirla.</p>"
"2026-alemania-primera-equipacion","2026 Alemania primera equipación","<p>2026 Alemania primera equipación. Disponible en el catálogo — consigue el contacto del proveedor para pedirla.</p>"
"2006-alemania-primera-equipacion-manga-larga","2006 Alemania primera equipación manga larga","<p>2006 Alemania primera equipación manga larga. Disponible en el catálogo — consigue el contacto del proveedor para pedirla.</p>"
"2026-alemania-segunda-equipacion","2026 Alemania segunda equipación","<p>2026 Alemania segunda equipación. Disponible en el catálogo — consigue el contacto del proveedor para pedirla.</p>"
"2026-alemania-portero-primera-equipacion-nino","2026 Alemania portero primera equipación niño","<p>2026 Alemania portero primera equipación niño. Disponible en el catálogo — consigue el contacto del proveedor para pedirla.</p>"
"2026-alemania-segunda-equipacion-nino","2026 Alemania segunda equipación niño","<p>2026 Alemania segunda equipación niño. Disponible en el catálogo — consigue el contacto del proveedor para pedirla.</p>"
"2014-alemania-primera-equipacion","2014 Alemania primera equipación","<p>2014 Alemania primera equipación. Disponible en el catálogo — consigue el contacto del proveedor para pedirla.</p>"
"2025-alemania-portero-equipacion-especial-125-aniversario","2025 Alemania portero equipación especial 125 aniversario","<p>2025 Alemania portero equipación especial 125 aniversario. Disponible en el catálogo — consigue el contacto del proveedor para pedirla.</p>"
"2025-alemania-equipacion-especial-125-aniversario-negra","2025 Alemania equipación especial 125 aniversario negra","<p>2025 Alemania equipación especial 125 aniversario negra. Disponible en el catálogo — consigue el contacto del proveedor para pedirla.</p>"
"2026-alemania-primera-equipacion-manga-larga","2026 Alemania primera equipación manga larga","<p>2026 Alemania primera equipación manga larga. Disponible en el catálogo — consigue el contacto del proveedor para pedirla.</p>"
"2014-alemania-primera-equipacion-manga-larga","2014 Alemania primera equipación manga larga","<p>2014 Alemania primera equipación manga larga. Disponible en el catálogo — consigue el contacto del proveedor para pedirla.</p>"
"1994-italia-segunda-equipacion","1994 Italia segunda equipación","<p>1994 Italia segunda equipación. Disponible en el catálogo — consigue el contacto del proveedor para pedirla.</p>"
"1992-italia-primera-equipacion","1992 Italia primera equipación","<p>1992 Italia primera equipación. Disponible en el catálogo — consigue el contacto del proveedor para pedirla.</p>"
"2000-italia-primera-equipacion","2000 Italia primera equipación","<p>2000 Italia primera equipación. Disponible en el catálogo — consigue el contacto del proveedor para pedirla.</p>"
"1994-italia-primera-equipacion","1994 Italia primera equipación","<p>1994 Italia primera equipación. Disponible en el catálogo — consigue el contacto del proveedor para pedirla.</p>"
"2006-italia-portero-primera-equipacion","2006 Italia portero primera equipación","<p>2006 Italia portero primera equipación. Disponible en el catálogo — consigue el contacto del proveedor para pedirla.</p>"
"1996-italia-primera-equipacion","1996 Italia primera equipación","<p>1996 Italia primera equipación. Disponible en el catálogo — consigue el contacto del proveedor para pedirla.</p>"
"1996-italia-segunda-equipacion","1996 Italia segunda equipación","<p>1996 Italia segunda equipación. Disponible en el catálogo — consigue el contacto del proveedor para pedirla.</p>"
"1998-italia-primera-equipacion","1998 Italia primera equipación","<p>1998 Italia primera equipación. Disponible en el catálogo — consigue el contacto del proveedor para pedirla.</p>"
"2026-italia-segunda-equipacion-entrenamiento","2026 Italia segunda equipación entrenamiento","<p>2026 Italia segunda equipación entrenamiento. Disponible en el catálogo — consigue el contacto del proveedor para pedirla.</p>"
"italia-x-versace-equipacion-especial-blanca","Italia x Versace equipación especial blanca","<p>Italia x Versace equipación especial blanca. Disponible en el catálogo — consigue el contacto del proveedor para pedirla.</p>"
"italia-x-versace-equipacion-especial-rosa","Italia x Versace equipación especial rosa","<p>Italia x Versace equipación especial rosa. Disponible en el catálogo — consigue el contacto del proveedor para pedirla.</p>"
"italia-x-versace-equipacion-especial-azul","Italia x Versace equipación especial azul","<p>Italia x Versace equipación especial azul. Disponible en el catálogo — consigue el contacto del proveedor para pedirla.</p>"
"italia-x-versace-equipacion-especial-negra","Italia x Versace equipación especial negra","<p>Italia x Versace equipación especial negra. Disponible en el catálogo — consigue el contacto del proveedor para pedirla.</p>"
"2012-italia-primera-equipacion","2012 Italia primera equipación","<p>2012 Italia primera equipación. Disponible en el catálogo — consigue el contacto del proveedor para pedirla.</p>"
"2024-italia-equipacion-especial","2024 Italia equipación especial","<p>2024 Italia equipación especial. Disponible en el catálogo — consigue el contacto del proveedor para pedirla.</p>"
"2023-italia-equipacion-especial-125-aniversario","2023 Italia equipación especial 125 aniversario","<p>2023 Italia equipación especial 125 aniversario. Disponible en el catálogo — consigue el contacto del proveedor para pedirla.</p>"
"2026-italia-segunda-equipacion","2026 Italia segunda equipación","<p>2026 Italia segunda equipación. Disponible en el catálogo — consigue el contacto del proveedor para pedirla.</p>"
"2026-italia-primera-equipacion-nino","2026 Italia primera equipación niño","<p>2026 Italia primera equipación niño. Disponible en el catálogo — consigue el contacto del proveedor para pedirla.</p>"
"2026-italia-primera-equipacion","2026 Italia primera equipación","<p>2026 Italia primera equipación. Disponible en el catálogo — consigue el contacto del proveedor para pedirla.</p>"
"2006-italia-primera-equipacion-manga-larga","2006 Italia primera equipación manga larga","<p>2006 Italia primera equipación manga larga. Disponible en el catálogo — consigue el contacto del proveedor para pedirla.</p>"
"2026-italia-segunda-equipacion-nino","2026 Italia segunda equipación niño","<p>2026 Italia segunda equipación niño. Disponible en el catálogo — consigue el contacto del proveedor para pedirla.</p>"
"1994-italia-primera-equipacion-manga-larga","1994 Italia primera equipación manga larga","<p>1994 Italia primera equipación manga larga. Disponible en el catálogo — consigue el contacto del proveedor para pedirla.</p>"
"2022-brasil-equipacion-especial-negra-reflectante","2022 Brasil equipación especial negra reflectante","<p>2022 Brasil equipación especial negra reflectante. Disponible en el catálogo — consigue el contacto del proveedor para pedirla.</p>"
"2026-portugal-segunda-equipacion","2026 Portugal segunda equipación","<p>2026 Portugal segunda equipación. Disponible en el catálogo — consigue el contacto del proveedor para pedirla.</p>"
"2026-portugal-segunda-equipacion-nino","2026 Portugal segunda equipación niño","<p>2026 Portugal segunda equipación niño. Disponible en el catálogo — consigue el contacto del proveedor para pedirla.</p>"
"2026-portugal-primera-equipacion-nino","2026 Portugal primera equipación niño","<p>2026 Portugal primera equipación niño. Disponible en el catálogo — consigue el contacto del proveedor para pedirla.</p>"
"2026-portugal-primera-equipacion-manga-larga","2026 Portugal primera equipación manga larga","<p>2026 Portugal primera equipación manga larga. Disponible en el catálogo — consigue el contacto del proveedor para pedirla.</p>"
"98-99-roma-tercera-equipacion-manga-larga","98-99 Roma tercera equipación manga larga","<p>98-99 Roma tercera equipación manga larga. Disponible en el catálogo — consigue el contacto del proveedor para pedirla.</p>"
"98-99-roma-tercera-equipacion","98-99 Roma tercera equipación","<p>98-99 Roma tercera equipación. Disponible en el catálogo — consigue el contacto del proveedor para pedirla.</p>"
"2026-portugal-primera-equipacion","2026 Portugal primera equipación","<p>2026 Portugal primera equipación. Disponible en el catálogo — consigue el contacto del proveedor para pedirla.</p>"
"2026-espana-portero-primera-equipacion","2026 España portero primera equipación","<p>2026 España portero primera equipación. Disponible en el catálogo — consigue el contacto del proveedor para pedirla.</p>"
"2026-uruguay-primera-equipacion","2026 Uruguay primera equipación","<p>2026 Uruguay primera equipación. Disponible en el catálogo — consigue el contacto del proveedor para pedirla.</p>"
"96-98-crystal-palace-primera-equipacion","96-98 Crystal Palace primera equipación","<p>96-98 Crystal Palace primera equipación. Disponible en el catálogo — consigue el contacto del proveedor para pedirla.</p>"
"98-99-crystal-palace-primera-equipacion","98-99 Crystal Palace primera equipación","<p>98-99 Crystal Palace primera equipación. Disponible en el catálogo — consigue el contacto del proveedor para pedirla.</p>"
"25-26-crystal-palace-tercera-equipacion","25-26 Crystal Palace tercera equipación","<p>25-26 Crystal Palace tercera equipación. Disponible en el catálogo — consigue el contacto del proveedor para pedirla.</p>"
"25-26-crystal-palace-segunda-equipacion","25-26 Crystal Palace segunda equipación","<p>25-26 Crystal Palace segunda equipación. Disponible en el catálogo — consigue el contacto del proveedor para pedirla.</p>"
"93-94-sunderland-tercera-equipacion","93-94 Sunderland tercera equipación","<p>93-94 Sunderland tercera equipación. Disponible en el catálogo — consigue el contacto del proveedor para pedirla.</p>"
"05-07-sunderland-primera-equipacion","05-07 Sunderland primera equipación","<p>05-07 Sunderland primera equipación. Disponible en el catálogo — consigue el contacto del proveedor para pedirla.</p>"
"25-26-sunderland-primera-equipacion","25-26 Sunderland primera equipación","<p>25-26 Sunderland primera equipación. Disponible en el catálogo — consigue el contacto del proveedor para pedirla.</p>"
"93-95-everton-primera-equipacion","93-95 Everton primera equipación","<p>93-95 Everton primera equipación. Disponible en el catálogo — consigue el contacto del proveedor para pedirla.</p>"
"25-26-everton-segunda-equipacion","25-26 Everton segunda equipación","<p>25-26 Everton segunda equipación. Disponible en el catálogo — consigue el contacto del proveedor para pedirla.</p>"
"25-26-everton-primera-equipacion","25-26 Everton primera equipación","<p>25-26 Everton primera equipación. Disponible en el catálogo — consigue el contacto del proveedor para pedirla.</p>"
"25-26-brighton-tercera-equipacion","25-26 Brighton tercera equipación","<p>25-26 Brighton tercera equipación. Disponible en el catálogo — consigue el contacto del proveedor para pedirla.</p>"
"85-97-tottenham-primera-equipacion","85-97 Tottenham primera equipación","<p>85-97 Tottenham primera equipación. Disponible en el catálogo — consigue el contacto del proveedor para pedirla.</p>"
"95-97-tottenham-primera-equipacion","95-97 Tottenham primera equipación","<p>95-97 Tottenham primera equipación. Disponible en el catálogo — consigue el contacto del proveedor para pedirla.</p>"
"97-99-tottenham-primera-equipacion","97-99 Tottenham primera equipación","<p>97-99 Tottenham primera equipación. Disponible en el catálogo — consigue el contacto del proveedor para pedirla.</p>"
"93-95-tottenham-primera-equipacion","93-95 Tottenham primera equipación","<p>93-95 Tottenham primera equipación. Disponible en el catálogo — consigue el contacto del proveedor para pedirla.</p>"
"08-09-tottenham-primera-equipacion","08-09 Tottenham primera equipación","<p>08-09 Tottenham primera equipación. Disponible en el catálogo — consigue el contacto del proveedor para pedirla.</p>"
"06-07-tottenham-segunda-equipacion","06-07 Tottenham segunda equipación","<p>06-07 Tottenham segunda equipación. Disponible en el catálogo — consigue el contacto del proveedor para pedirla.</p>"
"91-95-tottenham-segunda-equipacion","91-95 Tottenham segunda equipación","<p>91-95 Tottenham segunda equipación. Disponible en el catálogo — consigue el contacto del proveedor para pedirla.</p>"
"95-97-tottenham-segunda-equipacion","95-97 Tottenham segunda equipación","<p>95-97 Tottenham segunda equipación. Disponible en el catálogo — consigue el contacto del proveedor para pedirla.</p>"
"97-99-tottenham-portero-primera-equipacion-manga-larga","97-99 Tottenham portero primera equipación manga larga","<p>97-99 Tottenham portero primera equipación manga larga. Disponible en el catálogo — consigue el contacto del proveedor para pedirla.</p>"
"97-99-tottenham-primera-equipacion-manga-larga","97-99 Tottenham primera equipación manga larga","<p>97-99 Tottenham primera equipación manga larga. Disponible en el catálogo — consigue el contacto del proveedor para pedirla.</p>"
"87-89-tottenham-primera-equipacion","87-89 Tottenham primera equipación","<p>87-89 Tottenham primera equipación. Disponible en el catálogo — consigue el contacto del proveedor para pedirla.</p>"
"83-84-tottenham-equipacion-final-europa-league","83-84 Tottenham equipación final Europa League","<p>83-84 Tottenham equipación final Europa League. Disponible en el catálogo — consigue el contacto del proveedor para pedirla.</p>"
"92-94-tottenham-tercera-equipacion","92-94 Tottenham tercera equipación","<p>92-94 Tottenham tercera equipación. Disponible en el catálogo — consigue el contacto del proveedor para pedirla.</p>"
"98-99-tottenham-segunda-equipacion","98-99 Tottenham segunda equipación","<p>98-99 Tottenham segunda equipación. Disponible en el catálogo — consigue el contacto del proveedor para pedirla.</p>"
"25-26-newcastle-primera-equipacion-manga-larga","25-26 Newcastle primera equipación manga larga","<p>25-26 Newcastle primera equipación manga larga. Disponible en el catálogo — consigue el contacto del proveedor para pedirla.</p>"
"25-26-newcastle-primera-equipacion","25-26 Newcastle primera equipación","<p>25-26 Newcastle primera equipación. Disponible en el catálogo — consigue el contacto del proveedor para pedirla.</p>"
"25-26-newcastle-primera-equipacion-nino","25-26 Newcastle primera equipación niño","<p>25-26 Newcastle primera equipación niño. Disponible en el catálogo — consigue el contacto del proveedor para pedirla.</p>"
"25-26-newcastle-tercera-equipacion-nino","25-26 Newcastle tercera equipación niño","<p>25-26 Newcastle tercera equipación niño. Disponible en el catálogo — consigue el contacto del proveedor para pedirla.</p>"
"25-26-newcastle-tercera-equipacion","25-26 Newcastle tercera equipación","<p>25-26 Newcastle tercera equipación. Disponible en el catálogo — consigue el contacto del proveedor para pedirla.</p>"
"25-26-newcastle-segunda-equipacion","25-26 Newcastle segunda equipación","<p>25-26 Newcastle segunda equipación. Disponible en el catálogo — consigue el contacto del proveedor para pedirla.</p>"
"03-05-newcastle-primera-equipacion","03-05 Newcastle primera equipación","<p>03-05 Newcastle primera equipación. Disponible en el catálogo — consigue el contacto del proveedor para pedirla.</p>"
"99-00-newcastle-primera-equipacion","99-00 Newcastle primera equipación","<p>99-00 Newcastle primera equipación. Disponible en el catálogo — consigue el contacto del proveedor para pedirla.</p>"
"98-99-newcastle-segunda-equipacion","98-99 Newcastle segunda equipación","<p>98-99 Newcastle segunda equipación. Disponible en el catálogo — consigue el contacto del proveedor para pedirla.</p>"
"96-97-newcastle-portero-equipacion-skyline-manga-larga","96-97 Newcastle portero equipación skyline manga larga","<p>96-97 Newcastle portero equipación skyline manga larga. Disponible en el catálogo — consigue el contacto del proveedor para pedirla.</p>"
"95-96-newcastle-portero-primera-equipacion-manga-larga","95-96 Newcastle portero primera equipación manga larga","<p>95-96 Newcastle portero primera equipación manga larga. Disponible en el catálogo — consigue el contacto del proveedor para pedirla.</p>"
"95-96-newcastle-portero-segunda-equipacion-manga-larga","95-96 Newcastle portero segunda equipación manga larga","<p>95-96 Newcastle portero segunda equipación manga larga. Disponible en el catálogo — consigue el contacto del proveedor para pedirla.</p>"
"96-97-newcastle-equipacion-skyline","96-97 Newcastle equipación skyline","<p>96-97 Newcastle equipación skyline. Disponible en el catálogo — consigue el contacto del proveedor para pedirla.</p>"
"04-05-newcastle-segunda-equipacion","04-05 Newcastle segunda equipación","<p>04-05 Newcastle segunda equipación. Disponible en el catálogo — consigue el contacto del proveedor para pedirla.</p>"
"97-98-newcastle-segunda-equipacion","97-98 Newcastle segunda equipación","<p>97-98 Newcastle segunda equipación. Disponible en el catálogo — consigue el contacto del proveedor para pedirla.</p>"
"00-01-newcastle-segunda-equipacion","00-01 Newcastle segunda equipación","<p>00-01 Newcastle segunda equipación. Disponible en el catálogo — consigue el contacto del proveedor para pedirla.</p>"
"05-07-newcastle-primera-equipacion","05-07 Newcastle primera equipación","<p>05-07 Newcastle primera equipación. Disponible en el catálogo — consigue el contacto del proveedor para pedirla.</p>"
"00-01-newcastle-primera-equipacion","00-01 Newcastle primera equipación","<p>00-01 Newcastle primera equipación. Disponible en el catálogo — consigue el contacto del proveedor para pedirla.</p>"
"97-99-newcastle-primera-equipacion","97-99 Newcastle primera equipación","<p>97-99 Newcastle primera equipación. Disponible en el catálogo — consigue el contacto del proveedor para pedirla.</p>"
"95-97-newcastle-primera-equipacion","95-97 Newcastle primera equipación","<p>95-97 Newcastle primera equipación. Disponible en el catálogo — consigue el contacto del proveedor para pedirla.</p>"
"25-26-newcastle-primer-conjunto-de-entrenamiento","25-26 Newcastle primer conjunto de entrenamiento","<p>25-26 Newcastle primer conjunto de entrenamiento. Disponible en el catálogo — consigue el contacto del proveedor para pedirla.</p>"
"25-26-fulham-primer-conjunto-de-entrenamiento","25-26 Fulham primer conjunto de entrenamiento","<p>25-26 Fulham primer conjunto de entrenamiento. Disponible en el catálogo — consigue el contacto del proveedor para pedirla.</p>"
"25-26-fulham-primer-conjunto-de-entrenamiento-sin-mangas","25-26 Fulham primer conjunto de entrenamiento sin mangas","<p>25-26 Fulham primer conjunto de entrenamiento sin mangas. Disponible en el catálogo — consigue el contacto del proveedor para pedirla.</p>"
"82-84-nottingham-forest-primera-equipacion-manga-larga","82-84 Nottingham Forest primera equipación manga larga","<p>82-84 Nottingham Forest primera equipación manga larga. Disponible en el catálogo — consigue el contacto del proveedor para pedirla.</p>"
"77-80-nottingham-forest-primera-equipacion-manga-larga","77-80 Nottingham Forest primera equipación manga larga","<p>77-80 Nottingham Forest primera equipación manga larga. Disponible en el catálogo — consigue el contacto del proveedor para pedirla.</p>"
"82-84-nottingham-forest-primera-equipacion","82-84 Nottingham Forest primera equipación","<p>82-84 Nottingham Forest primera equipación. Disponible en el catálogo — consigue el contacto del proveedor para pedirla.</p>"
"77-80-nottingham-forest-primera-equipacion","77-80 Nottingham Forest primera equipación","<p>77-80 Nottingham Forest primera equipación. Disponible en el catálogo — consigue el contacto del proveedor para pedirla.</p>"
"77-80-nottingham-forest-segunda-equipacion","77-80 Nottingham Forest segunda equipación","<p>77-80 Nottingham Forest segunda equipación. Disponible en el catálogo — consigue el contacto del proveedor para pedirla.</p>"
"25-26-nottingham-forest-tercera-equipacion-nino","25-26 Nottingham Forest tercera equipación niño","<p>25-26 Nottingham Forest tercera equipación niño. Disponible en el catálogo — consigue el contacto del proveedor para pedirla.</p>"
"25-26-nottingham-forest-segunda-equipacion-nino","25-26 Nottingham Forest segunda equipación niño","<p>25-26 Nottingham Forest segunda equipación niño. Disponible en el catálogo — consigue el contacto del proveedor para pedirla.</p>"
"25-26-nottingham-forest-primera-equipacion-nino-sponsor-incluido","25-26 Nottingham Forest primera equipación niño (Sponsor incluido)","<p>25-26 Nottingham Forest primera equipación niño (Sponsor incluido). Disponible en el catálogo — consigue el contacto del proveedor para pedirla.</p>"
"25-26-nottingham-forest-primer-conjunto-de-entrenamiento-sin-mangas","25-26 Nottingham Forest primer conjunto de entrenamiento sin mangas","<p>25-26 Nottingham Forest primer conjunto de entrenamiento sin mangas. Disponible en el catálogo — consigue el contacto del proveedor para pedirla.</p>"
"25-26-nottingham-forest-primer-conjunto-de-entrenamiento","25-26 Nottingham Forest primer conjunto de entrenamiento","<p>25-26 Nottingham Forest primer conjunto de entrenamiento. Disponible en el catálogo — consigue el contacto del proveedor para pedirla.</p>"
"94-96-nottingham-forest-primera-equipacion","94-96 Nottingham Forest primera equipación","<p>94-96 Nottingham Forest primera equipación. Disponible en el catálogo — consigue el contacto del proveedor para pedirla.</p>"
"95-96-leeds-primera-equipacion","95-96 Leeds primera equipación","<p>95-96 Leeds primera equipación. Disponible en el catálogo — consigue el contacto del proveedor para pedirla.</p>"
"25-26-leeds-terrace-icons","25-26 Leeds Terrace Icons","<p>25-26 Leeds Terrace Icons. Disponible en el catálogo — consigue el contacto del proveedor para pedirla.</p>"
"25-26-leeds-tercera-equipacion","25-26 Leeds tercera equipación","<p>25-26 Leeds tercera equipación. Disponible en el catálogo — consigue el contacto del proveedor para pedirla.</p>"
"25-26-leeds-segunda-equipacion","25-26 Leeds segunda equipación","<p>25-26 Leeds segunda equipación. Disponible en el catálogo — consigue el contacto del proveedor para pedirla.</p>"
"25-26-leeds-primera-equipacion","25-26 Leeds primera equipación","<p>25-26 Leeds primera equipación. Disponible en el catálogo — consigue el contacto del proveedor para pedirla.</p>"
"25-26-leeds-primer-conjunto-de-entrenamiento-sin-mangas","25-26 Leeds primer conjunto de entrenamiento sin mangas","<p>25-26 Leeds primer conjunto de entrenamiento sin mangas. Disponible en el catálogo — consigue el contacto del proveedor para pedirla.</p>"
"25-26-leeds-primer-conjunto-de-entrenamiento","25-26 Leeds primer conjunto de entrenamiento","<p>25-26 Leeds primer conjunto de entrenamiento. Disponible en el catálogo — consigue el contacto del proveedor para pedirla.</p>"
"25-26-west-ham-primera-equipacion","25-26 West Ham primera equipación","<p>25-26 West Ham primera equipación. Disponible en el catálogo — consigue el contacto del proveedor para pedirla.</p>"
"25-26-west-ham-segunda-equipacion","25-26 West Ham segunda equipación","<p>25-26 West Ham segunda equipación. Disponible en el catálogo — consigue el contacto del proveedor para pedirla.</p>"
"25-26-west-ham-tercera-equipacion","25-26 West Ham tercera equipación","<p>25-26 West Ham tercera equipación. Disponible en el catálogo — consigue el contacto del proveedor para pedirla.</p>"
"99-01-west-ham-tercera-equipacion","99-01 West Ham tercera equipación","<p>99-01 West Ham tercera equipación. Disponible en el catálogo — consigue el contacto del proveedor para pedirla.</p>"
"25-26-west-ham-segundo-conjunto-de-entrenamiento-sin-mangas","25-26 West Ham segundo conjunto de entrenamiento sin mangas","<p>25-26 West Ham segundo conjunto de entrenamiento sin mangas. Disponible en el catálogo — consigue el contacto del proveedor para pedirla.</p>"
"25-26-west-ham-segundo-conjunto-de-entrenamiento","25-26 West Ham segundo conjunto de entrenamiento","<p>25-26 West Ham segundo conjunto de entrenamiento. Disponible en el catálogo — consigue el contacto del proveedor para pedirla.</p>"
"25-26-west-ham-primer-conjunto-de-entrenamiento","25-26 West Ham primer conjunto de entrenamiento","<p>25-26 West Ham primer conjunto de entrenamiento. Disponible en el catálogo — consigue el contacto del proveedor para pedirla.</p>"
"79-82-wolverhampton-primera-equipacion-manga-larga","79-82 Wolverhampton primera equipación manga larga","<p>79-82 Wolverhampton primera equipación manga larga. Disponible en el catálogo — consigue el contacto del proveedor para pedirla.</p>"
"98-00-wolverhampton-primera-equipacion","98-00 Wolverhampton primera equipación","<p>98-00 Wolverhampton primera equipación. Disponible en el catálogo — consigue el contacto del proveedor para pedirla.</p>"
"85-86-wolverhampton-primera-equipacion","85-86 Wolverhampton primera equipación","<p>85-86 Wolverhampton primera equipación. Disponible en el catálogo — consigue el contacto del proveedor para pedirla.</p>"
"02-04-wolverhampton-primera-equipacion","02-04 Wolverhampton primera equipación","<p>02-04 Wolverhampton primera equipación. Disponible en el catálogo — consigue el contacto del proveedor para pedirla.</p>"
"96-98-wolverhampton-primera-equipacion","96-98 Wolverhampton primera equipación","<p>96-98 Wolverhampton primera equipación. Disponible en el catálogo — consigue el contacto del proveedor para pedirla.</p>"
"18-19-wolverhampton-primera-equipacion","18-19 Wolverhampton primera equipación","<p>18-19 Wolverhampton primera equipación. Disponible en el catálogo — consigue el contacto del proveedor para pedirla.</p>"
"24-25-wolverhampton-equipacion-especial-70-aniversario","24-25 Wolverhampton equipación especial 70 aniversario","<p>24-25 Wolverhampton equipación especial 70 aniversario. Disponible en el catálogo — consigue el contacto del proveedor para pedirla.</p>"
"25-26-wolverhampton-portero-primera-equipacion","25-26 Wolverhampton portero primera equipación","<p>25-26 Wolverhampton portero primera equipación. Disponible en el catálogo — consigue el contacto del proveedor para pedirla.</p>"
"25-26-bayern-de-munich-equipacion-especial-beige","25-26 Bayern de Munich equipación especial beige","<p>25-26 Bayern de Munich equipación especial beige. Disponible en el catálogo — consigue el contacto del proveedor para pedirla.</p>"
"13-14-bayern-de-munich-primera-equipacion","13-14 Bayern de Munich primera equipación","<p>13-14 Bayern de Munich primera equipación. Disponible en el catálogo — consigue el contacto del proveedor para pedirla.</p>"
"97-98-bayern-de-munich-primera-equipacion","97-98 Bayern de Munich primera equipacion","<p>97-98 Bayern de Munich primera equipacion. Disponible en el catálogo — consigue el contacto del proveedor para pedirla.</p>"
"25-26-bayern-de-munich-us-pack","25-26 Bayern de Munich US pack","<p>25-26 Bayern de Munich US pack. Disponible en el catálogo — consigue el contacto del proveedor para pedirla.</p>"
"98-00-bayern-de-munich-segunda-equipacion","98-00 Bayern de Munich segunda equipación","<p>98-00 Bayern de Munich segunda equipación. Disponible en el catálogo — consigue el contacto del proveedor para pedirla.</p>"
"98-99-bayern-de-munich-tercera-equipacion","98-99 Bayern de Munich tercera equipacion","<p>98-99 Bayern de Munich tercera equipacion. Disponible en el catálogo — consigue el contacto del proveedor para pedirla.</p>"
"24-25-bayern-de-munich-originals","24-25 Bayern de Munich originals","<p>24-25 Bayern de Munich originals. Disponible en el catálogo — consigue el contacto del proveedor para pedirla.</p>"
"06-07-bayern-de-munich-primera-equipacion","06-07 Bayern de Munich primera equipación","<p>06-07 Bayern de Munich primera equipación. Disponible en el catálogo — consigue el contacto del proveedor para pedirla.</p>"
"24-25-bayern-de-munich-segunda-equipacion-nino","24-25 Bayern de Munich segunda equipación niño","<p>24-25 Bayern de Munich segunda equipación niño. Disponible en el catálogo — consigue el contacto del proveedor para pedirla.</p>"
"03-04-bayern-de-munich-primera-equipacion","03-04 Bayern de Munich primera equipación","<p>03-04 Bayern de Munich primera equipación. Disponible en el catálogo — consigue el contacto del proveedor para pedirla.</p>"
"25-26-bayern-de-munich-equipacion-especial","25-26 Bayern de Munich equipación especial","<p>25-26 Bayern de Munich equipación especial. Disponible en el catálogo — consigue el contacto del proveedor para pedirla.</p>"
"12-13-bayern-de-munich-primera-equipacion","12-13 Bayern de Munich primera equipación","<p>12-13 Bayern de Munich primera equipación. Disponible en el catálogo — consigue el contacto del proveedor para pedirla.</p>"
"98-99-napoli-primera-equipacion-manga-larga","98-99 Napoli primera equipación manga larga","<p>98-99 Napoli primera equipación manga larga. Disponible en el catálogo — consigue el contacto del proveedor para pedirla.</p>"
"98-99-napoli-segunda-equipacion","98-99 Napoli segunda equipación","<p>98-99 Napoli segunda equipación. Disponible en el catálogo — consigue el contacto del proveedor para pedirla.</p>"
"98-99-napoli-primera-equipacion","98-99 Napoli primera equipación","<p>98-99 Napoli primera equipación. Disponible en el catálogo — consigue el contacto del proveedor para pedirla.</p>"
"25-26-napoli-tercera-equipacionn","25-26 Napoli tercera equipaciónn","<p>25-26 Napoli tercera equipaciónn. Disponible en el catálogo — consigue el contacto del proveedor para pedirla.</p>"
"25-26-napoli-segunda-equipacion-champions-league","25-26 Napoli segunda equipación (Champions League)","<p>25-26 Napoli segunda equipación (Champions League). Disponible en el catálogo — consigue el contacto del proveedor para pedirla.</p>"
"25-26-napoli-segunda-equipacion","25-26 Napoli segunda equipación","<p>25-26 Napoli segunda equipación. Disponible en el catálogo — consigue el contacto del proveedor para pedirla.</p>"
"19-20-juventus-primera-equipacion","19-20 Juventus primera equipación","<p>19-20 Juventus primera equipación. Disponible en el catálogo — consigue el contacto del proveedor para pedirla.</p>"
"15-16-juventus-tercera-equipacion","15-16 Juventus tercera equipación","<p>15-16 Juventus tercera equipación. Disponible en el catálogo — consigue el contacto del proveedor para pedirla.</p>"
"15-16-juventus-segunda-equipacion","15-16 Juventus segunda equipación","<p>15-16 Juventus segunda equipación. Disponible en el catálogo — consigue el contacto del proveedor para pedirla.</p>"
"15-16-juventus-segunda-equipacion-manga-larga","15-16 Juventus segunda equipación manga larga","<p>15-16 Juventus segunda equipación manga larga. Disponible en el catálogo — consigue el contacto del proveedor para pedirla.</p>"
"2025-nigeria-segunda-equipacion","2025 Nigeria segunda equipación","<p>2025 Nigeria segunda equipación. Disponible en el catálogo — consigue el contacto del proveedor para pedirla.</p>"
"2024-2025-algeria-segunda-equipacion","2024-2025 Algeria segunda equipación","<p>2024-2025 Algeria segunda equipación. Disponible en el catálogo — consigue el contacto del proveedor para pedirla.</p>"
"2024-2025-senegal-segunda-equipacion","2024-2025 Senegal segunda equipación","<p>2024-2025 Senegal segunda equipación. Disponible en el catálogo — consigue el contacto del proveedor para pedirla.</p>"
"2025-marruecos-segunda-equipacion","2025 Marruecos segunda equipación","<p>2025 Marruecos segunda equipación. Disponible en el catálogo — consigue el contacto del proveedor para pedirla.</p>"
"2025-marruecos-primera-equipacion","2025 Marruecos primera equipación","<p>2025 Marruecos primera equipación. Disponible en el catálogo — consigue el contacto del proveedor para pedirla.</p>"
"2006-italia-primera-equipacion","2006 Italia primera equipación","<p>2006 Italia primera equipación. Disponible en el catálogo — consigue el contacto del proveedor para pedirla.</p>"
"2012-santos-primera-equipacion-manga-larga","2012 Santos primera equipación manga larga","<p>2012 Santos primera equipación manga larga. Disponible en el catálogo — consigue el contacto del proveedor para pedirla.</p>"
"25-26-tottenham-tercera-equipacion-nino","25-26 Tottenham tercera equipación niño","<p>25-26 Tottenham tercera equipación niño. Disponible en el catálogo — consigue el contacto del proveedor para pedirla.</p>"
"25-26-tottenham-primera-equipacion-nino","25-26 Tottenham primera equipación niño","<p>25-26 Tottenham primera equipación niño. Disponible en el catálogo — consigue el contacto del proveedor para pedirla.</p>"
"25-26-tottenham-segunda-equipacion-nino","25-26 Tottenham segunda equipación niño","<p>25-26 Tottenham segunda equipación niño. Disponible en el catálogo — consigue el contacto del proveedor para pedirla.</p>"
"25-26-tottenham-tercera-equipacion","25-26 Tottenham tercera equipación","<p>25-26 Tottenham tercera equipación. Disponible en el catálogo — consigue el contacto del proveedor para pedirla.</p>"
"25-26-bayern-de-munich-especial-verde","25-26 Bayern de Munich especial verde","<p>25-26 Bayern de Munich especial verde. Disponible en el catálogo — consigue el contacto del proveedor para pedirla.</p>"
"25-26-athletic-de-bilbao-cuarta-equipacion","25-26 Athletic de Bilbao cuarta equipación","<p>25-26 Athletic de Bilbao cuarta equipación. Disponible en el catálogo — consigue el contacto del proveedor para pedirla.</p>"
"25-26-bayern-de-munich-aniversario-125-primera-equipacion-nino","25-26 Bayern de Munich aniversario 125 primera equipación niño","<p>25-26 Bayern de Munich aniversario 125 primera equipación niño. Disponible en el catálogo — consigue el contacto del proveedor para pedirla.</p>"
"25-26-bayern-de-munich-125-aniversario-roja","25-26 Bayern de Munich 125 aniversario roja","<p>25-26 Bayern de Munich 125 aniversario roja. Disponible en el catálogo — consigue el contacto del proveedor para pedirla.</p>"
"13-14-bayern-de-munich-primera-equipacion-manga-larga","13-14 Bayern de Munich primera equipación manga larga","<p>13-14 Bayern de Munich primera equipación manga larga. Disponible en el catálogo — consigue el contacto del proveedor para pedirla.</p>"
"25-26-bayern-de-munich-125-aniversario-blanca","25-26 Bayern de Munich 125 aniversario blanca","<p>25-26 Bayern de Munich 125 aniversario blanca. Disponible en el catálogo — consigue el contacto del proveedor para pedirla.</p>"
"97-98-bayern-de-munich-segunda-equipacion-manga-larga","97-98 Bayern de Munich segunda equipacion manga larga","<p>97-98 Bayern de Munich segunda equipacion manga larga. Disponible en el catálogo — consigue el contacto del proveedor para pedirla.</p>"
"24-25-bayern-de-munich-125-aniversario-roja-manga-larga","24-25 Bayern de Munich 125 aniversario roja manga larga","<p>24-25 Bayern de Munich 125 aniversario roja manga larga. Disponible en el catálogo — consigue el contacto del proveedor para pedirla.</p>"
"23-24-bayern-de-munich-primera-equipacion","23-24 Bayern de Munich primera equipación","<p>23-24 Bayern de Munich primera equipación. Disponible en el catálogo — consigue el contacto del proveedor para pedirla.</p>"
"2024-chile-primera-equipacion","2024 Chile primera equipación","<p>2024 Chile primera equipación. Disponible en el catálogo — consigue el contacto del proveedor para pedirla.</p>"
"2024-chile-segunda-equipacion","2024 Chile segunda equipación","<p>2024 Chile segunda equipación. Disponible en el catálogo — consigue el contacto del proveedor para pedirla.</p>"
"1982-chile-primera-equipacion","1982 Chile primera equipación","<p>1982 Chile primera equipación. Disponible en el catálogo — consigue el contacto del proveedor para pedirla.</p>"
"1998-chile-primera-equipacion","1998 Chile primera equipación","<p>1998 Chile primera equipación. Disponible en el catálogo — consigue el contacto del proveedor para pedirla.</p>"
"1998-chile-segunda-equipacion","1998 Chile segunda equipación","<p>1998 Chile segunda equipación. Disponible en el catálogo — consigue el contacto del proveedor para pedirla.</p>"
"1998-chile-primera-equipacion-manga-larga","1998 Chile primera equipación manga larga","<p>1998 Chile primera equipación manga larga. Disponible en el catálogo — consigue el contacto del proveedor para pedirla.</p>"
"2026-chile-primera-equipacion-nino","2026 Chile primera equipación niño","<p>2026 Chile primera equipación niño. Disponible en el catálogo — consigue el contacto del proveedor para pedirla.</p>"
"2026-chile-primera-equipacion","2026 Chile primera equipación","<p>2026 Chile primera equipación. Disponible en el catálogo — consigue el contacto del proveedor para pedirla.</p>"
"25-26-corinthians-tercera-equipacion-sponsors-incluidos","25-26 Corinthians tercera equipación (Sponsors incluidos)","<p>25-26 Corinthians tercera equipación (Sponsors incluidos). Disponible en el catálogo — consigue el contacto del proveedor para pedirla.</p>"
"2020-argentina-primera-equipacion","2020 Argentina primera equipación","<p>2020 Argentina primera equipación. Disponible en el catálogo — consigue el contacto del proveedor para pedirla.</p>"
"2020-argentina-segunda-equipacion","2020 Argentina segunda equipación","<p>2020 Argentina segunda equipación. Disponible en el catálogo — consigue el contacto del proveedor para pedirla.</p>"
"2026-belgica-primera-equipacion","2026 Bélgica primera equipación","<p>2026 Bélgica primera equipación. Disponible en el catálogo — consigue el contacto del proveedor para pedirla.</p>"
"1978-argentina-primera-equipacion","1978 Argentina primera equipación","<p>1978 Argentina primera equipación. Disponible en el catálogo — consigue el contacto del proveedor para pedirla.</p>"
"2024-argentina-primera-equipacion-mujer","2024 Argentina primera equipación mujer","<p>2024 Argentina primera equipación mujer. Disponible en el catálogo — consigue el contacto del proveedor para pedirla.</p>"
"1994-argentina-segunda-equipacion","1994 Argentina segunda equipación","<p>1994 Argentina segunda equipación. Disponible en el catálogo — consigue el contacto del proveedor para pedirla.</p>"
"2010-argentina-primera-equipacion","2010 Argentina primera equipación","<p>2010 Argentina primera equipación. Disponible en el catálogo — consigue el contacto del proveedor para pedirla.</p>"
"1993-argentina-primera-equipacion","1993 Argentina primera equipación","<p>1993 Argentina primera equipación. Disponible en el catálogo — consigue el contacto del proveedor para pedirla.</p>"
"2024-argentina-segunda-equipacion-mujer","2024 Argentina segunda equipación mujer","<p>2024 Argentina segunda equipación mujer. Disponible en el catálogo — consigue el contacto del proveedor para pedirla.</p>"
"25-26-juventus-primera-equipacion-manga-larga","25-26 Juventus primera equipación manga larga","<p>25-26 Juventus primera equipación manga larga. Disponible en el catálogo — consigue el contacto del proveedor para pedirla.</p>"
"1998-argentina-segunda-equipacion","1998 Argentina segunda equipación","<p>1998 Argentina segunda equipación. Disponible en el catálogo — consigue el contacto del proveedor para pedirla.</p>"
"25-26-juventus-tercera-equipacion-nino-sponsor-incluido","25-26 Juventus tercera equipación niño (Sponsor incluido)","<p>25-26 Juventus tercera equipación niño (Sponsor incluido). Disponible en el catálogo — consigue el contacto del proveedor para pedirla.</p>"
"1998-argentina-primera-equipacion","1998 Argentina primera equipación","<p>1998 Argentina primera equipación. Disponible en el catálogo — consigue el contacto del proveedor para pedirla.</p>"
"25-26-juventus-terrace-icons","25-26 Juventus Terrace Icons","<p>25-26 Juventus Terrace Icons. Disponible en el catálogo — consigue el contacto del proveedor para pedirla.</p>"
"25-26-juventus-us-pack","25-26 Juventus US Pack","<p>25-26 Juventus US Pack. Disponible en el catálogo — consigue el contacto del proveedor para pedirla.</p>"
"1986-argentina-segunda-equipacion","1986 Argentina segunda equipacion","<p>1986 Argentina segunda equipacion. Disponible en el catálogo — consigue el contacto del proveedor para pedirla.</p>"
"25-26-juventus-primera-equipacion-nino-sponsor-incluido","25-26 Juventus primera equipación niño (Sponsor incluido)","<p>25-26 Juventus primera equipación niño (Sponsor incluido). Disponible en el catálogo — consigue el contacto del proveedor para pedirla.</p>"
"25-26-juventus-primera-equipacion-sponsor-incluido","25-26 Juventus primera equipación (Sponsor incluido)","<p>25-26 Juventus primera equipación (Sponsor incluido). Disponible en el catálogo — consigue el contacto del proveedor para pedirla.</p>"
"2024-argentina-segunda-equipacion-nino","2024 Argentina segunda equipación niño","<p>2024 Argentina segunda equipación niño. Disponible en el catálogo — consigue el contacto del proveedor para pedirla.</p>"
"25-26-juventus-segunda-equipacion-nino-sponsor-incluido","25-26 Juventus segunda equipación niño (Sponsor incluido)","<p>25-26 Juventus segunda equipación niño (Sponsor incluido). Disponible en el catálogo — consigue el contacto del proveedor para pedirla.</p>"
"25-26-juventus-segunda-equipacion-sponsor-incluido","25-26 Juventus segunda equipación (Sponsor incluido)","<p>25-26 Juventus segunda equipación (Sponsor incluido). Disponible en el catálogo — consigue el contacto del proveedor para pedirla.</p>"
"2002-argentina-segunda-equipacion","2002 Argentina segunda equipación","<p>2002 Argentina segunda equipación. Disponible en el catálogo — consigue el contacto del proveedor para pedirla.</p>"
"25-26-juventus-tercera-equipacion-sponsor-incluido","25-26 Juventus tercera equipación (Sponsor incluido)","<p>25-26 Juventus tercera equipación (Sponsor incluido). Disponible en el catálogo — consigue el contacto del proveedor para pedirla.</p>"
"2024-argentina-50-aniversario","2024 Argentina 50 aniversario","<p>2024 Argentina 50 aniversario. Disponible en el catálogo — consigue el contacto del proveedor para pedirla.</p>"
"2026-argentina-primera-equipacion-portero","2026 Argentina primera equipación portero","<p>2026 Argentina primera equipación portero. Disponible en el catálogo — consigue el contacto del proveedor para pedirla.</p>"
"2024-argentina-equipacion-especial","2024 Argentina equipación especial","<p>2024 Argentina equipación especial. Disponible en el catálogo — consigue el contacto del proveedor para pedirla.</p>"
"97-98-juventus-primera-equipacion","97-98 Juventus primera equipación","<p>97-98 Juventus primera equipación. Disponible en el catálogo — consigue el contacto del proveedor para pedirla.</p>"
"97-98-juventus-primera-equipacion-manga-larga","97-98 Juventus primera equipación manga larga","<p>97-98 Juventus primera equipación manga larga. Disponible en el catálogo — consigue el contacto del proveedor para pedirla.</p>"
"1994-argentina-segunda-equipacion-nino","1994 Argentina segunda equipación niño","<p>1994 Argentina segunda equipación niño. Disponible en el catálogo — consigue el contacto del proveedor para pedirla.</p>"
"1994-argentina-primera-equipacion","1994 Argentina primera equipación","<p>1994 Argentina primera equipación. Disponible en el catálogo — consigue el contacto del proveedor para pedirla.</p>"
"97-98-juventus-tercera-equipacion-100-aniversario","97-98 Juventus tercera equipación 100 aniversario","<p>97-98 Juventus tercera equipación 100 aniversario. Disponible en el catálogo — consigue el contacto del proveedor para pedirla.</p>"
"97-98-juventus-tercera-equipacion-100-aniversario-manga-larga","97-98 Juventus tercera equipación 100 aniversario manga larga","<p>97-98 Juventus tercera equipación 100 aniversario manga larga. Disponible en el catálogo — consigue el contacto del proveedor para pedirla.</p>"
"05-06-juventus-segunda-equipacion","05-06 Juventus segunda equipación","<p>05-06 Juventus segunda equipación. Disponible en el catálogo — consigue el contacto del proveedor para pedirla.</p>"
"2024-argentina-segunda-equipacion","2024 Argentina segunda equipación","<p>2024 Argentina segunda equipación. Disponible en el catálogo — consigue el contacto del proveedor para pedirla.</p>"
"2024-argentina-primera-equipacion-nino","2024  Argentina primera equipación niño","<p>2024  Argentina primera equipación niño. Disponible en el catálogo — consigue el contacto del proveedor para pedirla.</p>"
"11-12-juventus-segunda-equipacion","11-12 Juventus segunda equipación","<p>11-12 Juventus segunda equipación. Disponible en el catálogo — consigue el contacto del proveedor para pedirla.</p>"
"2006-argentina-primera-equipacion","2006 Argentina primera equipación","<p>2006 Argentina primera equipación. Disponible en el catálogo — consigue el contacto del proveedor para pedirla.</p>"
"99-00-juventus-primera-equipacion-manga-larga","99-00 Juventus primera equipación manga larga","<p>99-00 Juventus primera equipación manga larga. Disponible en el catálogo — consigue el contacto del proveedor para pedirla.</p>"
"2024-argentina-primera-equipacion","2024 Argentina primera equipación","<p>2024 Argentina primera equipación. Disponible en el catálogo — consigue el contacto del proveedor para pedirla.</p>"
"98-99-juventus-primera-equipacion","98-99 Juventus primera equipación","<p>98-99 Juventus primera equipación. Disponible en el catálogo — consigue el contacto del proveedor para pedirla.</p>"
"95-96-juventus-segunda-equipacion","95-96 Juventus segunda equipación","<p>95-96 Juventus segunda equipación. Disponible en el catálogo — consigue el contacto del proveedor para pedirla.</p>"
"2024-argentina-50-aniversario-viajes","2024 Argentina 50 aniversario viajes","<p>2024 Argentina 50 aniversario viajes. Disponible en el catálogo — consigue el contacto del proveedor para pedirla.</p>"
"97-98-juventus-segunda-equipacion","97-98 Juventus segunda equipación","<p>97-98 Juventus segunda equipación. Disponible en el catálogo — consigue el contacto del proveedor para pedirla.</p>"
"1994-argentina-segunda-equipacion-manga-larga","1994 Argentina segunda equipación manga larga","<p>1994 Argentina segunda equipación manga larga. Disponible en el catálogo — consigue el contacto del proveedor para pedirla.</p>"
"95-96-juventus-segunda-equipacion-manga-larga","95-96 Juventus segunda equipación manga larga","<p>95-96 Juventus segunda equipación manga larga. Disponible en el catálogo — consigue el contacto del proveedor para pedirla.</p>"
"99-00-juventus-primera-equipacion","99-00 Juventus primera equipación","<p>99-00 Juventus primera equipación. Disponible en el catálogo — consigue el contacto del proveedor para pedirla.</p>"
"2008-argentina-primera-equipacion","2008 Argentina primera equipación","<p>2008 Argentina primera equipación. Disponible en el catálogo — consigue el contacto del proveedor para pedirla.</p>"
"02-03-juventus-portero-segunda-equipacion","02-03 Juventus portero segunda equipación","<p>02-03 Juventus portero segunda equipación. Disponible en el catálogo — consigue el contacto del proveedor para pedirla.</p>"
"99-00-juventus-segunda-equipacion","99-00 Juventus segunda equipación","<p>99-00 Juventus segunda equipación. Disponible en el catálogo — consigue el contacto del proveedor para pedirla.</p>"
"99-00-juventus-segunda-equipacion-manga-larga","99-00 Juventus segunda equipación manga larga","<p>99-00 Juventus segunda equipación manga larga. Disponible en el catálogo — consigue el contacto del proveedor para pedirla.</p>"
"03-04-juventus-segunda-equipacion","03-04 Juventus segunda equipación","<p>03-04 Juventus segunda equipación. Disponible en el catálogo — consigue el contacto del proveedor para pedirla.</p>"
"10-11-juventus-segunda-equipacion","10-11 Juventus segunda equipación","<p>10-11 Juventus segunda equipación. Disponible en el catálogo — consigue el contacto del proveedor para pedirla.</p>"
"17-18-juventus-equipacion-120-aniversario","17-18 Juventus equipación 120 aniversario","<p>17-18 Juventus equipación 120 aniversario. Disponible en el catálogo — consigue el contacto del proveedor para pedirla.</p>"
"14-15-juventus-primera-equipacion-champions-league-manga-larga","14-15 Juventus primera equipación champions league manga larga","<p>14-15 Juventus primera equipación champions league manga larga. Disponible en el catálogo — consigue el contacto del proveedor para pedirla.</p>"
"17-18-juventus-primera-equipacion","17-18 Juventus primera equipación","<p>17-18 Juventus primera equipación. Disponible en el catálogo — consigue el contacto del proveedor para pedirla.</p>"
"2014-argentina-segunda-equipacion-manga-larga","2014 Argentina segunda equipación manga larga","<p>2014 Argentina segunda equipación manga larga. Disponible en el catálogo — consigue el contacto del proveedor para pedirla.</p>"
"02-03-juventus-portero-tercera-equipacion","02-03 Juventus portero tercera equipación","<p>02-03 Juventus portero tercera equipación. Disponible en el catálogo — consigue el contacto del proveedor para pedirla.</p>"
"2006-argentina-primera-equipacion-manga-larga","2006 Argentina primera equipación manga larga","<p>2006 Argentina primera equipación manga larga. Disponible en el catálogo — consigue el contacto del proveedor para pedirla.</p>"
"14-15-juventus-primera-equipacion","14-15 Juventus primera equipación","<p>14-15 Juventus primera equipación. Disponible en el catálogo — consigue el contacto del proveedor para pedirla.</p>"
"1998-argentina-primera-equipacion-manga-larga","1998 Argentina primera equipación manga larga","<p>1998 Argentina primera equipación manga larga. Disponible en el catálogo — consigue el contacto del proveedor para pedirla.</p>"
"01-02-juventus-primera-equipacion","01-02 Juventus primera equipación","<p>01-02 Juventus primera equipación. Disponible en el catálogo — consigue el contacto del proveedor para pedirla.</p>"
"02-03-juventus-primera-equipacion-champions-league","02-03 Juventus primera equipación champions league","<p>02-03 Juventus primera equipación champions league. Disponible en el catálogo — consigue el contacto del proveedor para pedirla.</p>"
"1986-argentina-primera-equipacion-manga-larga","1986 Argentina primera equipación manga larga","<p>1986 Argentina primera equipación manga larga. Disponible en el catálogo — consigue el contacto del proveedor para pedirla.</p>"
"11-12-juventus-primera-equipacion","11-12 Juventus primera equipación","<p>11-12 Juventus primera equipación. Disponible en el catálogo — consigue el contacto del proveedor para pedirla.</p>"
"04-05-juventus-primera-equipacion","04-05 Juventus primera equipación","<p>04-05 Juventus primera equipación. Disponible en el catálogo — consigue el contacto del proveedor para pedirla.</p>"
"2022-argentina-segunda-equipacion","2022 Argentina segunda equipación","<p>2022 Argentina segunda equipación. Disponible en el catálogo — consigue el contacto del proveedor para pedirla.</p>"
"2001-argentina-edicion-conmemorativa-maradona","2001 Argentina edición conmemorativa maradona","<p>2001 Argentina edición conmemorativa maradona. Disponible en el catálogo — consigue el contacto del proveedor para pedirla.</p>"
"2021-argentina-edicion-conmemorativa-maradona","2021 Argentina edición conmemorativa maradona","<p>2021 Argentina edición conmemorativa maradona. Disponible en el catálogo — consigue el contacto del proveedor para pedirla.</p>"
"2014-argentina-primera-equipacion","2014 Argentina primera equipación","<p>2014 Argentina primera equipación. Disponible en el catálogo — consigue el contacto del proveedor para pedirla.</p>"
"2014-argentina-segunda-equipacion","2014 Argentina segunda equipación","<p>2014 Argentina segunda equipación. Disponible en el catálogo — consigue el contacto del proveedor para pedirla.</p>"
"2025-psg-equipacion-especial-noir","2025 PSG equipación especial noir","<p>2025 PSG equipación especial noir. Disponible en el catálogo — consigue el contacto del proveedor para pedirla.</p>"
"25-26-flamengo-primera-equipacion-nino","25-26 Flamengo primera equipación niño","<p>25-26 Flamengo primera equipación niño. Disponible en el catálogo — consigue el contacto del proveedor para pedirla.</p>"
"25-26-flamengo-primera-equipacion-sponsors-incluidos","25-26 Flamengo primera equipación (Sponsors incluidos)","<p>25-26 Flamengo primera equipación (Sponsors incluidos). Disponible en el catálogo — consigue el contacto del proveedor para pedirla.</p>"
"2024-argentina-50-aniversario-manga-larga","2024 Argentina 50 aniversario manga larga","<p>2024 Argentina 50 aniversario manga larga. Disponible en el catálogo — consigue el contacto del proveedor para pedirla.</p>"
"2006-argentina-segunda-equipacion","2006 Argentina segunda equipación","<p>2006 Argentina segunda equipación. Disponible en el catálogo — consigue el contacto del proveedor para pedirla.</p>"
"25-26-argentina-camiseta-especial-purpura","25-26 Argentina camiseta especial púrpura","<p>25-26 Argentina camiseta especial púrpura. Disponible en el catálogo — consigue el contacto del proveedor para pedirla.</p>"
"1986-argentina-primera-equipacion-nino","1986 Argentina primera equipación niño","<p>1986 Argentina primera equipación niño. Disponible en el catálogo — consigue el contacto del proveedor para pedirla.</p>"
"1988-holanda-segunda-equipacion","1988 Holanda segunda equipación","<p>1988 Holanda segunda equipación. Disponible en el catálogo — consigue el contacto del proveedor para pedirla.</p>"
"98-99-psg-segunda-equipacion","98-99 PSG segunda equipación","<p>98-99 PSG segunda equipación. Disponible en el catálogo — consigue el contacto del proveedor para pedirla.</p>"
"93-94-psg-primera-equipacion","93-94 PSG primera equipación","<p>93-94 PSG primera equipación. Disponible en el catálogo — consigue el contacto del proveedor para pedirla.</p>"
"18-19-psg-segunda-equipacion-champions-league","18-19 PSG segunda equipación champions league","<p>18-19 PSG segunda equipación champions league. Disponible en el catálogo — consigue el contacto del proveedor para pedirla.</p>"
"18-19-psg-primera-equipacion-champions-league","18-19 PSG primera equipación champions league","<p>18-19 PSG primera equipación champions league. Disponible en el catálogo — consigue el contacto del proveedor para pedirla.</p>"
"19-20-psg-primera-equipacion","19-20 PSG primera equipación","<p>19-20 PSG primera equipación. Disponible en el catálogo — consigue el contacto del proveedor para pedirla.</p>"
"19-20-psg-tercera-equipacion","19-20 PSG tercera equipación","<p>19-20 PSG tercera equipación. Disponible en el catálogo — consigue el contacto del proveedor para pedirla.</p>"
"1974-psg-primera-equipacion","1974 PSG primera equipación","<p>1974 PSG primera equipación. Disponible en el catálogo — consigue el contacto del proveedor para pedirla.</p>"
"19-20-psg-cuarta-equipacion","19-20 PSG cuarta equipación","<p>19-20 PSG cuarta equipación. Disponible en el catálogo — consigue el contacto del proveedor para pedirla.</p>"
"94-95-psg-segunda-equipacion-sponsors-incluidos","94-95 PSG segunda equipación (Sponsors Incluídos)","<p>94-95 PSG segunda equipación (Sponsors Incluídos). Disponible en el catálogo — consigue el contacto del proveedor para pedirla.</p>"
"18-19-psg-segunda-equipacion-champions-league-manga-larga","18-19 PSG segunda equipación champions league manga larga","<p>18-19 PSG segunda equipación champions league manga larga. Disponible en el catálogo — consigue el contacto del proveedor para pedirla.</p>"
"02-03-psg-segunda-equipacion","02-03 PSG segunda equipación","<p>02-03 PSG segunda equipación. Disponible en el catálogo — consigue el contacto del proveedor para pedirla.</p>"
"00-01-psg-primera-equipacion","00-01 PSG primera equipacion","<p>00-01 PSG primera equipacion. Disponible en el catálogo — consigue el contacto del proveedor para pedirla.</p>"
"25-26-psg-x-mlb","25-26 PSG X MLB","<p>25-26 PSG X MLB. Disponible en el catálogo — consigue el contacto del proveedor para pedirla.</p>"
"25-26-psg-equipacion-especial-nino","25-26 PSG equipación especial niño","<p>25-26 PSG equipación especial niño. Disponible en el catálogo — consigue el contacto del proveedor para pedirla.</p>"
"24-25-psg-primera-equipacion-nino","24-25 PSG primera equipación niño","<p>24-25 PSG primera equipación niño. Disponible en el catálogo — consigue el contacto del proveedor para pedirla.</p>"
"04-05-psg-segunda-equipacion","04-05 PSG segunda equipación","<p>04-05 PSG segunda equipación. Disponible en el catálogo — consigue el contacto del proveedor para pedirla.</p>"
"19-20-psg-segunda-equipacion","19-20 PSG segunda equipación","<p>19-20 PSG segunda equipación. Disponible en el catálogo — consigue el contacto del proveedor para pedirla.</p>"
"94-95-psg-primera-equipacion-sponsors-incluidos","94-95 PSG primera equipación (Sponsors Incluídos)","<p>94-95 PSG primera equipación (Sponsors Incluídos). Disponible en el catálogo — consigue el contacto del proveedor para pedirla.</p>"
"04-05-psg-primera-equipacion","04-05 PSG primera equipación","<p>04-05 PSG primera equipación. Disponible en el catálogo — consigue el contacto del proveedor para pedirla.</p>"
"01-02-psg-primera-equipacion-manga-larga","01-02 PSG primera equipación manga larga","<p>01-02 PSG primera equipación manga larga. Disponible en el catálogo — consigue el contacto del proveedor para pedirla.</p>"
"24-25-psg-segunda-equipacion","24-25 PSG segunda equipación","<p>24-25 PSG segunda equipación. Disponible en el catálogo — consigue el contacto del proveedor para pedirla.</p>"
"25-26-psg-equipacion-pre-partido-champions","25-26 PSG equipación pre partido champions","<p>25-26 PSG equipación pre partido champions. Disponible en el catálogo — consigue el contacto del proveedor para pedirla.</p>"
"18-19-psg-primera-equipacion-champions-league-manga-larga","18-19 PSG primera equipación champions League manga larga","<p>18-19 PSG primera equipación champions League manga larga. Disponible en el catálogo — consigue el contacto del proveedor para pedirla.</p>"
"99-01-psg-segunda-equipacion","99-01 PSG segunda equipación","<p>99-01 PSG segunda equipación. Disponible en el catálogo — consigue el contacto del proveedor para pedirla.</p>"
"23-24-manchester-city-tercera-equipacion","23-24 Manchester City tercera equipación","<p>23-24 Manchester City tercera equipación. Disponible en el catálogo — consigue el contacto del proveedor para pedirla.</p>"
"22-23-manchester-city-tercera-equipacion","22-23 Manchester City tercera equipación","<p>22-23 Manchester City tercera equipación. Disponible en el catálogo — consigue el contacto del proveedor para pedirla.</p>"
"22-23-manchester-city-segunda-equipacion","22-23 Manchester City segunda equipación","<p>22-23 Manchester City segunda equipación. Disponible en el catálogo — consigue el contacto del proveedor para pedirla.</p>"
"21-22-manchester-city-segunda-equipacion","21-22 Manchester City segunda equipación","<p>21-22 Manchester City segunda equipación. Disponible en el catálogo — consigue el contacto del proveedor para pedirla.</p>"
"20-21-manchester-city-segunda-equipacion","20-21 Manchester City segunda equipación","<p>20-21 Manchester City segunda equipación. Disponible en el catálogo — consigue el contacto del proveedor para pedirla.</p>"
"94-96-manchester-city-segunda-equipacion","94-96 Manchester City segunda equipación","<p>94-96 Manchester City segunda equipación. Disponible en el catálogo — consigue el contacto del proveedor para pedirla.</p>"
"77-78-manchester-city-primera-equipacion","77-78 Manchester City primera equipación","<p>77-78 Manchester City primera equipación. Disponible en el catálogo — consigue el contacto del proveedor para pedirla.</p>"
"98-99-manchester-city-segunda-equipacion","98-99 Manchester City segunda equipación","<p>98-99 Manchester City segunda equipación. Disponible en el catálogo — consigue el contacto del proveedor para pedirla.</p>"
"71-72-manchester-city-primera-equipacion","71-72 Manchester City primera equipación","<p>71-72 Manchester City primera equipación. Disponible en el catálogo — consigue el contacto del proveedor para pedirla.</p>"
"15-16-manchester-city-segunda-equipacion","15-16 Manchester City segunda equipación","<p>15-16 Manchester City segunda equipación. Disponible en el catálogo — consigue el contacto del proveedor para pedirla.</p>"
"12-13-manchester-city-segunda-equipacion","12-13 Manchester City segunda equipación","<p>12-13 Manchester City segunda equipación. Disponible en el catálogo — consigue el contacto del proveedor para pedirla.</p>"
"07-08-manchester-city-segunda-equipacion","07-08 Manchester City segunda equipación","<p>07-08 Manchester City segunda equipación. Disponible en el catálogo — consigue el contacto del proveedor para pedirla.</p>"
"08-09-manchester-city-segunda-equipacion","08-09 Manchester City segunda equipación","<p>08-09 Manchester City segunda equipación. Disponible en el catálogo — consigue el contacto del proveedor para pedirla.</p>"
"99-01-manchester-city-primera-equipacion","99-01 Manchester City primera equipación","<p>99-01 Manchester City primera equipación. Disponible en el catálogo — consigue el contacto del proveedor para pedirla.</p>"
"11-12-manchester-city-primera-equipacion","11-12 Manchester City primera equipación","<p>11-12 Manchester City primera equipación. Disponible en el catálogo — consigue el contacto del proveedor para pedirla.</p>"
"97-99-manchester-city-primera-equipacion","97-99 Manchester City primera equipación","<p>97-99 Manchester City primera equipación. Disponible en el catálogo — consigue el contacto del proveedor para pedirla.</p>"
"07-08-manchester-city-primera-equipacion","07-08 Manchester City primera equipación","<p>07-08 Manchester City primera equipación. Disponible en el catálogo — consigue el contacto del proveedor para pedirla.</p>"
"15-16-manchester-city-primera-equipacion","15-16 Manchester City primera equipación","<p>15-16 Manchester City primera equipación. Disponible en el catálogo — consigue el contacto del proveedor para pedirla.</p>"
"01-03-manchester-city-primera-equipacion","01-03 Manchester City primera equipación","<p>01-03 Manchester City primera equipación. Disponible en el catálogo — consigue el contacto del proveedor para pedirla.</p>"
"13-14-manchester-city-primera-equipacion","13-14 Manchester City primera equipación","<p>13-14 Manchester City primera equipación. Disponible en el catálogo — consigue el contacto del proveedor para pedirla.</p>"
"19-20-manchester-city-primera-equipacion","19-20 Manchester City primera equipación","<p>19-20 Manchester City primera equipación. Disponible en el catálogo — consigue el contacto del proveedor para pedirla.</p>"
"85-87-manchester-city-primera-equipacion","85-87 Manchester City primera equipación","<p>85-87 Manchester City primera equipación. Disponible en el catálogo — consigue el contacto del proveedor para pedirla.</p>"
"97-98-manchester-city-segunda-equipacion-manga-larga","97-98 Manchester City segunda equipación manga larga","<p>97-98 Manchester City segunda equipación manga larga. Disponible en el catálogo — consigue el contacto del proveedor para pedirla.</p>"
"97-98-manchester-city-segunda-equipacion","97-98 Manchester City segunda equipación","<p>97-98 Manchester City segunda equipación. Disponible en el catálogo — consigue el contacto del proveedor para pedirla.</p>"
"22-23-manchester-city-primera-equipacion","22-23 Manchester City primera equipación","<p>22-23 Manchester City primera equipación. Disponible en el catálogo — consigue el contacto del proveedor para pedirla.</p>"
"25-26-psg-conjunto-de-chandal-gris-azul","25-26 PSG conjunto de chándal Gris/Azul","<p>25-26 PSG conjunto de chándal Gris/Azul. Disponible en el catálogo — consigue el contacto del proveedor para pedirla.</p>"
"25-26-manchester-city-portero-primera-equipacion-mundial-de-clubes","25-26 Manchester City portero primera equipación mundial de clubes","<p>25-26 Manchester City portero primera equipación mundial de clubes. Disponible en el catálogo — consigue el contacto del proveedor para pedirla.</p>"
"25-26-psg-conjunto-de-chandal-gris-azul-nino","25-26 PSG conjunto de chándal Gris/Azul Niño","<p>25-26 PSG conjunto de chándal Gris/Azul Niño. Disponible en el catálogo — consigue el contacto del proveedor para pedirla.</p>"
"25-26-manchester-city-segunda-equipacion-mundial-de-clubes","25-26 Manchester City segunda equipación mundial de clubes","<p>25-26 Manchester City segunda equipación mundial de clubes. Disponible en el catálogo — consigue el contacto del proveedor para pedirla.</p>"
"25-26-manchester-city-segunda-equipacion-nino","25-26 Manchester City segunda equipación niño","<p>25-26 Manchester City segunda equipación niño. Disponible en el catálogo — consigue el contacto del proveedor para pedirla.</p>"
"25-26-manchester-city-cuarta-equipacion","25-26 Manchester City cuarta equipación","<p>25-26 Manchester City cuarta equipación. Disponible en el catálogo — consigue el contacto del proveedor para pedirla.</p>"
"25-26-manchester-city-cuarta-equipacion-nino","25-26 Manchester City cuarta equipación niño","<p>25-26 Manchester City cuarta equipación niño. Disponible en el catálogo — consigue el contacto del proveedor para pedirla.</p>"
"25-26-manchester-city-equipacion-ano-nuevo-chino","25-26 Manchester City equipación año nuevo chino","<p>25-26 Manchester City equipación año nuevo chino. Disponible en el catálogo — consigue el contacto del proveedor para pedirla.</p>"
"25-26-psg-conjunto-de-chandal-azul-gris","25-26 PSG conjunto de chándal Azul/Gris","<p>25-26 PSG conjunto de chándal Azul/Gris. Disponible en el catálogo — consigue el contacto del proveedor para pedirla.</p>"
"25-26-psg-conjunto-de-chandal-azul-gris-nino","25-26 PSG conjunto de chándal Azul/Gris niño","<p>25-26 PSG conjunto de chándal Azul/Gris niño. Disponible en el catálogo — consigue el contacto del proveedor para pedirla.</p>"
"25-26-psg-conjunto-de-chandal-azul-blanco-nino","25-26 PSG conjunto de chándal Azul/Blanco Niño","<p>25-26 PSG conjunto de chándal Azul/Blanco Niño. Disponible en el catálogo — consigue el contacto del proveedor para pedirla.</p>"
"25-26-psg-conjunto-de-chandal-azul-blanco","25-26 PSG conjunto de chándal Azul/Blanco","<p>25-26 PSG conjunto de chándal Azul/Blanco. Disponible en el catálogo — consigue el contacto del proveedor para pedirla.</p>"
"99-00-aston-villa-primera-equipacion","99-00 Aston Villa primera equipación","<p>99-00 Aston Villa primera equipación. Disponible en el catálogo — consigue el contacto del proveedor para pedirla.</p>"
"97-98-aston-villa-segunda-equipacion","97-98 Aston Villa segunda equipación","<p>97-98 Aston Villa segunda equipación. Disponible en el catálogo — consigue el contacto del proveedor para pedirla.</p>"
"09-10-aston-villa-primera-equipacion","09-10 Aston Villa primera equipación","<p>09-10 Aston Villa primera equipación. Disponible en el catálogo — consigue el contacto del proveedor para pedirla.</p>"
"25-26-aston-villa-tercera-equipacion-manga-larga","25-26 Aston Villa tercera equipación manga larga","<p>25-26 Aston Villa tercera equipación manga larga. Disponible en el catálogo — consigue el contacto del proveedor para pedirla.</p>"
"25-26-psg-conjunto-de-chandal-azul-rojo","25-26 PSG conjunto de chándal Azul/Rojo","<p>25-26 PSG conjunto de chándal Azul/Rojo. Disponible en el catálogo — consigue el contacto del proveedor para pedirla.</p>"
"25-26-aston-villa-segunda-equipacion","25-26 Aston Villa segunda equipación","<p>25-26 Aston Villa segunda equipación. Disponible en el catálogo — consigue el contacto del proveedor para pedirla.</p>"
"25-26-aston-villa-primera-equipacion-nino","25-26 Aston Villa primera equipación niño","<p>25-26 Aston Villa primera equipación niño. Disponible en el catálogo — consigue el contacto del proveedor para pedirla.</p>"
"25-26-psg-conjunto-de-chandal-azul-rojo-nino","25-26 PSG conjunto de chándal Azul/Rojo niño","<p>25-26 PSG conjunto de chándal Azul/Rojo niño. Disponible en el catálogo — consigue el contacto del proveedor para pedirla.</p>"
"25-26-aston-villa-tercera-equipacion-nino","25-26 Aston Villa tercera equipación niño","<p>25-26 Aston Villa tercera equipación niño. Disponible en el catálogo — consigue el contacto del proveedor para pedirla.</p>"
"25-26-aston-villa-tercera-equipacion","25-26 Aston Villa tercera equipación","<p>25-26 Aston Villa tercera equipación. Disponible en el catálogo — consigue el contacto del proveedor para pedirla.</p>"
"24-25-aston-villa-equipacion-125-aniversario","24-25 Aston Villa equipación 125 aniversario","<p>24-25 Aston Villa equipación 125 aniversario. Disponible en el catálogo — consigue el contacto del proveedor para pedirla.</p>"
"25-26-psg-conjunto-de-chandal-negro-rosa-nino","25-26 PSG conjunto de chándal Negro/Rosa niño","<p>25-26 PSG conjunto de chándal Negro/Rosa niño. Disponible en el catálogo — consigue el contacto del proveedor para pedirla.</p>"
"11-12-aston-villa-primera-equipacion","11-12 Aston Villa primera equipación","<p>11-12 Aston Villa primera equipación. Disponible en el catálogo — consigue el contacto del proveedor para pedirla.</p>"
"25-26-psg-conjunto-de-chandal-negro-rosa","25-26 PSG conjunto de chándal Negro/Rosa","<p>25-26 PSG conjunto de chándal Negro/Rosa. Disponible en el catálogo — consigue el contacto del proveedor para pedirla.</p>"
"25-26-aston-villa-cuarto-conjunto-de-entrenamiento-sin-mangas","25-26 Aston Villa cuarto conjunto de entrenamiento sin mangas","<p>25-26 Aston Villa cuarto conjunto de entrenamiento sin mangas. Disponible en el catálogo — consigue el contacto del proveedor para pedirla.</p>"
"25-26-aston-villa-cuarto-conjunto-de-entrenamiento","25-26 Aston Villa cuarto conjunto de entrenamiento","<p>25-26 Aston Villa cuarto conjunto de entrenamiento. Disponible en el catálogo — consigue el contacto del proveedor para pedirla.</p>"
"25-26-aston-villa-tercer-conjunto-de-entrenamiento","25-26 Aston Villa tercer conjunto de entrenamiento","<p>25-26 Aston Villa tercer conjunto de entrenamiento. Disponible en el catálogo — consigue el contacto del proveedor para pedirla.</p>"
"25-26-psg-conjunto-de-chandal","25-26 PSG conjunto de chándal","<p>25-26 PSG conjunto de chándal. Disponible en el catálogo — consigue el contacto del proveedor para pedirla.</p>"
"25-26-psg-conjunto-de-chandal-nino-azul-rojo","25-26 PSG conjunto de chándal niño Azul/Rojo","<p>25-26 PSG conjunto de chándal niño Azul/Rojo. Disponible en el catálogo — consigue el contacto del proveedor para pedirla.</p>"
"25-26-olympique-de-marsella-primera-equipacion-manga-larga","25-26 Olympique de Marsella primera equipación manga larga","<p>25-26 Olympique de Marsella primera equipación manga larga. Disponible en el catálogo — consigue el contacto del proveedor para pedirla.</p>"
"25-26-olympique-de-marsella-tercera-equipacion-nino","25-26 Olympique de Marsella tercera equipación niño","<p>25-26 Olympique de Marsella tercera equipación niño. Disponible en el catálogo — consigue el contacto del proveedor para pedirla.</p>"
"25-26-psg-conjunto-de-chandal-nino-azul-blanco","25-26 PSG conjunto de chándal niño Azul/Blanco","<p>25-26 PSG conjunto de chándal niño Azul/Blanco. Disponible en el catálogo — consigue el contacto del proveedor para pedirla.</p>"
"25-26-olympique-de-marsella-tercera-equipacion","25-26 Olympique de Marsella tercera equipación","<p>25-26 Olympique de Marsella tercera equipación. Disponible en el catálogo — consigue el contacto del proveedor para pedirla.</p>"
"25-26-olympique-de-marsella-cuarta-equipacion","25-26 Olympique de Marsella cuarta equipación","<p>25-26 Olympique de Marsella cuarta equipación. Disponible en el catálogo — consigue el contacto del proveedor para pedirla.</p>"
"25-26-olympique-de-marsella-primera-equipacion-nino","25-26 Olympique de Marsella primera equipación niño","<p>25-26 Olympique de Marsella primera equipación niño. Disponible en el catálogo — consigue el contacto del proveedor para pedirla.</p>"
"25-26-olympique-de-marsella-segunda-equipacion-nino","25-26 Olympique de Marsella segunda equipación niño","<p>25-26 Olympique de Marsella segunda equipación niño. Disponible en el catálogo — consigue el contacto del proveedor para pedirla.</p>"
"11-12-olympique-de-marsella-tercera-equipacion","11-12 Olympique de Marsella tercera equipación","<p>11-12 Olympique de Marsella tercera equipación. Disponible en el catálogo — consigue el contacto del proveedor para pedirla.</p>"
"03-04-olympique-de-marsella-primera-equipacion","03-04 Olympique de Marsella primera equipación","<p>03-04 Olympique de Marsella primera equipación. Disponible en el catálogo — consigue el contacto del proveedor para pedirla.</p>"
"99-00-olympique-de-marsella-tercera-equipacion","99-00 Olympique de Marsella tercera equipación","<p>99-00 Olympique de Marsella tercera equipación. Disponible en el catálogo — consigue el contacto del proveedor para pedirla.</p>"
"92-93-olympique-de-marsella-primera-equipacion","92-93 Olympique de Marsella primera equipación","<p>92-93 Olympique de Marsella primera equipación. Disponible en el catálogo — consigue el contacto del proveedor para pedirla.</p>"
"98-99-olympique-de-marsella-tercera-equipacion","98-99 Olympique de Marsella tercera equipación","<p>98-99 Olympique de Marsella tercera equipación. Disponible en el catálogo — consigue el contacto del proveedor para pedirla.</p>"
"25-26-psg-conjunto-de-chandal-anthem-primera-equipacion","25-26 PSG conjunto de chándal Anthem primera equipación","<p>25-26 PSG conjunto de chándal Anthem primera equipación. Disponible en el catálogo — consigue el contacto del proveedor para pedirla.</p>"
"25-26-monaco-tercera-equipacion","25-26 Mónaco tercera equipación","<p>25-26 Mónaco tercera equipación. Disponible en el catálogo — consigue el contacto del proveedor para pedirla.</p>"
"25-26-psg-conjunto-de-chandal-anthem-primera-equipacion-nino","25-26 PSG conjunto de chándal Anthem primera equipación niño","<p>25-26 PSG conjunto de chándal Anthem primera equipación niño. Disponible en el catálogo — consigue el contacto del proveedor para pedirla.</p>"
"25-26-monaco-segunda-equipacion","25-26 Mónaco segunda equipación","<p>25-26 Mónaco segunda equipación. Disponible en el catálogo — consigue el contacto del proveedor para pedirla.</p>"
"25-26-psg-conjunto-de-chandal-nino-azul-gris","25-26 PSG conjunto de chándal niño Azul/gris","<p>25-26 PSG conjunto de chándal niño Azul/gris. Disponible en el catálogo — consigue el contacto del proveedor para pedirla.</p>"
"2026-italia-primera-equipacion-mujer","2026 Italia primera equipación mujer","<p>2026 Italia primera equipación mujer. Disponible en el catálogo — consigue el contacto del proveedor para pedirla.</p>"
"2026-portugal-segunda-equipacion-mujer","2026 Portugal segunda equipación mujer","<p>2026 Portugal segunda equipación mujer. Disponible en el catálogo — consigue el contacto del proveedor para pedirla.</p>"
"25-26-psg-conjunto-de-chandal-negro-blanco","25-26 PSG conjunto de chándal Negro/Blanco","<p>25-26 PSG conjunto de chándal Negro/Blanco. Disponible en el catálogo — consigue el contacto del proveedor para pedirla.</p>"
"25-26-psg-conjunto-de-chandal-nino-negro-blanco","25-26 PSG conjunto de chándal niño Negro/Blanco","<p>25-26 PSG conjunto de chándal niño Negro/Blanco. Disponible en el catálogo — consigue el contacto del proveedor para pedirla.</p>"
"25-26-psg-conjunto-de-chandal-blanco-negro","25-26 PSG conjunto de chándal Blanco/Negro","<p>25-26 PSG conjunto de chándal Blanco/Negro. Disponible en el catálogo — consigue el contacto del proveedor para pedirla.</p>"
"25-26-psg-conjunto-de-chandal-nino-blanco-negro","25-26 PSG conjunto de chándal niño Blanco/Negro","<p>25-26 PSG conjunto de chándal niño Blanco/Negro. Disponible en el catálogo — consigue el contacto del proveedor para pedirla.</p>"
"25-26-manchester-united-lfstlr-originals-azul","25-26 Manchester United LFSTLR Originals azul","<p>25-26 Manchester United LFSTLR Originals azul. Disponible en el catálogo — consigue el contacto del proveedor para pedirla.</p>"
"23-24-manchester-united-tercera-equipacion","23-24 Manchester United tercera equipación","<p>23-24 Manchester United tercera equipación. Disponible en el catálogo — consigue el contacto del proveedor para pedirla.</p>"
"23-24-manchester-united-primera-equipacion","23-24 Manchester United primera equipación","<p>23-24 Manchester United primera equipación. Disponible en el catálogo — consigue el contacto del proveedor para pedirla.</p>"
"23-24-manchester-united-segunda-equipacion","23-24 Manchester United segunda equipación","<p>23-24 Manchester United segunda equipación. Disponible en el catálogo — consigue el contacto del proveedor para pedirla.</p>"
"11-12-manchester-united-segunda-equipacion","11-12 Manchester United segunda equipación","<p>11-12 Manchester United segunda equipación. Disponible en el catálogo — consigue el contacto del proveedor para pedirla.</p>"
"20-21-manchester-united-equipacion-pre-partido-human-race","20-21 Manchester United equipación pre partido Human Race","<p>20-21 Manchester United equipación pre partido Human Race. Disponible en el catálogo — consigue el contacto del proveedor para pedirla.</p>"
"25-26-manchester-united-portero-segunda-equipacion-nino","25-26 Manchester United portero segunda equipación niño","<p>25-26 Manchester United portero segunda equipación niño. Disponible en el catálogo — consigue el contacto del proveedor para pedirla.</p>"
"98-99-manchester-united-equipacion-negro-manga-larga","98-99 Manchester United equipación negro manga larga","<p>98-99 Manchester United equipación negro manga larga. Disponible en el catálogo — consigue el contacto del proveedor para pedirla.</p>"
"19-20-manchester-united-equipacion-especial-ano-nuevo-chino","19-20 Manchester United equipación especial año nuevo chino","<p>19-20 Manchester United equipación especial año nuevo chino. Disponible en el catálogo — consigue el contacto del proveedor para pedirla.</p>"
"25-26-manchester-united-segunda-equipacion-nino","25-26 Manchester United segunda equipación niño","<p>25-26 Manchester United segunda equipación niño. Disponible en el catálogo — consigue el contacto del proveedor para pedirla.</p>"
"25-26-manchester-united-tercera-equipacion-nino","25-26 Manchester United tercera equipación niño","<p>25-26 Manchester United tercera equipación niño. Disponible en el catálogo — consigue el contacto del proveedor para pedirla.</p>"
"25-26-manchester-united-originals","25-26 Manchester United originals","<p>25-26 Manchester United originals. Disponible en el catálogo — consigue el contacto del proveedor para pedirla.</p>"
"25-26-manchester-united-lfstlr-originals","25-26 Manchester United LFSTLR Originals","<p>25-26 Manchester United LFSTLR Originals. Disponible en el catálogo — consigue el contacto del proveedor para pedirla.</p>"
"25-26-manchester-united-us-pack","25-26 Manchester United US Pack","<p>25-26 Manchester United US Pack. Disponible en el catálogo — consigue el contacto del proveedor para pedirla.</p>"
"25-26-manchester-united-portero-tercera-equipacion","25-26 Manchester United portero tercera equipación","<p>25-26 Manchester United portero tercera equipación. Disponible en el catálogo — consigue el contacto del proveedor para pedirla.</p>"
"25-26-manchester-united-equipacion-pre-partido","25-26 Manchester United equipación pre partido","<p>25-26 Manchester United equipación pre partido. Disponible en el catálogo — consigue el contacto del proveedor para pedirla.</p>"
"25-26-manchester-united-equipacion-especial-ano-nuevo-chino","25-26 Manchester United equipación especial año nuevo chino","<p>25-26 Manchester United equipación especial año nuevo chino. Disponible en el catálogo — consigue el contacto del proveedor para pedirla.</p>"
"25-26-manchester-united-equipacion-especial-devils","25-26 Manchester United equipación especial devils","<p>25-26 Manchester United equipación especial devils. Disponible en el catálogo — consigue el contacto del proveedor para pedirla.</p>"
"25-26-manchester-united-equipacion-especial-leon-nino","25-26 Manchester United equipación especial LEÓN niño","<p>25-26 Manchester United equipación especial LEÓN niño. Disponible en el catálogo — consigue el contacto del proveedor para pedirla.</p>"
"98-99-manchester-united-primera-equipacion-nino","98-99 Manchester United primera equipación niño","<p>98-99 Manchester United primera equipación niño. Disponible en el catálogo — consigue el contacto del proveedor para pedirla.</p>"
"98-99-manchester-united-primera-equipacion-manga-larga","98-99 Manchester United primera equipación manga larga","<p>98-99 Manchester United primera equipación manga larga. Disponible en el catálogo — consigue el contacto del proveedor para pedirla.</p>"
"01-02-manchester-united-segunda-equipacion-100-aniversario-manga-larga","01-02 Manchester United segunda equipación 100 aniversario manga larga","<p>01-02 Manchester United segunda equipación 100 aniversario manga larga. Disponible en el catálogo — consigue el contacto del proveedor para pedirla.</p>"
"01-02-manchester-united-tercera-equipacion-100-aniversario-manga-larga","01-02 Manchester United tercera equipación 100 aniversario manga larga","<p>01-02 Manchester United tercera equipación 100 aniversario manga larga. Disponible en el catálogo — consigue el contacto del proveedor para pedirla.</p>"
"01-02-manchester-united-tercera-equipacion-100-aniversario","01-02 Manchester United tercera equipación 100 aniversario","<p>01-02 Manchester United tercera equipación 100 aniversario. Disponible en el catálogo — consigue el contacto del proveedor para pedirla.</p>"
"01-02-manchester-united-segunda-equipacion-100-aniversario","01-02 Manchester United segunda equipación 100 aniversario","<p>01-02 Manchester United segunda equipación 100 aniversario. Disponible en el catálogo — consigue el contacto del proveedor para pedirla.</p>"
"02-04-manchester-united-primera-equipacion-nino","02-04 Manchester United primera equipación niño","<p>02-04 Manchester United primera equipación niño. Disponible en el catálogo — consigue el contacto del proveedor para pedirla.</p>"
"02-04-manchester-united-primera-equipacion-manga-larga","02-04 Manchester United primera equipación manga larga","<p>02-04 Manchester United primera equipación manga larga. Disponible en el catálogo — consigue el contacto del proveedor para pedirla.</p>"
"06-07-manchester-united-primera-equipacion-nino","06-07 Manchester United primera equipación niño","<p>06-07 Manchester United primera equipación niño. Disponible en el catálogo — consigue el contacto del proveedor para pedirla.</p>"
"06-07-manchester-united-primera-equipacion-manga-larga","06-07 Manchester United primera equipación manga larga","<p>06-07 Manchester United primera equipación manga larga. Disponible en el catálogo — consigue el contacto del proveedor para pedirla.</p>"
"07-08-manchester-united-segunda-equipacion-nino","07-08 Manchester United segunda equipación niño","<p>07-08 Manchester United segunda equipación niño. Disponible en el catálogo — consigue el contacto del proveedor para pedirla.</p>"
"07-08-manchester-united-segunda-equipacion-manga-larga","07-08 Manchester United segunda equipación manga larga","<p>07-08 Manchester United segunda equipación manga larga. Disponible en el catálogo — consigue el contacto del proveedor para pedirla.</p>"
"07-08-manchester-united-segunda-equipacion","07-08 Manchester United segunda equipación","<p>07-08 Manchester United segunda equipación. Disponible en el catálogo — consigue el contacto del proveedor para pedirla.</p>"
"08-09-manchester-united-segunda-equipacion-manga-larga","08-09 Manchester United segunda equipación manga larga","<p>08-09 Manchester United segunda equipación manga larga. Disponible en el catálogo — consigue el contacto del proveedor para pedirla.</p>"
"08-09-manchester-united-segunda-equipacion","08-09 Manchester United segunda equipación","<p>08-09 Manchester United segunda equipación. Disponible en el catálogo — consigue el contacto del proveedor para pedirla.</p>"
"08-09-manchester-united-tercera-equipacion-nino","08-09 Manchester United tercera equipación niño","<p>08-09 Manchester United tercera equipación niño. Disponible en el catálogo — consigue el contacto del proveedor para pedirla.</p>"
"07-08-manchester-united-portero-primera-equipacion","07-08 Manchester United portero primera equipación","<p>07-08 Manchester United portero primera equipación. Disponible en el catálogo — consigue el contacto del proveedor para pedirla.</p>"
"08-09-manchester-united-tercera-equipacion-manga-larga","08-09 Manchester United tercera equipación manga larga","<p>08-09 Manchester United tercera equipación manga larga. Disponible en el catálogo — consigue el contacto del proveedor para pedirla.</p>"
"12-13-manchester-united-primera-equipacion-nino","12-13 Manchester United primera equipación niño","<p>12-13 Manchester United primera equipación niño. Disponible en el catálogo — consigue el contacto del proveedor para pedirla.</p>"
"12-13-manchester-united-primera-equipacion-manga-larga","12-13 Manchester United primera equipación manga larga","<p>12-13 Manchester United primera equipación manga larga. Disponible en el catálogo — consigue el contacto del proveedor para pedirla.</p>"
"18-19-manchester-united-tercera-equipacion","18-19 Manchester United tercera equipación","<p>18-19 Manchester United tercera equipación. Disponible en el catálogo — consigue el contacto del proveedor para pedirla.</p>"
"22-23-manchester-united-primera-equipacion","22-23 Manchester United primera equipación","<p>22-23 Manchester United primera equipación. Disponible en el catálogo — consigue el contacto del proveedor para pedirla.</p>"
"07-08-manchester-united-portero-segunda-equipacion","07-08 Manchester United portero segunda equipación","<p>07-08 Manchester United portero segunda equipación. Disponible en el catálogo — consigue el contacto del proveedor para pedirla.</p>"
"07-08-manchester-united-portero-segunda-equipacion-manga-larga","07-08 Manchester United portero segunda equipación manga larga","<p>07-08 Manchester United portero segunda equipación manga larga. Disponible en el catálogo — consigue el contacto del proveedor para pedirla.</p>"
"02-03-manchester-united-tercera-equipacion-manga-larga","02-03 Manchester United tercera equipación manga larga","<p>02-03 Manchester United tercera equipación manga larga. Disponible en el catálogo — consigue el contacto del proveedor para pedirla.</p>"
"02-03-manchester-united-tercera-equipacion","02-03 Manchester United tercera equipación","<p>02-03 Manchester United tercera equipación. Disponible en el catálogo — consigue el contacto del proveedor para pedirla.</p>"
"10-11-manchester-united-segunda-equipacion-manga-larga","10-11 Manchester United segunda equipación manga larga","<p>10-11 Manchester United segunda equipación manga larga. Disponible en el catálogo — consigue el contacto del proveedor para pedirla.</p>"
"10-11-manchester-united-segunda-equipacion","10-11 Manchester United segunda equipación","<p>10-11 Manchester United segunda equipación. Disponible en el catálogo — consigue el contacto del proveedor para pedirla.</p>"
"92-94-manchester-united-segunda-equipacion-manga-larga","92-94 Manchester United segunda equipación manga larga","<p>92-94 Manchester United segunda equipación manga larga. Disponible en el catálogo — consigue el contacto del proveedor para pedirla.</p>"
"13-14-manchester-united-segunda-equipacion-manga-larga","13-14 Manchester United segunda equipación manga larga","<p>13-14 Manchester United segunda equipación manga larga. Disponible en el catálogo — consigue el contacto del proveedor para pedirla.</p>"
"13-14-manchester-united-segunda-equipacion","13-14 Manchester United segunda equipación","<p>13-14 Manchester United segunda equipación. Disponible en el catálogo — consigue el contacto del proveedor para pedirla.</p>"
"93-95-manchester-united-segunda-equipacion-manga-larga","93-95 Manchester United segunda equipación manga larga","<p>93-95 Manchester United segunda equipación manga larga. Disponible en el catálogo — consigue el contacto del proveedor para pedirla.</p>"
"93-95-manchester-united-segunda-equipacion","93-95 Manchester United segunda equipación","<p>93-95 Manchester United segunda equipación. Disponible en el catálogo — consigue el contacto del proveedor para pedirla.</p>"
"94-96-manchester-united-primera-equipacion-nino","94-96 Manchester United primera equipación niño","<p>94-96 Manchester United primera equipación niño. Disponible en el catálogo — consigue el contacto del proveedor para pedirla.</p>"
"94-96-manchester-united-primera-equipacion-manga-larga","94-96 Manchester United primera equipación manga larga","<p>94-96 Manchester United primera equipación manga larga. Disponible en el catálogo — consigue el contacto del proveedor para pedirla.</p>"
"94-96-manchester-united-primera-equipacion","94-96 Manchester United primera equipación","<p>94-96 Manchester United primera equipación. Disponible en el catálogo — consigue el contacto del proveedor para pedirla.</p>"
"98-99-manchester-united-primera-equipacion-champions-league-nino","98-99 Manchester United primera equipación champions league niño","<p>98-99 Manchester United primera equipación champions league niño. Disponible en el catálogo — consigue el contacto del proveedor para pedirla.</p>"
"98-99-manchester-united-primera-equipacion-champions-league-manga-larga","98-99 Manchester United primera equipación champions league manga larga","<p>98-99 Manchester United primera equipación champions league manga larga. Disponible en el catálogo — consigue el contacto del proveedor para pedirla.</p>"
"98-99-manchester-united-primera-equipacion-champions-league","98-99 Manchester United primera equipación champions league","<p>98-99 Manchester United primera equipación champions league. Disponible en el catálogo — consigue el contacto del proveedor para pedirla.</p>"
"10-11-manchester-united-primera-equipacion-nino","10-11 Manchester United primera equipación niño","<p>10-11 Manchester United primera equipación niño. Disponible en el catálogo — consigue el contacto del proveedor para pedirla.</p>"
"08-09-manchester-united-primera-equipacion-nino","08-09 Manchester United primera equipación niño","<p>08-09 Manchester United primera equipación niño. Disponible en el catálogo — consigue el contacto del proveedor para pedirla.</p>"
"08-09-manchester-united-primera-equipacion-manga-larga","08-09 Manchester United primera equipación manga larga","<p>08-09 Manchester United primera equipación manga larga. Disponible en el catálogo — consigue el contacto del proveedor para pedirla.</p>"
"08-09-manchester-united-primera-equipacion","08-09 Manchester United primera equipación","<p>08-09 Manchester United primera equipación. Disponible en el catálogo — consigue el contacto del proveedor para pedirla.</p>"
"19-20-manchester-united-primera-equipacion-manga-larga","19-20 Manchester United primera equipación manga larga","<p>19-20 Manchester United primera equipación manga larga. Disponible en el catálogo — consigue el contacto del proveedor para pedirla.</p>"
"00-01-manchester-united-segunda-equipacion-manga-larga","00-01 Manchester United segunda equipación manga larga","<p>00-01 Manchester United segunda equipación manga larga. Disponible en el catálogo — consigue el contacto del proveedor para pedirla.</p>"
"04-06-manchester-united-primera-equipacion-manga-larga","04-06 Manchester United primera equipación manga larga","<p>04-06 Manchester United primera equipación manga larga. Disponible en el catálogo — consigue el contacto del proveedor para pedirla.</p>"
"98-99-manchester-united-equipacion-blanco-manga-larga","98-99 Manchester United equipación blanco manga larga","<p>98-99 Manchester United equipación blanco manga larga. Disponible en el catálogo — consigue el contacto del proveedor para pedirla.</p>"
"98-99-manchester-united-tercera-equipacion-champions-winners-manga-larga","98-99 Manchester United tercera equipación champions winners manga larga","<p>98-99 Manchester United tercera equipación champions winners manga larga. Disponible en el catálogo — consigue el contacto del proveedor para pedirla.</p>"
"06-07-manchester-united-portero-tercera-equipacion-manga-larga","06-07 Manchester United portero tercera equipación manga larga","<p>06-07 Manchester United portero tercera equipación manga larga. Disponible en el catálogo — consigue el contacto del proveedor para pedirla.</p>"
"92-93-manchester-united-portero-segunda-equipacion-manga-larga","92-93 Manchester United portero segunda equipación manga larga","<p>92-93 Manchester United portero segunda equipación manga larga. Disponible en el catálogo — consigue el contacto del proveedor para pedirla.</p>"
"92-93-manchester-united-portero-primera-equipacion-manga-larga","92-93 Manchester United portero primera equipación manga larga","<p>92-93 Manchester United portero primera equipación manga larga. Disponible en el catálogo — consigue el contacto del proveedor para pedirla.</p>"
"97-99-manchester-united-segunda-equipacion-nino","97-99 Manchester United segunda equipación niño","<p>97-99 Manchester United segunda equipación niño. Disponible en el catálogo — consigue el contacto del proveedor para pedirla.</p>"
"97-99-manchester-united-segunda-equipacion-manga-larga","97-99 Manchester United segunda equipación manga larga","<p>97-99 Manchester United segunda equipación manga larga. Disponible en el catálogo — consigue el contacto del proveedor para pedirla.</p>"
"97-99-manchester-united-segunda-equipacion","97-99 Manchester United segunda equipación","<p>97-99 Manchester United segunda equipación. Disponible en el catálogo — consigue el contacto del proveedor para pedirla.</p>"
"88-90-manchester-united-tercera-equipacion","88-90 Manchester United tercera equipación","<p>88-90 Manchester United tercera equipación. Disponible en el catálogo — consigue el contacto del proveedor para pedirla.</p>"
"86-88-manchester-united-tercera-equipacion-manga-larga","86-88 Manchester United tercera equipación manga larga","<p>86-88 Manchester United tercera equipación manga larga. Disponible en el catálogo — consigue el contacto del proveedor para pedirla.</p>"
"86-88-manchester-united-tercera-equipacion","86-88 Manchester United tercera equipación","<p>86-88 Manchester United tercera equipación. Disponible en el catálogo — consigue el contacto del proveedor para pedirla.</p>"
"90-92-manchester-united-segunda-equipacion-manga-larga","90-92 Manchester United segunda equipación manga larga","<p>90-92 Manchester United segunda equipación manga larga. Disponible en el catálogo — consigue el contacto del proveedor para pedirla.</p>"
"90-92-manchester-united-segunda-equipacion","90-92 Manchester United segunda equipación","<p>90-92 Manchester United segunda equipación. Disponible en el catálogo — consigue el contacto del proveedor para pedirla.</p>"
"86-88-manchester-united-primera-equipacion-manga-larga","86-88 Manchester United primera equipación manga larga","<p>86-88 Manchester United primera equipación manga larga. Disponible en el catálogo — consigue el contacto del proveedor para pedirla.</p>"
"10-11-manchester-united-primera-equipacion-manga-larga","10-11 Manchester United primera equipación manga larga","<p>10-11 Manchester United primera equipación manga larga. Disponible en el catálogo — consigue el contacto del proveedor para pedirla.</p>"
"98-99-manchester-united-portero-primera-equipacion-manga-larga","98-99 Manchester United portero primera equipación manga larga","<p>98-99 Manchester United portero primera equipación manga larga. Disponible en el catálogo — consigue el contacto del proveedor para pedirla.</p>"
"03-06-manchester-united-tercera-equipacion-manga-larga","03-06 Manchester United tercera equipación manga larga","<p>03-06 Manchester United tercera equipación manga larga. Disponible en el catálogo — consigue el contacto del proveedor para pedirla.</p>"
"92-94-manchester-united-primera-equipacion-manga-larga","92-94 Manchester United primera equipación manga larga","<p>92-94 Manchester United primera equipación manga larga. Disponible en el catálogo — consigue el contacto del proveedor para pedirla.</p>"
"04-06-manchester-united-primera-equipacion-nino","04-06 Manchester United primera equipación niño","<p>04-06 Manchester United primera equipación niño. Disponible en el catálogo — consigue el contacto del proveedor para pedirla.</p>"
"96-98-manchester-united-primera-equipacion-manga-larga","96-98 Manchester United primera equipación manga larga","<p>96-98 Manchester United primera equipación manga larga. Disponible en el catálogo — consigue el contacto del proveedor para pedirla.</p>"
"13-14-manchester-united-primera-equipacion-manga-larga","13-14 Manchester United primera equipación manga larga","<p>13-14 Manchester United primera equipación manga larga. Disponible en el catálogo — consigue el contacto del proveedor para pedirla.</p>"
"00-02-manchester-united-primera-equipacion-nino","00-02 Manchester United primera equipación niño","<p>00-02 Manchester United primera equipación niño. Disponible en el catálogo — consigue el contacto del proveedor para pedirla.</p>"
"96-98-manchester-united-primera-equipacion-nino","96-98 Manchester United primera equipación niño","<p>96-98 Manchester United primera equipación niño. Disponible en el catálogo — consigue el contacto del proveedor para pedirla.</p>"
"96-98-manchester-united-primera-equipacion","96-98 Manchester United primera equipación","<p>96-98 Manchester United primera equipación. Disponible en el catálogo — consigue el contacto del proveedor para pedirla.</p>"
"83-84-manchester-united-primera-equipacion","83-84 Manchester United primera equipación","<p>83-84 Manchester United primera equipación. Disponible en el catálogo — consigue el contacto del proveedor para pedirla.</p>"
"88-90-manchester-united-primera-equipacion","88-90 Manchester United primera equipación","<p>88-90 Manchester United primera equipación. Disponible en el catálogo — consigue el contacto del proveedor para pedirla.</p>"
"86-88-manchester-united-primera-equipacion","86-88 Manchester United primera equipación","<p>86-88 Manchester United primera equipación. Disponible en el catálogo — consigue el contacto del proveedor para pedirla.</p>"
"90-92-manchester-united-primera-equipacion","90-92 Manchester United primera equipación","<p>90-92 Manchester United primera equipación. Disponible en el catálogo — consigue el contacto del proveedor para pedirla.</p>"
"92-94-manchester-united-primera-equipacion","92-94 Manchester United primera equipación","<p>92-94 Manchester United primera equipación. Disponible en el catálogo — consigue el contacto del proveedor para pedirla.</p>"
"00-02-manchester-united-primera-equipacion","00-02 Manchester United primera equipación","<p>00-02 Manchester United primera equipación. Disponible en el catálogo — consigue el contacto del proveedor para pedirla.</p>"
"12-13-manchester-united-primera-equipacion","12-13 Manchester United primera equipación","<p>12-13 Manchester United primera equipación. Disponible en el catálogo — consigue el contacto del proveedor para pedirla.</p>"
"13-14-manchester-united-primera-equipacion","13-14 Manchester United primera equipación","<p>13-14 Manchester United primera equipación. Disponible en el catálogo — consigue el contacto del proveedor para pedirla.</p>"
"19-20-manchester-united-primera-equipacion","19-20 Manchester United primera equipación","<p>19-20 Manchester United primera equipación. Disponible en el catálogo — consigue el contacto del proveedor para pedirla.</p>"
"86-88-manchester-united-segunda-equipacion","86-88 Manchester United segunda equipación","<p>86-88 Manchester United segunda equipación. Disponible en el catálogo — consigue el contacto del proveedor para pedirla.</p>"
"94-96-manchester-united-tercera-equipacion","94-96 Manchester United tercera equipación","<p>94-96 Manchester United tercera equipación. Disponible en el catálogo — consigue el contacto del proveedor para pedirla.</p>"
"19-20-manchester-united-segunda-equipacion","19-20 Manchester United segunda equipación","<p>19-20 Manchester United segunda equipación. Disponible en el catálogo — consigue el contacto del proveedor para pedirla.</p>"
"98-99-manchester-united-equipacion-blanco","98-99 Manchester United equipación blanco","<p>98-99 Manchester United equipación blanco. Disponible en el catálogo — consigue el contacto del proveedor para pedirla.</p>"
"06-07-manchester-united-portero-tercera-equipacion","06-07 Manchester United portero tercera equipación","<p>06-07 Manchester United portero tercera equipación. Disponible en el catálogo — consigue el contacto del proveedor para pedirla.</p>"
"96-98-manchester-united-tercera-equipacion","96-98 Manchester United tercera equipación","<p>96-98 Manchester United tercera equipación. Disponible en el catálogo — consigue el contacto del proveedor para pedirla.</p>"
"03-06-manchester-united-tercera-equipacion","03-06 Manchester United tercera equipación","<p>03-06 Manchester United tercera equipación. Disponible en el catálogo — consigue el contacto del proveedor para pedirla.</p>"
"99-00-manchester-united-segunda-equipacion","99-00 Manchester United segunda equipación","<p>99-00 Manchester United segunda equipación. Disponible en el catálogo — consigue el contacto del proveedor para pedirla.</p>"
"98-99-manchester-united-equipacion-negro","98-99 Manchester United equipación negro","<p>98-99 Manchester United equipación negro. Disponible en el catálogo — consigue el contacto del proveedor para pedirla.</p>"
"98-99-manchester-united-tercera-equipacion","98-99 Manchester United tercera equipación","<p>98-99 Manchester United tercera equipación. Disponible en el catálogo — consigue el contacto del proveedor para pedirla.</p>"
"03-05-manchester-united-segunda-equipacion","03-05 Manchester United segunda equipación","<p>03-05 Manchester United segunda equipación. Disponible en el catálogo — consigue el contacto del proveedor para pedirla.</p>"
"02-03-manchester-united-segunda-equipacion","02-03 Manchester United segunda equipación","<p>02-03 Manchester United segunda equipación. Disponible en el catálogo — consigue el contacto del proveedor para pedirla.</p>"
"13-14-manchester-united-tercera-equipacion","13-14 Manchester United tercera equipación","<p>13-14 Manchester United tercera equipación. Disponible en el catálogo — consigue el contacto del proveedor para pedirla.</p>"
"96-97-manchester-united-segunda-equipacion","96-97 Manchester United segunda equipación","<p>96-97 Manchester United segunda equipación. Disponible en el catálogo — consigue el contacto del proveedor para pedirla.</p>"
"95-96-manchester-united-segunda-equipacion","95-96 Manchester United segunda equipación","<p>95-96 Manchester United segunda equipación. Disponible en el catálogo — consigue el contacto del proveedor para pedirla.</p>"
"83-84-manchester-united-equipacion-charity-shield","83-84 Manchester United equipación charity shield","<p>83-84 Manchester United equipación charity shield. Disponible en el catálogo — consigue el contacto del proveedor para pedirla.</p>"
"22-23-manchester-united-primera-equipacion-manga-larga","22-23 Manchester United primera equipación manga larga","<p>22-23 Manchester United primera equipación manga larga. Disponible en el catálogo — consigue el contacto del proveedor para pedirla.</p>"
"25-26-argentina-conjunto-de-chandal-negro","25-26 Argentina conjunto de chándal negro","<p>25-26 Argentina conjunto de chándal negro. Disponible en el catálogo — consigue el contacto del proveedor para pedirla.</p>"
"25-26-argentina-conjunto-de-chandal-nino-negro","25-26 Argentina conjunto de chándal niño negro","<p>25-26 Argentina conjunto de chándal niño negro. Disponible en el catálogo — consigue el contacto del proveedor para pedirla.</p>"
"25-26-manchester-united-primera-equipacion-nino","25-26 Manchester United primera equipación niño","<p>25-26 Manchester United primera equipación niño. Disponible en el catálogo — consigue el contacto del proveedor para pedirla.</p>"
"25-26-argentina-conjunto-de-chandal-negro-blanco","25-26 Argentina conjunto de chándal negro/blanco","<p>25-26 Argentina conjunto de chándal negro/blanco. Disponible en el catálogo — consigue el contacto del proveedor para pedirla.</p>"
"25-26-argentina-conjunto-de-chandal-nino-negro-blanco","25-26 Argentina conjunto de chándal niño negro/blanco","<p>25-26 Argentina conjunto de chándal niño negro/blanco. Disponible en el catálogo — consigue el contacto del proveedor para pedirla.</p>"
"25-26-argentina-conjunto-de-chandal-nino-gris-oscuro","25-26 Argentina conjunto de chándal niño Gris oscuro","<p>25-26 Argentina conjunto de chándal niño Gris oscuro. Disponible en el catálogo — consigue el contacto del proveedor para pedirla.</p>"
"25-26-argentina-conjunto-de-chandal-gris-oscuro","25-26 Argentina conjunto de chándal Gris oscuro","<p>25-26 Argentina conjunto de chándal Gris oscuro. Disponible en el catálogo — consigue el contacto del proveedor para pedirla.</p>"
"24-25-argentina-tercer-conjunto-de-chandal-nino-gris-celeste","24-25 Argentina tercer conjunto de chándal niño Gris/celeste","<p>24-25 Argentina tercer conjunto de chándal niño Gris/celeste. Disponible en el catálogo — consigue el contacto del proveedor para pedirla.</p>"
"24-25-argentina-tercer-conjunto-de-chandal-gris-celeste","24-25 Argentina tercer conjunto de chándal Gris/celeste","<p>24-25 Argentina tercer conjunto de chándal Gris/celeste. Disponible en el catálogo — consigue el contacto del proveedor para pedirla.</p>"
"25-26-chelsea-conjunto-de-chandal-nino-blanco-manga-negra","25-26 Chelsea conjunto de chándal niño Blanco/manga negra","<p>25-26 Chelsea conjunto de chándal niño Blanco/manga negra. Disponible en el catálogo — consigue el contacto del proveedor para pedirla.</p>"
"25-26-chelsea-conjunto-de-chandal-nino","25-26 Chelsea conjunto de chándal niño","<p>25-26 Chelsea conjunto de chándal niño. Disponible en el catálogo — consigue el contacto del proveedor para pedirla.</p>"
"25-26-chelsea-conjunto-de-chandal","25-26 Chelsea conjunto de chándal","<p>25-26 Chelsea conjunto de chándal. Disponible en el catálogo — consigue el contacto del proveedor para pedirla.</p>"
"25-26-chelsea-conjunto-de-chandal-blanco-manga-negra","25-26 Chelsea conjunto de chándal Blanco/manga negra","<p>25-26 Chelsea conjunto de chándal Blanco/manga negra. Disponible en el catálogo — consigue el contacto del proveedor para pedirla.</p>"
"25-26-chelsea-conjunto-de-chandal-blanco-negro","25-26 Chelsea conjunto de chándal blanco/negro","<p>25-26 Chelsea conjunto de chándal blanco/negro. Disponible en el catálogo — consigue el contacto del proveedor para pedirla.</p>"
"25-26-chelsea-conjunto-de-chandal-nino-blanco-negro","25-26 Chelsea conjunto de chándal niño blanco/negro","<p>25-26 Chelsea conjunto de chándal niño blanco/negro. Disponible en el catálogo — consigue el contacto del proveedor para pedirla.</p>"
"25-26-inter-de-milan-segunda-equipacion-manga-larga","25-26 Inter de Milán segunda equipación manga larga","<p>25-26 Inter de Milán segunda equipación manga larga. Disponible en el catálogo — consigue el contacto del proveedor para pedirla.</p>"
"25-26-bayern-de-munich-primera-equipacion-manga-larga","25-26 Bayern de Munich primera equipación manga larga","<p>25-26 Bayern de Munich primera equipación manga larga. Disponible en el catálogo — consigue el contacto del proveedor para pedirla.</p>"
"25-26-chelsea-conjunto-de-chandal-nino-negro-blanco","25-26 Chelsea conjunto de chándal niño negro/blanco","<p>25-26 Chelsea conjunto de chándal niño negro/blanco. Disponible en el catálogo — consigue el contacto del proveedor para pedirla.</p>"
"99-00-ac-milan-cuarta-equipacion","99-00 AC Milán cuarta equipación","<p>99-00 AC Milán cuarta equipación. Disponible en el catálogo — consigue el contacto del proveedor para pedirla.</p>"
"98-99-ac-milan-primera-equipacion-nino","98-99 AC Milán primera equipación niño","<p>98-99 AC Milán primera equipación niño. Disponible en el catálogo — consigue el contacto del proveedor para pedirla.</p>"
"02-03-ac-milan-primera-equipacion","02-03 AC Milán primera equipación","<p>02-03 AC Milán primera equipación. Disponible en el catálogo — consigue el contacto del proveedor para pedirla.</p>"
"10-11-ac-milan-primera-equipacion","10-11 AC Milán primera equipación","<p>10-11 AC Milán primera equipación. Disponible en el catálogo — consigue el contacto del proveedor para pedirla.</p>"
"97-98-ac-milan-equipacion-especial","97-98 AC Milán equipación especial","<p>97-98 AC Milán equipación especial. Disponible en el catálogo — consigue el contacto del proveedor para pedirla.</p>"
"12-13-ac-milan-tercera-equipacion","12-13 AC Milán tercera equipación","<p>12-13 AC Milán tercera equipación. Disponible en el catálogo — consigue el contacto del proveedor para pedirla.</p>"
"25-26-ac-milan-primera-equipacion-nino","25-26 AC Milán primera equipación niño","<p>25-26 AC Milán primera equipación niño. Disponible en el catálogo — consigue el contacto del proveedor para pedirla.</p>"
"11-12-ac-milan-primera-equipacion","11-12 AC Milán primera equipación","<p>11-12 AC Milán primera equipación. Disponible en el catálogo — consigue el contacto del proveedor para pedirla.</p>"
"24-25-ac-milan-equipacion-125-aniversario","24-25 AC Milán equipación 125 aniversario","<p>24-25 AC Milán equipación 125 aniversario. Disponible en el catálogo — consigue el contacto del proveedor para pedirla.</p>"
"02-03-ac-milan-segunda-equipacion","02-03 AC Milán segunda equipación","<p>02-03 AC Milán segunda equipación. Disponible en el catálogo — consigue el contacto del proveedor para pedirla.</p>"
"97-98-ac-milan-segunda-equipacion","97-98 AC Milán segunda equipación","<p>97-98 AC Milán segunda equipación. Disponible en el catálogo — consigue el contacto del proveedor para pedirla.</p>"
"97-98-ac-milan-cuarta-equipacion","97-98 AC Milán cuarta equipación","<p>97-98 AC Milán cuarta equipación. Disponible en el catálogo — consigue el contacto del proveedor para pedirla.</p>"
"04-05-ac-milan-primera-equipacion","04-05 AC Milán primera equipación","<p>04-05 AC Milán primera equipación. Disponible en el catálogo — consigue el contacto del proveedor para pedirla.</p>"
"93-94-ac-milan-primera-equipacion-manga-larga","93-94 AC Milán primera equipación manga larga","<p>93-94 AC Milán primera equipación manga larga. Disponible en el catálogo — consigue el contacto del proveedor para pedirla.</p>"
"24-25-ac-milan-cuarta-equipacion","24-25 AC Milán cuarta equipación","<p>24-25 AC Milán cuarta equipación. Disponible en el catálogo — consigue el contacto del proveedor para pedirla.</p>"
"03-04-ac-milan-primera-equipacion","03-04 AC Milán primera equipación","<p>03-04 AC Milán primera equipación. Disponible en el catálogo — consigue el contacto del proveedor para pedirla.</p>"
"06-07-ac-milan-tercera-equipacion","06-07 AC Milán tercera equipación","<p>06-07 AC Milán tercera equipación. Disponible en el catálogo — consigue el contacto del proveedor para pedirla.</p>"
"19-20-ac-milan-equipacion-120-aniversario","19-20 AC Milán equipación 120 aniversario","<p>19-20 AC Milán equipación 120 aniversario. Disponible en el catálogo — consigue el contacto del proveedor para pedirla.</p>"
"25-26-ac-milan-segunda-equipacion","25-26 AC Milán segunda equipación","<p>25-26 AC Milán segunda equipación. Disponible en el catálogo — consigue el contacto del proveedor para pedirla.</p>"
"93-94-ac-milan-segunda-equipacion","93-94 AC Milán segunda equipación","<p>93-94 AC Milán segunda equipación. Disponible en el catálogo — consigue el contacto del proveedor para pedirla.</p>"
"14-15-ac-milan-primera-equipacion","14-15 AC Milán primera equipación","<p>14-15 AC Milán primera equipación. Disponible en el catálogo — consigue el contacto del proveedor para pedirla.</p>"
"11-12-ac-milan-segunda-equipacion","11-12 AC Milán segunda equipación","<p>11-12 AC Milán segunda equipación. Disponible en el catálogo — consigue el contacto del proveedor para pedirla.</p>"
"25-26-chelsea-conjunto-de-chandal-negro-blanco","25-26 Chelsea conjunto de chándal negro/blanco","<p>25-26 Chelsea conjunto de chándal negro/blanco. Disponible en el catálogo — consigue el contacto del proveedor para pedirla.</p>"
"07-08-ac-milan-primera-equipacion","07-08 AC Milán primera equipación","<p>07-08 AC Milán primera equipación. Disponible en el catálogo — consigue el contacto del proveedor para pedirla.</p>"
"00-02-ac-milan-primera-equipacion","00-02 AC Milán primera equipación","<p>00-02 AC Milán primera equipación. Disponible en el catálogo — consigue el contacto del proveedor para pedirla.</p>"
"96-97-ac-milan-primera-equipacion","96-97 AC Milán primera equipación","<p>96-97 AC Milán primera equipación. Disponible en el catálogo — consigue el contacto del proveedor para pedirla.</p>"
"12-13-ac-milan-primera-equipacion","12-13 AC Milán primera equipación","<p>12-13 AC Milán primera equipación. Disponible en el catálogo — consigue el contacto del proveedor para pedirla.</p>"
"16-17-ac-milan-primera-equipacion","16-17 AC Milán primera equipación","<p>16-17 AC Milán primera equipación. Disponible en el catálogo — consigue el contacto del proveedor para pedirla.</p>"
"08-09-ac-milan-primera-equipacion","08-09 AC Milán primera equipación","<p>08-09 AC Milán primera equipación. Disponible en el catálogo — consigue el contacto del proveedor para pedirla.</p>"
"19-20-ac-milan-primera-equipacion","19-20 AC Milán primera equipación","<p>19-20 AC Milán primera equipación. Disponible en el catálogo — consigue el contacto del proveedor para pedirla.</p>"
"99-00-ac-milan-primera-equipacion","99-00 AC Milán primera equipación","<p>99-00 AC Milán primera equipación. Disponible en el catálogo — consigue el contacto del proveedor para pedirla.</p>"
"96-97-ac-milan-segunda-equipacion","96-97 AC Milán segunda equipación","<p>96-97 AC Milán segunda equipación. Disponible en el catálogo — consigue el contacto del proveedor para pedirla.</p>"
"09-10-ac-milan-segunda-equipacion","09-10 AC Milán segunda equipación","<p>09-10 AC Milán segunda equipación. Disponible en el catálogo — consigue el contacto del proveedor para pedirla.</p>"
"89-90-ac-milan-primera-equipacion","89-90 AC Milán primera equipación","<p>89-90 AC Milán primera equipación. Disponible en el catálogo — consigue el contacto del proveedor para pedirla.</p>"
"17-18-ac-milan-primera-equipacion","17-18 AC Milán primera equipación","<p>17-18 AC Milán primera equipación. Disponible en el catálogo — consigue el contacto del proveedor para pedirla.</p>"
"90-91-ac-milan-primera-equipacion","90-91 AC Milán primera equipación","<p>90-91 AC Milán primera equipación. Disponible en el catálogo — consigue el contacto del proveedor para pedirla.</p>"
"11-12-ac-milan-tercera-equipacion","11-12 AC Milán tercera equipación","<p>11-12 AC Milán tercera equipación. Disponible en el catálogo — consigue el contacto del proveedor para pedirla.</p>"
"00-01-ac-milan-tercera-equipacion","00-01 AC Milán tercera equipación","<p>00-01 AC Milán tercera equipación. Disponible en el catálogo — consigue el contacto del proveedor para pedirla.</p>"
"95-96-ac-milan-tercera-equipacion","95-96 AC Milán tercera equipación","<p>95-96 AC Milán tercera equipación. Disponible en el catálogo — consigue el contacto del proveedor para pedirla.</p>"
"95-96-ac-milan-cuarta-equipacion","95-96 AC Milán cuarta equipación","<p>95-96 AC Milán cuarta equipación. Disponible en el catálogo — consigue el contacto del proveedor para pedirla.</p>"
"10-11-ac-milan-primera-equipacion-manga-larga","10-11 AC Milán primera equipación manga larga","<p>10-11 AC Milán primera equipación manga larga. Disponible en el catálogo — consigue el contacto del proveedor para pedirla.</p>"
"24-25-ac-milan-x-gucci-equipacion-catedral","24-25 AC Milán x Gucci equipación catedral","<p>24-25 AC Milán x Gucci equipación catedral. Disponible en el catálogo — consigue el contacto del proveedor para pedirla.</p>"
"24-25-ac-milan-portero-equipacion-125-aniversario","24-25 AC Milán portero equipación 125 aniversario","<p>24-25 AC Milán portero equipación 125 aniversario. Disponible en el catálogo — consigue el contacto del proveedor para pedirla.</p>"
"24-25-ac-milan-portero-equipacion-125-aniversario-manga-larga","24-25 AC Milán portero equipación 125 aniversario manga larga","<p>24-25 AC Milán portero equipación 125 aniversario manga larga. Disponible en el catálogo — consigue el contacto del proveedor para pedirla.</p>"
"11-12-ac-milan-tercera-equipacion-manga-larga","11-12 AC Milán tercera equipación manga larga","<p>11-12 AC Milán tercera equipación manga larga. Disponible en el catálogo — consigue el contacto del proveedor para pedirla.</p>"
"25-26-ac-milan-equipacion-especial-morada","25-26 AC Milán equipación especial morada","<p>25-26 AC Milán equipación especial morada. Disponible en el catálogo — consigue el contacto del proveedor para pedirla.</p>"
"24-25-ac-milan-cuarta-equipacion-nino","24-25 AC Milán cuarta equipación niño","<p>24-25 AC Milán cuarta equipación niño. Disponible en el catálogo — consigue el contacto del proveedor para pedirla.</p>"
"24-25-ac-milan-equipacion-125-aniversario-manga-larga","24-25 AC Milán equipación 125 aniversario manga larga","<p>24-25 AC Milán equipación 125 aniversario manga larga. Disponible en el catálogo — consigue el contacto del proveedor para pedirla.</p>"
"25-26-ac-milan-segunda-equipacion-manga-larga","25-26 AC Milán segunda equipación manga larga","<p>25-26 AC Milán segunda equipación manga larga. Disponible en el catálogo — consigue el contacto del proveedor para pedirla.</p>"
"24-25-ac-milan-x-gucci-equipacion","24-25 AC Milán x Gucci equipación","<p>24-25 AC Milán x Gucci equipación. Disponible en el catálogo — consigue el contacto del proveedor para pedirla.</p>"
"08-09-ac-milan-primera-equipacion-manga-larga","08-09 AC Milán primera equipación manga larga","<p>08-09 AC Milán primera equipación manga larga. Disponible en el catálogo — consigue el contacto del proveedor para pedirla.</p>"
"09-10-ac-milan-primera-equipacion-manga-larga","09-10 AC Milán primera equipación manga larga","<p>09-10 AC Milán primera equipación manga larga. Disponible en el catálogo — consigue el contacto del proveedor para pedirla.</p>"
"13-14-ac-milan-primera-equipacion-nino","13-14 AC Milán primera equipación niño","<p>13-14 AC Milán primera equipación niño. Disponible en el catálogo — consigue el contacto del proveedor para pedirla.</p>"
"07-08-ac-milan-primera-equipacion-manga-larga","07-08 AC Milán primera equipación manga larga","<p>07-08 AC Milán primera equipación manga larga. Disponible en el catálogo — consigue el contacto del proveedor para pedirla.</p>"
"13-14-ac-milan-primera-equipacion-manga-larga","13-14 AC Milan primera equipación manga larga","<p>13-14 AC Milan primera equipación manga larga. Disponible en el catálogo — consigue el contacto del proveedor para pedirla.</p>"
"06-07-ac-milan-primera-equipacion-nino","06-07 AC Milán primera equipación niño","<p>06-07 AC Milán primera equipación niño. Disponible en el catálogo — consigue el contacto del proveedor para pedirla.</p>"
"25-26-palmeiras-primera-equipacion-mujer-sponsors-incluidos","25/26 Palmeiras primera equipación mujer (sponsors incluidos)","<p>25/26 Palmeiras primera equipación mujer (sponsors incluidos). Disponible en el catálogo — consigue el contacto del proveedor para pedirla.</p>"
"25-26-palmeiras-segunda-equipacion-mujer-sponsors-incluidos","25/26 Palmeiras segunda equipación mujer (sponsors incluidos)","<p>25/26 Palmeiras segunda equipación mujer (sponsors incluidos). Disponible en el catálogo — consigue el contacto del proveedor para pedirla.</p>"
"25-26-palmeiras-tercera-equipacion-mujer-sponsors-incluidos","25/26 Palmeiras tercera equipación mujer (sponsors incluidos)","<p>25/26 Palmeiras tercera equipación mujer (sponsors incluidos). Disponible en el catálogo — consigue el contacto del proveedor para pedirla.</p>"
"2024-2025-brasil-primera-equipacion","2024-2025 Brasil primera equipación","<p>2024-2025 Brasil primera equipación. Disponible en el catálogo — consigue el contacto del proveedor para pedirla.</p>"
"25-26-inter-miami-segunda-equipacion-nino","25-26 Inter Miami segunda equipación niño","<p>25-26 Inter Miami segunda equipación niño. Disponible en el catálogo — consigue el contacto del proveedor para pedirla.</p>"
"25-26-inter-miami-primera-equipacion-nino","25-26 Inter Miami primera equipación niño","<p>25-26 Inter Miami primera equipación niño. Disponible en el catálogo — consigue el contacto del proveedor para pedirla.</p>"
"25-26-inter-miami-segunda-equipacion","25-26 Inter Miami segunda equipación","<p>25-26 Inter Miami segunda equipación. Disponible en el catálogo — consigue el contacto del proveedor para pedirla.</p>"
"25-26-inter-miami-primera-equipacion","25-26 Inter Miami primera equipación","<p>25-26 Inter Miami primera equipación. Disponible en el catálogo — consigue el contacto del proveedor para pedirla.</p>"
"flamengo-x-dellafuente-equipacion-especial","Flamengo x Dellafuente equipación especial","<p>Flamengo x Dellafuente equipación especial. Disponible en el catálogo — consigue el contacto del proveedor para pedirla.</p>"
"2026-portugal-primera-equipacion-mujer","2026 Portugal primera equipación mujer","<p>2026 Portugal primera equipación mujer. Disponible en el catálogo — consigue el contacto del proveedor para pedirla.</p>"
"25-26-botafogo-cuarta-equipacion-mujer-sponsors-incluidos","25/26 Botafogo cuarta equipación mujer (sponsors incluidos)","<p>25/26 Botafogo cuarta equipación mujer (sponsors incluidos). Disponible en el catálogo — consigue el contacto del proveedor para pedirla.</p>"
"25-26-recife-tercera-equipacion-mujer-sponsors-incluidos","25/26 Recife tercera equipación mujer (sponsors incluidos)","<p>25/26 Recife tercera equipación mujer (sponsors incluidos). Disponible en el catálogo — consigue el contacto del proveedor para pedirla.</p>"
"25-26-manchester-city-segunda-equipacion-mujer","25-26 Manchester City segunda equipación mujer","<p>25-26 Manchester City segunda equipación mujer. Disponible en el catálogo — consigue el contacto del proveedor para pedirla.</p>"
"25-26-fluminense-tercera-equipacion-mujer","25/26 Fluminense tercera equipación mujer","<p>25/26 Fluminense tercera equipación mujer. Disponible en el catálogo — consigue el contacto del proveedor para pedirla.</p>"
"25-26-recife-segunda-equipacion-mujer-sponsors-incluidos","25/26 Recife segunda equipación mujer (sponsors incluidos)","<p>25/26 Recife segunda equipación mujer (sponsors incluidos). Disponible en el catálogo — consigue el contacto del proveedor para pedirla.</p>"
"25-26-flamengo-equipacion-pre-partido-mujer-sponsors-incluidos","25-26 Flamengo equipación Pre Partido mujer (sponsors incluidos)","<p>25-26 Flamengo equipación Pre Partido mujer (sponsors incluidos). Disponible en el catálogo — consigue el contacto del proveedor para pedirla.</p>"
"25-26-atletico-mineiro-segunda-equipacion-mujer-sponsors-incluidos","25-26 Atlético Mineiro segunda equipación mujer (sponsors incluidos)","<p>25-26 Atlético Mineiro segunda equipación mujer (sponsors incluidos). Disponible en el catálogo — consigue el contacto del proveedor para pedirla.</p>"
"25-26-bahia-portero-segunda-equipacion-mujer-sponsors-incluidos","25-26 Bahia portero segunda equipación mujer (sponsors incluidos)","<p>25-26 Bahia portero segunda equipación mujer (sponsors incluidos). Disponible en el catálogo — consigue el contacto del proveedor para pedirla.</p>"
"25-26-atletico-mineiro-tercera-equipacion-mujer-sponsors-incluidos","25-26 Atlético Mineiro tercera equipación mujer (sponsors incluidos)","<p>25-26 Atlético Mineiro tercera equipación mujer (sponsors incluidos). Disponible en el catálogo — consigue el contacto del proveedor para pedirla.</p>"
"25-26-bahia-tercera-equipacion-mujer-sponsors-incluidos","25-26 Bahia tercera equipación mujer (sponsors incluidos)","<p>25-26 Bahia tercera equipación mujer (sponsors incluidos). Disponible en el catálogo — consigue el contacto del proveedor para pedirla.</p>"
"25-26-gremio-tercera-equipacion-mujer-sponsors-incluidos","25-26 Gremio tercera equipación mujer (sponsors incluidos)","<p>25-26 Gremio tercera equipación mujer (sponsors incluidos). Disponible en el catálogo — consigue el contacto del proveedor para pedirla.</p>"
"25-26-cruzeiro-tercera-equipacion-mujer-sponsors-incluidos","25-26 Cruzeiro tercera equipación mujer (sponsors incluidos)","<p>25-26 Cruzeiro tercera equipación mujer (sponsors incluidos). Disponible en el catálogo — consigue el contacto del proveedor para pedirla.</p>"
"25-26-vasco-da-gama-segunda-equipacion-mujer-sponsors-incluidos","25-26 Vasco da Gama segunda equipación mujer (sponsors incluidos)","<p>25-26 Vasco da Gama segunda equipación mujer (sponsors incluidos). Disponible en el catálogo — consigue el contacto del proveedor para pedirla.</p>"
"25-26-vitoria-segunda-equipacion-mujer-sponsors-incluidos","25-26 Vitória segunda equipación mujer (sponsors incluidos)","<p>25-26 Vitória segunda equipación mujer (sponsors incluidos). Disponible en el catálogo — consigue el contacto del proveedor para pedirla.</p>"
"25-26-santa-cruz-primera-equipacion-mujer-sponsors-incluidos","25-26 Santa Cruz primera equipación mujer (sponsors incluidos)","<p>25-26 Santa Cruz primera equipación mujer (sponsors incluidos). Disponible en el catálogo — consigue el contacto del proveedor para pedirla.</p>"
"25-26-manchester-united-primera-equipacion-mujer","25-26 Manchester United primera equipación mujer","<p>25-26 Manchester United primera equipación mujer. Disponible en el catálogo — consigue el contacto del proveedor para pedirla.</p>"
"25-26-vasco-da-gama-primera-equipacion-mujer-sponsors-incluidos","25-26 Vasco da Gama primera equipación mujer (sponsors incluidos)","<p>25-26 Vasco da Gama primera equipación mujer (sponsors incluidos). Disponible en el catálogo — consigue el contacto del proveedor para pedirla.</p>"
"25-26-santa-cruz-segunda-equipacion-mujer-sponsors-incluidos","25-26 Santa Cruz segunda equipación mujer (sponsors incluidos)","<p>25-26 Santa Cruz segunda equipación mujer (sponsors incluidos). Disponible en el catálogo — consigue el contacto del proveedor para pedirla.</p>"
"25-26-bahia-portero-tercera-equipacion-mujer-sponsors-incluidos","25-26 Bahia portero tercera equipación mujer (sponsors incluidos)","<p>25-26 Bahia portero tercera equipación mujer (sponsors incluidos). Disponible en el catálogo — consigue el contacto del proveedor para pedirla.</p>"
"25-26-arsenal-tercera-equipacion-mujer","25-26 Arsenal tercera equipación mujer","<p>25-26 Arsenal tercera equipación mujer. Disponible en el catálogo — consigue el contacto del proveedor para pedirla.</p>"
"25-26-real-madrid-primera-equipacion-mujer","25-26 Real Madrid primera equipación mujer","<p>25-26 Real Madrid primera equipación mujer. Disponible en el catálogo — consigue el contacto del proveedor para pedirla.</p>"
"25-26-corinthians-tercera-equipacion-mujer-sponsors-incluidos","25-26 Corinthians tercera equipación mujer (sponsors incluidos)","<p>25-26 Corinthians tercera equipación mujer (sponsors incluidos). Disponible en el catálogo — consigue el contacto del proveedor para pedirla.</p>"
"2026-portugal-equipacion-tributo-a-eusebio-mujer","2026 Portugal equipación tributo a Eusébio mujer","<p>2026 Portugal equipación tributo a Eusébio mujer. Disponible en el catálogo — consigue el contacto del proveedor para pedirla.</p>"
"25-26-recife-equipacion-octubre-rosa-mujer","25/26 Recife equipación Octubre Rosa mujer","<p>25/26 Recife equipación Octubre Rosa mujer. Disponible en el catálogo — consigue el contacto del proveedor para pedirla.</p>"
"25-26-vasco-da-gama-equipacion-entrenamiento-mujer-sponsors-incluidos","25-26 Vasco da Gama equipación entrenamiento mujer (sponsors incluidos)","<p>25-26 Vasco da Gama equipación entrenamiento mujer (sponsors incluidos). Disponible en el catálogo — consigue el contacto del proveedor para pedirla.</p>"
"25-26-real-madrid-tercera-equipacion-mujer","25-26 Real Madrid tercera equipación mujer","<p>25-26 Real Madrid tercera equipación mujer. Disponible en el catálogo — consigue el contacto del proveedor para pedirla.</p>"
"2016-recife-tercera-equipacion-mujer","2016 Recife tercera equipación mujer","<p>2016 Recife tercera equipación mujer. Disponible en el catálogo — consigue el contacto del proveedor para pedirla.</p>"
"25-26-flamengo-segunda-equipacion-entrenamiento-mujer-sponsors-incluidos","25-26 Flamengo segunda equipación entrenamiento mujer (sponsors incluidos)","<p>25-26 Flamengo segunda equipación entrenamiento mujer (sponsors incluidos). Disponible en el catálogo — consigue el contacto del proveedor para pedirla.</p>"
"25-26-cruzeiro-segunda-equipacion-entrenamiento-mujer-sponsors-incluidos","25-26 Cruzeiro segunda equipación entrenamiento mujer (sponsors incluidos)","<p>25-26 Cruzeiro segunda equipación entrenamiento mujer (sponsors incluidos). Disponible en el catálogo — consigue el contacto del proveedor para pedirla.</p>"
"25-26-atletico-mineiro-equipacion-especial-mujer-sponsors-incluidos","25-26 Atlético Mineiro equipación especial mujer (sponsors incluidos)","<p>25-26 Atlético Mineiro equipación especial mujer (sponsors incluidos). Disponible en el catálogo — consigue el contacto del proveedor para pedirla.</p>"
"25-26-bahia-x-superman-equipacion-mujer-sponsors-incluidos","25-26 Bahia x Superman equipación mujer (sponsors incluidos)","<p>25-26 Bahia x Superman equipación mujer (sponsors incluidos). Disponible en el catálogo — consigue el contacto del proveedor para pedirla.</p>"
"25-26-sao-paulo-tercera-equipacion-mujer-sponsors-incluidos","25-26 São Paulo tercera equipación mujer (sponsors incluidos)","<p>25-26 São Paulo tercera equipación mujer (sponsors incluidos). Disponible en el catálogo — consigue el contacto del proveedor para pedirla.</p>"
"25-26-corinthians-equipacion-entrenamiento-mujer","25-26 Corinthians equipación entrenamiento mujer","<p>25-26 Corinthians equipación entrenamiento mujer. Disponible en el catálogo — consigue el contacto del proveedor para pedirla.</p>"
"25-26-sc-internacional-equipacion-entrenamiento-mujer","25-26 SC Internacional equipación entrenamiento mujer","<p>25-26 SC Internacional equipación entrenamiento mujer. Disponible en el catálogo — consigue el contacto del proveedor para pedirla.</p>"
"25-26-manchester-united-segunda-equipacion-mujer","25-26 Manchester United segunda equipación mujer","<p>25-26 Manchester United segunda equipación mujer. Disponible en el catálogo — consigue el contacto del proveedor para pedirla.</p>"
"25-26-vasco-da-gama-tercera-equipacion-mujer-sponsors-incluidos","25-26 Vasco da Gama tercera equipación mujer (sponsors incluidos)","<p>25-26 Vasco da Gama tercera equipación mujer (sponsors incluidos). Disponible en el catálogo — consigue el contacto del proveedor para pedirla.</p>"
"25-26-santa-cruz-portero-tercera-equipacion-mujer-sponsors-incluidos","25-26 Santa Cruz portero tercera equipación mujer (sponsors incluidos)","<p>25-26 Santa Cruz portero tercera equipación mujer (sponsors incluidos). Disponible en el catálogo — consigue el contacto del proveedor para pedirla.</p>"
"25-26-manchester-united-tercera-equipacion-mujer","25-26 Manchester United tercera equipación mujer","<p>25-26 Manchester United tercera equipación mujer. Disponible en el catálogo — consigue el contacto del proveedor para pedirla.</p>"
"25-26-flamengo-equipacion-originals-lifestyler-mujer","25-26 Flamengo equipación originals Lifestyler mujer","<p>25-26 Flamengo equipación originals Lifestyler mujer. Disponible en el catálogo — consigue el contacto del proveedor para pedirla.</p>"
"25-26-fulham-primera-equipacion","25-26 Fulham primera equipación","<p>25-26 Fulham primera equipación. Disponible en el catálogo — consigue el contacto del proveedor para pedirla.</p>"
"2022-argentina-primera-equipacion","2022 Argentina primera equipación","<p>2022 Argentina primera equipación. Disponible en el catálogo — consigue el contacto del proveedor para pedirla.</p>"
"25-26-real-madrid-segunda-equipacion-mujer","25-26 Real Madrid segunda equipación mujer","<p>25-26 Real Madrid segunda equipación mujer. Disponible en el catálogo — consigue el contacto del proveedor para pedirla.</p>"
"25-26-argentina-conjunto-de-chandal-nino","25-26 Argentina conjunto de chándal niño","<p>25-26 Argentina conjunto de chándal niño. Disponible en el catálogo — consigue el contacto del proveedor para pedirla.</p>"
"25-26-psg-conjunto-de-chandal-nino","25-26 PSG conjunto de chándal niño","<p>25-26 PSG conjunto de chándal niño. Disponible en el catálogo — consigue el contacto del proveedor para pedirla.</p>"
"24-25-psg-conjunto-de-chandal-beige","24-25 PSG conjunto de chándal beige","<p>24-25 PSG conjunto de chándal beige. Disponible en el catálogo — consigue el contacto del proveedor para pedirla.</p>"
"25-26-borussia-dortmund-primera-equipacion-mundial-clubes","25-26 Borussia Dortmund primera equipación mundial clubes","<p>25-26 Borussia Dortmund primera equipación mundial clubes. Disponible en el catálogo — consigue el contacto del proveedor para pedirla.</p>"
"25-26-borussia-dortmund-tercera-equipacion","25-26 Borussia Dortmund tercera equipación","<p>25-26 Borussia Dortmund tercera equipación. Disponible en el catálogo — consigue el contacto del proveedor para pedirla.</p>"
"96-97-borussia-dortmund-segunda-equipacion","96-97 Borussia Dortmund segunda equipación","<p>96-97 Borussia Dortmund segunda equipación. Disponible en el catálogo — consigue el contacto del proveedor para pedirla.</p>"
"19-20-borussia-dortmund-primera-equipacion","19-20 Borussia Dortmund primera equipación","<p>19-20 Borussia Dortmund primera equipación. Disponible en el catálogo — consigue el contacto del proveedor para pedirla.</p>"
"12-13-borussia-dortmund-primera-equipacion","12-13 Borussia Dortmund primera equipación","<p>12-13 Borussia Dortmund primera equipación. Disponible en el catálogo — consigue el contacto del proveedor para pedirla.</p>"
"88-89-borussia-dortmund-final-copa-de-alemania","88-89 Borussia Dortmund Final Copa de Alemania","<p>88-89 Borussia Dortmund Final Copa de Alemania. Disponible en el catálogo — consigue el contacto del proveedor para pedirla.</p>"
"95-96-borussia-dortmund-primera-equipacion","95-96 Borussia Dortmund primera equipación","<p>95-96 Borussia Dortmund primera equipación. Disponible en el catálogo — consigue el contacto del proveedor para pedirla.</p>"
"95-96-borussia-dortmund-segunda-equipacion","95-96 Borussia Dortmund segunda equipación","<p>95-96 Borussia Dortmund segunda equipación. Disponible en el catálogo — consigue el contacto del proveedor para pedirla.</p>"
"11-12-borussia-dortmund-primera-equipacion","11-12 Borussia Dortmund primera equipación","<p>11-12 Borussia Dortmund primera equipación. Disponible en el catálogo — consigue el contacto del proveedor para pedirla.</p>"
"96-97-borussia-dortmund-primera-equipacion","96-97 Borussia Dortmund primera equipación","<p>96-97 Borussia Dortmund primera equipación. Disponible en el catálogo — consigue el contacto del proveedor para pedirla.</p>"
"97-98-borussia-dortmund-primera-equipacion","97-98 Borussia Dortmund primera equipación","<p>97-98 Borussia Dortmund primera equipación. Disponible en el catálogo — consigue el contacto del proveedor para pedirla.</p>"
"25-26-borussia-dortmund-x-one-piece","25-26 Borussia Dortmund x One Piece","<p>25-26 Borussia Dortmund x One Piece. Disponible en el catálogo — consigue el contacto del proveedor para pedirla.</p>"
"25-26-borussia-dortmund-segunda-equipacion","25-26 Borussia Dortmund segunda equipación","<p>25-26 Borussia Dortmund segunda equipación. Disponible en el catálogo — consigue el contacto del proveedor para pedirla.</p>"
"25-26-borussia-dortmund-primera-equipacion-champions","25-26 Borussia Dortmund primera equipacion champions","<p>25-26 Borussia Dortmund primera equipacion champions. Disponible en el catálogo — consigue el contacto del proveedor para pedirla.</p>"
"25-26-borussia-dortmund-primera-equipacion-nino","25-26 Borussia dortmund primera equipación niño","<p>25-26 Borussia dortmund primera equipación niño. Disponible en el catálogo — consigue el contacto del proveedor para pedirla.</p>"
"24-25-borussia-dortmund-equipacion-aniversario","24-25 Borussia Dortmund equipación aniversario","<p>24-25 Borussia Dortmund equipación aniversario. Disponible en el catálogo — consigue el contacto del proveedor para pedirla.</p>"
"95-96-borussia-dortmund-segunda-equipacion-manga-larga","95-96 Borussia Dortmund segunda equipación manga larga","<p>95-96 Borussia Dortmund segunda equipación manga larga. Disponible en el catálogo — consigue el contacto del proveedor para pedirla.</p>"
"25-26-borussia-dortmund-segunda-equipacion-nino","25-26 Borussia dortmund segunda equipación niño","<p>25-26 Borussia dortmund segunda equipación niño. Disponible en el catálogo — consigue el contacto del proveedor para pedirla.</p>"
"01-02-roma-segunda-equipacion","01-02 Roma segunda equipación","<p>01-02 Roma segunda equipación. Disponible en el catálogo — consigue el contacto del proveedor para pedirla.</p>"
"90-91-roma-segunda-equipacion","90-91 Roma segunda equipación","<p>90-91 Roma segunda equipación. Disponible en el catálogo — consigue el contacto del proveedor para pedirla.</p>"
"04-05-roma-primera-equipacion","04-05 Roma primera equipación","<p>04-05 Roma primera equipación. Disponible en el catálogo — consigue el contacto del proveedor para pedirla.</p>"
"05-06-roma-tercera-equipacion","05-06 Roma tercera equipación","<p>05-06 Roma tercera equipación. Disponible en el catálogo — consigue el contacto del proveedor para pedirla.</p>"
"01-02-roma-primera-equipacion-nino","01-02 Roma primera equipación niño","<p>01-02 Roma primera equipación niño. Disponible en el catálogo — consigue el contacto del proveedor para pedirla.</p>"
"92-94-roma-primera-equipacion","92-94 Roma primera equipación","<p>92-94 Roma primera equipación. Disponible en el catálogo — consigue el contacto del proveedor para pedirla.</p>"
"97-98-roma-primera-equipacion","97-98 Roma primera equipación","<p>97-98 Roma primera equipación. Disponible en el catálogo — consigue el contacto del proveedor para pedirla.</p>"
"17-18-roma-primera-equipacion-manga-larga","17-18 Roma primera equipación manga larga","<p>17-18 Roma primera equipación manga larga. Disponible en el catálogo — consigue el contacto del proveedor para pedirla.</p>"
"92-94-roma-segunda-equipacion","92-94 Roma segunda equipación","<p>92-94 Roma segunda equipación. Disponible en el catálogo — consigue el contacto del proveedor para pedirla.</p>"
"99-00-roma-tercera-equipacion","99-00 Roma tercera equipación","<p>99-00 Roma tercera equipación. Disponible en el catálogo — consigue el contacto del proveedor para pedirla.</p>"
"00-01-roma-primera-equipacion","00-01 Roma primera equipación","<p>00-01 Roma primera equipación. Disponible en el catálogo — consigue el contacto del proveedor para pedirla.</p>"
"95-96-roma-primera-equipacion","95-96 Roma primera equipación","<p>95-96 Roma primera equipación. Disponible en el catálogo — consigue el contacto del proveedor para pedirla.</p>"
"91-92-roma-segunda-equipacion","91-92 Roma segunda equipación","<p>91-92 Roma segunda equipación. Disponible en el catálogo — consigue el contacto del proveedor para pedirla.</p>"
"01-02-roma-tercera-equipacion","01-02 Roma tercera equipación","<p>01-02 Roma tercera equipación. Disponible en el catálogo — consigue el contacto del proveedor para pedirla.</p>"
"25-26-roma-primera-equipacion-nino","25-26 Roma primera equipación niño","<p>25-26 Roma primera equipación niño. Disponible en el catálogo — consigue el contacto del proveedor para pedirla.</p>"
"91-92-roma-primera-equipacion","91-92 Roma primera equipación","<p>91-92 Roma primera equipación. Disponible en el catálogo — consigue el contacto del proveedor para pedirla.</p>"
"99-00-roma-primera-equipacion","99-00 Roma primera equipación","<p>99-00 Roma primera equipación. Disponible en el catálogo — consigue el contacto del proveedor para pedirla.</p>"
"25-26-roma-segunda-equipacion","25-26 Roma segunda equipación","<p>25-26 Roma segunda equipación. Disponible en el catálogo — consigue el contacto del proveedor para pedirla.</p>"
"06-07-roma-primera-equipacion","06-07 Roma primera equipación","<p>06-07 Roma primera equipación. Disponible en el catálogo — consigue el contacto del proveedor para pedirla.</p>"
"17-18-roma-primera-equipacion","17-18 Roma primera equipación","<p>17-18 Roma primera equipación. Disponible en el catálogo — consigue el contacto del proveedor para pedirla.</p>"
"01-02-roma-primera-equipacion-champions","01-02 Roma primera equipación champions","<p>01-02 Roma primera equipación champions. Disponible en el catálogo — consigue el contacto del proveedor para pedirla.</p>"
"82-83-roma-primera-equipacion","82-83 Roma primera equipación","<p>82-83 Roma primera equipación. Disponible en el catálogo — consigue el contacto del proveedor para pedirla.</p>"
"92-94-roma-tercera-equipacion","92-94 Roma tercera equipación","<p>92-94 Roma tercera equipación. Disponible en el catálogo — consigue el contacto del proveedor para pedirla.</p>"
"99-00-roma-segunda-equipacion","99-00 Roma segunda equipación","<p>99-00 Roma segunda equipación. Disponible en el catálogo — consigue el contacto del proveedor para pedirla.</p>"
"83-84-roma-primera-equipacion","83-84 Roma primera equipación","<p>83-84 Roma primera equipación. Disponible en el catálogo — consigue el contacto del proveedor para pedirla.</p>"
"91-92-roma-tercera-equipacion","91-92 Roma tercera equipación","<p>91-92 Roma tercera equipación. Disponible en el catálogo — consigue el contacto del proveedor para pedirla.</p>"
"99-00-roma-primera-equipacion-manga-larga","99-00 Roma primera equipación manga larga","<p>99-00 Roma primera equipación manga larga. Disponible en el catálogo — consigue el contacto del proveedor para pedirla.</p>"
"98-99-roma-primera-equipacion-manga-larga","98-99 Roma primera equipación manga larga","<p>98-99 Roma primera equipación manga larga. Disponible en el catálogo — consigue el contacto del proveedor para pedirla.</p>"
"98-99-roma-segunda-equipacion-manga-larga","98-99 Roma segunda equipación manga larga","<p>98-99 Roma segunda equipación manga larga. Disponible en el catálogo — consigue el contacto del proveedor para pedirla.</p>"
"25-26-roma-segunda-equipacion-nino","25-26 Roma segunda equipación niño","<p>25-26 Roma segunda equipación niño. Disponible en el catálogo — consigue el contacto del proveedor para pedirla.</p>"
"25-26-roma-equipacion-pre-partido","25-26 Roma equipación pre partido","<p>25-26 Roma equipación pre partido. Disponible en el catálogo — consigue el contacto del proveedor para pedirla.</p>"
"01-02-roma-segunda-equipacion-manga-larga","01-02 Roma segunda equipación manga larga","<p>01-02 Roma segunda equipación manga larga. Disponible en el catálogo — consigue el contacto del proveedor para pedirla.</p>"
"01-02-roma-primera-equipacion-champions-manga-larga","01-02 Roma primera equipación champions manga larga","<p>01-02 Roma primera equipación champions manga larga. Disponible en el catálogo — consigue el contacto del proveedor para pedirla.</p>"
"99-00-roma-tercera-equipacion-manga-larga","99-00 Roma tercera equipación manga larga","<p>99-00 Roma tercera equipación manga larga. Disponible en el catálogo — consigue el contacto del proveedor para pedirla.</p>"
"98-99-roma-segunda-equipacion","98-99 Roma segunda equipación","<p>98-99 Roma segunda equipación. Disponible en el catálogo — consigue el contacto del proveedor para pedirla.</p>"
"14-15-roma-primera-equipacion","14-15 Roma primera equipación","<p>14-15 Roma primera equipación. Disponible en el catálogo — consigue el contacto del proveedor para pedirla.</p>"
"98-99-roma-primera-equipacion","98-99 Roma primera equipación","<p>98-99 Roma primera equipación. Disponible en el catálogo — consigue el contacto del proveedor para pedirla.</p>"
"25-26-juventus-conjunto-de-chandal","25-26 Juventus conjunto de chándal","<p>25-26 Juventus conjunto de chándal. Disponible en el catálogo — consigue el contacto del proveedor para pedirla.</p>"
"25-26-juventus-conjunto-de-chandal-nino","25-26 Juventus conjunto de chándal niño","<p>25-26 Juventus conjunto de chándal niño. Disponible en el catálogo — consigue el contacto del proveedor para pedirla.</p>"
"25-26-bayern-de-munich-tercera-equipacion","25-26 Bayern de Munich tercera equipación","<p>25-26 Bayern de Munich tercera equipación. Disponible en el catálogo — consigue el contacto del proveedor para pedirla.</p>"
"25-26-real-madrid-conjunto-de-chandal-negro-amarillo","25-26 Real Madrid conjunto de chándal negro/amarillo","<p>25-26 Real Madrid conjunto de chándal negro/amarillo. Disponible en el catálogo — consigue el contacto del proveedor para pedirla.</p>"
"25-26-real-madrid-conjunto-de-chandal-nino-negro-amarillo","25-26 Real Madrid conjunto de chándal niño negro/amarillo","<p>25-26 Real Madrid conjunto de chándal niño negro/amarillo. Disponible en el catálogo — consigue el contacto del proveedor para pedirla.</p>"
"25-26-real-madrid-conjunto-de-chandal-blanco-azul","25-26 Real Madrid conjunto de chándal blanco/azul","<p>25-26 Real Madrid conjunto de chándal blanco/azul. Disponible en el catálogo — consigue el contacto del proveedor para pedirla.</p>"
"25-26-real-madrid-conjunto-de-chandal-nino-blanco-azul","25-26 Real Madrid conjunto de chándal niño blanco/azul","<p>25-26 Real Madrid conjunto de chándal niño blanco/azul. Disponible en el catálogo — consigue el contacto del proveedor para pedirla.</p>"
"25-26-real-madrid-conjunto-de-chandal-originals-morado","25-26 Real Madrid conjunto de chándal originals morado","<p>25-26 Real Madrid conjunto de chándal originals morado. Disponible en el catálogo — consigue el contacto del proveedor para pedirla.</p>"
"25-26-real-madrid-conjunto-de-chandal-originals-nino-morado","25-26 Real Madrid conjunto de chándal originals niño morado","<p>25-26 Real Madrid conjunto de chándal originals niño morado. Disponible en el catálogo — consigue el contacto del proveedor para pedirla.</p>"
"25-26-real-madrid-conjunto-de-chandal-blanco-gris","25-26 Real Madrid conjunto de chándal blanco/gris","<p>25-26 Real Madrid conjunto de chándal blanco/gris. Disponible en el catálogo — consigue el contacto del proveedor para pedirla.</p>"
"25-26-real-madrid-conjunto-de-chandal-nino-blanco-gris","25-26 Real Madrid conjunto de chándal niño blanco/gris","<p>25-26 Real Madrid conjunto de chándal niño blanco/gris. Disponible en el catálogo — consigue el contacto del proveedor para pedirla.</p>"
"25-26-real-madrid-conjunto-de-chandal-nino-azul-morado","25-26 Real Madrid conjunto de chándal niño azul/morado","<p>25-26 Real Madrid conjunto de chándal niño azul/morado. Disponible en el catálogo — consigue el contacto del proveedor para pedirla.</p>"
"25-26-real-madrid-conjunto-de-chandal-azul-morado","25-26 Real Madrid conjunto de chándal azul/morado","<p>25-26 Real Madrid conjunto de chándal azul/morado. Disponible en el catálogo — consigue el contacto del proveedor para pedirla.</p>"
"25-26-real-madrid-conjunto-de-chandal-gris-oscuro","25-26 Real Madrid conjunto de chándal gris oscuro","<p>25-26 Real Madrid conjunto de chándal gris oscuro. Disponible en el catálogo — consigue el contacto del proveedor para pedirla.</p>"
"25-26-real-madrid-conjunto-de-chandal-gris-oscuro-nino","25-26 Real Madrid conjunto de chándal gris oscuro niño","<p>25-26 Real Madrid conjunto de chándal gris oscuro niño. Disponible en el catálogo — consigue el contacto del proveedor para pedirla.</p>"
"25-26-real-madrid-conjunto-de-chandal-amarillo-negro","25-26 Real Madrid conjunto de chándal amarillo/negro","<p>25-26 Real Madrid conjunto de chándal amarillo/negro. Disponible en el catálogo — consigue el contacto del proveedor para pedirla.</p>"
"25-26-real-madrid-conjunto-de-chandal-amarillo-negro-nino","25-26 Real Madrid conjunto de chándal amarillo/negro niño","<p>25-26 Real Madrid conjunto de chándal amarillo/negro niño. Disponible en el catálogo — consigue el contacto del proveedor para pedirla.</p>"
"25-26-real-madrid-conjunto-de-chandal-negro-nino","25-26 Real Madrid conjunto de chándal negro niño","<p>25-26 Real Madrid conjunto de chándal negro niño. Disponible en el catálogo — consigue el contacto del proveedor para pedirla.</p>"
"25-26-real-madrid-conjunto-de-chandal-negro","25-26 Real Madrid conjunto de chándal negro","<p>25-26 Real Madrid conjunto de chándal negro. Disponible en el catálogo — consigue el contacto del proveedor para pedirla.</p>"
"25-26-real-madrid-conjunto-de-chandal-blanco-negro","25-26 Real Madrid conjunto de chándal blanco/negro","<p>25-26 Real Madrid conjunto de chándal blanco/negro. Disponible en el catálogo — consigue el contacto del proveedor para pedirla.</p>"
"25-26-real-madrid-conjunto-de-chandal-blanco-negro-nino","25-26 Real Madrid conjunto de chándal blanco/negro niño","<p>25-26 Real Madrid conjunto de chándal blanco/negro niño. Disponible en el catálogo — consigue el contacto del proveedor para pedirla.</p>"
"24-25-argentina-tercer-conjunto-de-chandal","24-25 Argentina tercer conjunto de chándal","<p>24-25 Argentina tercer conjunto de chándal. Disponible en el catálogo — consigue el contacto del proveedor para pedirla.</p>"
"25-26-real-madrid-conjunto-de-chandal-pre-partido-nino","25-26 Real Madrid conjunto de chándal Pre Partido niño","<p>25-26 Real Madrid conjunto de chándal Pre Partido niño. Disponible en el catálogo — consigue el contacto del proveedor para pedirla.</p>"
"25-26-real-madrid-conjunto-de-chandal-originals-nino-azul","25-26 Real Madrid conjunto de chándal originals niño azul","<p>25-26 Real Madrid conjunto de chándal originals niño azul. Disponible en el catálogo — consigue el contacto del proveedor para pedirla.</p>"
"25-26-real-madrid-conjunto-de-chandal-nino-blanco-morado","25-26 Real Madrid conjunto de chándal niño blanco/morado","<p>25-26 Real Madrid conjunto de chándal niño blanco/morado. Disponible en el catálogo — consigue el contacto del proveedor para pedirla.</p>"
"25-26-real-madrid-conjunto-de-chandal","25-26 Real Madrid conjunto de chándal","<p>25-26 Real Madrid conjunto de chándal. Disponible en el catálogo — consigue el contacto del proveedor para pedirla.</p>"
"25-26-real-madrid-conjunto-de-chandal-azul-nino","25-26 Real Madrid conjunto de chándal azul niño","<p>25-26 Real Madrid conjunto de chándal azul niño. Disponible en el catálogo — consigue el contacto del proveedor para pedirla.</p>"
"06-07-ac-milan-segunda-equipacion-nino","06-07 AC Milán segunda equipación niño","<p>06-07 AC Milán segunda equipación niño. Disponible en el catálogo — consigue el contacto del proveedor para pedirla.</p>"
"95-96-psv-primera-equipacion","95-96 PSV primera equipación","<p>95-96 PSV primera equipación. Disponible en el catálogo — consigue el contacto del proveedor para pedirla.</p>"
"04-05-psv-primera-equipacion","04-05 PSV primera equipación","<p>04-05 PSV primera equipación. Disponible en el catálogo — consigue el contacto del proveedor para pedirla.</p>"
"09-10-psv-primera-equipacion","09-10 PSV primera equipación","<p>09-10 PSV primera equipación. Disponible en el catálogo — consigue el contacto del proveedor para pedirla.</p>"
"00-01-psv-primera-equipacion","00-01 PSV primera equipación","<p>00-01 PSV primera equipación. Disponible en el catálogo — consigue el contacto del proveedor para pedirla.</p>"
"94-95-psv-primera-equipacion","94-95 PSV primera equipación","<p>94-95 PSV primera equipación. Disponible en el catálogo — consigue el contacto del proveedor para pedirla.</p>"
"25-26-psv-segunda-equipacion-nino","25-26 PSV segunda equipación niño","<p>25-26 PSV segunda equipación niño. Disponible en el catálogo — consigue el contacto del proveedor para pedirla.</p>"
"25-26-psv-primera-equipacion-nino","25-26 PSV primera equipación niño","<p>25-26 PSV primera equipación niño. Disponible en el catálogo — consigue el contacto del proveedor para pedirla.</p>"
"25-26-psv-primera-equipacion","25-26 PSV primera equipación","<p>25-26 PSV primera equipación. Disponible en el catálogo — consigue el contacto del proveedor para pedirla.</p>"
"02-03-inter-de-milan-tercera-equipacion","02-03 Inter de Milán tercera equipación","<p>02-03 Inter de Milán tercera equipación. Disponible en el catálogo — consigue el contacto del proveedor para pedirla.</p>"
"90-91-inter-de-milan-segunda-equipacion","90-91 Inter de Milán segunda equipación","<p>90-91 Inter de Milán segunda equipación. Disponible en el catálogo — consigue el contacto del proveedor para pedirla.</p>"
"07-08-inter-de-milan-primera-equipacion","07-08 Inter de Milán primera equipación","<p>07-08 Inter de Milán primera equipación. Disponible en el catálogo — consigue el contacto del proveedor para pedirla.</p>"
"95-96-inter-de-milan-segunda-equipacion","95-96 Inter de Milán segunda equipación","<p>95-96 Inter de Milán segunda equipación. Disponible en el catálogo — consigue el contacto del proveedor para pedirla.</p>"
"97-98-inter-de-milan-tercera-equipacion","97-98 Inter de Milán tercera equipación","<p>97-98 Inter de Milán tercera equipación. Disponible en el catálogo — consigue el contacto del proveedor para pedirla.</p>"
"88-91-inter-de-milan-primera-equipacion","88-91 Inter de Milán primera equipación","<p>88-91 Inter de Milán primera equipación. Disponible en el catálogo — consigue el contacto del proveedor para pedirla.</p>"
"08-09-inter-de-milan-primera-equipacion","08-09 Inter de Milán primera equipación","<p>08-09 Inter de Milán primera equipación. Disponible en el catálogo — consigue el contacto del proveedor para pedirla.</p>"
"04-05-inter-de-milan-tercera-equipacion","04-05 Inter de Milán tercera equipación","<p>04-05 Inter de Milán tercera equipación. Disponible en el catálogo — consigue el contacto del proveedor para pedirla.</p>"
"97-98-inter-de-milan-primera-equipacion","97-98 Inter de Milán primera equipación","<p>97-98 Inter de Milán primera equipación. Disponible en el catálogo — consigue el contacto del proveedor para pedirla.</p>"
"25-26-inter-de-milan-tercera-equipacion-nino","25-26 Inter de Milán tercera equipación niño","<p>25-26 Inter de Milán tercera equipación niño. Disponible en el catálogo — consigue el contacto del proveedor para pedirla.</p>"
"25-26-inter-de-milan-segunda-equipacion-nino","25-26 Inter de Milán segunda equipacion niño","<p>25-26 Inter de Milán segunda equipacion niño. Disponible en el catálogo — consigue el contacto del proveedor para pedirla.</p>"
"25-26-inter-de-milan-primera-equipacion-nino","25-26 Inter de Milán primera equipación niño","<p>25-26 Inter de Milán primera equipación niño. Disponible en el catálogo — consigue el contacto del proveedor para pedirla.</p>"
"25-26-inter-de-milan-tercera-equipacion","25-26 Inter de Milán tercera equipación","<p>25-26 Inter de Milán tercera equipación. Disponible en el catálogo — consigue el contacto del proveedor para pedirla.</p>"
"94-95-inter-de-milan-segunda-equipacion","94-95 Inter de Milán segunda equipación","<p>94-95 Inter de Milán segunda equipación. Disponible en el catálogo — consigue el contacto del proveedor para pedirla.</p>"
"09-10-inter-de-milan-primera-equipacion","09-10 Inter de Milán primera equipación","<p>09-10 Inter de Milán primera equipación. Disponible en el catálogo — consigue el contacto del proveedor para pedirla.</p>"
"90-91-inter-de-milan-primera-equipacion","90-91 Inter de Milán primera equipación","<p>90-91 Inter de Milán primera equipación. Disponible en el catálogo — consigue el contacto del proveedor para pedirla.</p>"
"99-00-inter-de-milan-primera-equipacion","99-00 Inter de Milán primera equipación","<p>99-00 Inter de Milán primera equipación. Disponible en el catálogo — consigue el contacto del proveedor para pedirla.</p>"
"09-10-inter-de-milan-segunda-equipacion","09-10 Inter de Milán segunda equipación","<p>09-10 Inter de Milán segunda equipación. Disponible en el catálogo — consigue el contacto del proveedor para pedirla.</p>"
"07-08-inter-de-milan-segunda-equipacion","07-08 Inter de Milán segunda equipación","<p>07-08 Inter de Milán segunda equipación. Disponible en el catálogo — consigue el contacto del proveedor para pedirla.</p>"
"10-11-inter-de-milan-primera-equipacion","10-11 Inter de Milán primera equipación","<p>10-11 Inter de Milán primera equipación. Disponible en el catálogo — consigue el contacto del proveedor para pedirla.</p>"
"95-96-inter-de-milan-tercera-equipacion","95-96 Inter de Milán tercera equipación","<p>95-96 Inter de Milán tercera equipación. Disponible en el catálogo — consigue el contacto del proveedor para pedirla.</p>"
"98-99-inter-de-milan-segunda-equipacion","98-99 Inter de Milán segunda equipación","<p>98-99 Inter de Milán segunda equipación. Disponible en el catálogo — consigue el contacto del proveedor para pedirla.</p>"
"01-02-inter-de-milan-primera-equipacion","01-02 Inter de Milán primera equipación","<p>01-02 Inter de Milán primera equipación. Disponible en el catálogo — consigue el contacto del proveedor para pedirla.</p>"
"92-94-inter-de-milan-primera-equipacion","92-94 Inter de Milán primera equipación","<p>92-94 Inter de Milán primera equipación. Disponible en el catálogo — consigue el contacto del proveedor para pedirla.</p>"
"10-11-inter-de-milan-segunda-equipacion","10-11 Inter de Milán segunda equipación","<p>10-11 Inter de Milán segunda equipación. Disponible en el catálogo — consigue el contacto del proveedor para pedirla.</p>"
"97-98-inter-de-milan-segunda-equipacion","97-98 Inter de Milán segunda equipación","<p>97-98 Inter de Milán segunda equipación. Disponible en el catálogo — consigue el contacto del proveedor para pedirla.</p>"
"04-05-inter-de-milan-segunda-equipacion","04-05 Inter de Milán segunda equipación","<p>04-05 Inter de Milán segunda equipación. Disponible en el catálogo — consigue el contacto del proveedor para pedirla.</p>"
"92-93-inter-de-milan-segunda-equipacion","92-93 Inter de Milán segunda equipación","<p>92-93 Inter de Milán segunda equipación. Disponible en el catálogo — consigue el contacto del proveedor para pedirla.</p>"
"98-99-inter-de-milan-primera-equipacion","98-99 Inter de Milán primera equipación","<p>98-99 Inter de Milán primera equipación. Disponible en el catálogo — consigue el contacto del proveedor para pedirla.</p>"
"98-99-inter-de-milan-tercera-equipacion","98-99 Inter de Milán tercera equipación","<p>98-99 Inter de Milán tercera equipación. Disponible en el catálogo — consigue el contacto del proveedor para pedirla.</p>"
"02-03-inter-de-milan-primera-equipacion","02-03 Inter de Milán primera equipación","<p>02-03 Inter de Milán primera equipación. Disponible en el catálogo — consigue el contacto del proveedor para pedirla.</p>"
"98-99-inter-de-milan-primera-equipacion-manga-larga","98-99 Inter de Milán primera equipación manga larga","<p>98-99 Inter de Milán primera equipación manga larga. Disponible en el catálogo — consigue el contacto del proveedor para pedirla.</p>"
"97-98-inter-de-milan-tercera-equipacion-manga-larga","97-98 Inter de Milán tercera equipación manga larga","<p>97-98 Inter de Milán tercera equipación manga larga. Disponible en el catálogo — consigue el contacto del proveedor para pedirla.</p>"
"09-10-inter-de-milan-primera-equipacion-manga-larga","09-10 Inter de Milán primera equipación manga larga","<p>09-10 Inter de Milán primera equipación manga larga. Disponible en el catálogo — consigue el contacto del proveedor para pedirla.</p>"
"97-98-inter-de-milan-primera-equipacion-manga-larga","97-98 Inter de Milán primera equipación manga larga","<p>97-98 Inter de Milán primera equipación manga larga. Disponible en el catálogo — consigue el contacto del proveedor para pedirla.</p>"
"20-21-inter-de-milan-primera-equipacion","20-21 Inter de Milán primera equipación","<p>20-21 Inter de Milán primera equipación. Disponible en el catálogo — consigue el contacto del proveedor para pedirla.</p>"
"10-11-inter-de-milan-primera-equipacion-manga-larga","10-11 Inter de Milán primera equipación manga larga","<p>10-11 Inter de Milán primera equipación manga larga. Disponible en el catálogo — consigue el contacto del proveedor para pedirla.</p>"
"25-26-inter-de-milan-equipacion-pre-partido","25-26 Inter de Milán equipación Pre Partido","<p>25-26 Inter de Milán equipación Pre Partido. Disponible en el catálogo — consigue el contacto del proveedor para pedirla.</p>"
"09-10-inter-de-milan-primera-equipacion-nino","09-10 Inter de Milan primera equipacion niño","<p>09-10 Inter de Milan primera equipacion niño. Disponible en el catálogo — consigue el contacto del proveedor para pedirla.</p>"
"2026-mexico-primera-equipacion-manga-larga","2026 México primera equipación manga larga","<p>2026 México primera equipación manga larga. Disponible en el catálogo — consigue el contacto del proveedor para pedirla.</p>"
"24-25-argentina-tercer-conjunto-de-chandal-nino","24-25 Argentina tercer conjunto de chándal niño","<p>24-25 Argentina tercer conjunto de chándal niño. Disponible en el catálogo — consigue el contacto del proveedor para pedirla.</p>"
"24-25-psg-conjunto-de-chandal-beige-nino","24-25 PSG conjunto de chándal beige niño","<p>24-25 PSG conjunto de chándal beige niño. Disponible en el catálogo — consigue el contacto del proveedor para pedirla.</p>"
"25-26-santos-segunda-equipacion","25-26 Santos segunda equipación","<p>25-26 Santos segunda equipación. Disponible en el catálogo — consigue el contacto del proveedor para pedirla.</p>"
"25-26-santos-tercera-equipacion","25-26 Santos tercera equipación","<p>25-26 Santos tercera equipación. Disponible en el catálogo — consigue el contacto del proveedor para pedirla.</p>"
"07-08-chelsea-primera-equipacion-nino","07-08 chelsea primera equipación niño","<p>07-08 chelsea primera equipación niño. Disponible en el catálogo — consigue el contacto del proveedor para pedirla.</p>"
"06-07-chelsea-primera-equipacion-manga-larga","06-07 Chelsea primera equipacion manga larga","<p>06-07 Chelsea primera equipacion manga larga. Disponible en el catálogo — consigue el contacto del proveedor para pedirla.</p>"
"10-11-chelsea-primera-equipacion","10-11 Chelsea primera equipacion","<p>10-11 Chelsea primera equipacion. Disponible en el catálogo — consigue el contacto del proveedor para pedirla.</p>"
"16-17-chelsea-primera-equipacion","16-17 Chelsea primera equipacion","<p>16-17 Chelsea primera equipacion. Disponible en el catálogo — consigue el contacto del proveedor para pedirla.</p>"
"09-10-chelsea-primera-equipacion","09-10 Chelsea primera equipacion","<p>09-10 Chelsea primera equipacion. Disponible en el catálogo — consigue el contacto del proveedor para pedirla.</p>"
"89-91-chelsea-primera-equipacion","89-91 Chelsea primera equipación","<p>89-91 Chelsea primera equipación. Disponible en el catálogo — consigue el contacto del proveedor para pedirla.</p>"
"14-15-chelsea-primera-equipacion","14-15 Chelsea primera equipacion","<p>14-15 Chelsea primera equipacion. Disponible en el catálogo — consigue el contacto del proveedor para pedirla.</p>"
"06-07-chelsea-primera-equipacion","06-07 Chelsea primera equipacion","<p>06-07 Chelsea primera equipacion. Disponible en el catálogo — consigue el contacto del proveedor para pedirla.</p>"
"95-97-chelsea-primera-equipacion","95-97 Chelsea primera equipación","<p>95-97 Chelsea primera equipación. Disponible en el catálogo — consigue el contacto del proveedor para pedirla.</p>"
"03-05-chelsea-primera-equipacion","03-05 Chelsea primera equipacion","<p>03-05 Chelsea primera equipacion. Disponible en el catálogo — consigue el contacto del proveedor para pedirla.</p>"
"05-06-chelsea-primera-equipacion","05-06 Chelsea primera equipacion","<p>05-06 Chelsea primera equipacion. Disponible en el catálogo — consigue el contacto del proveedor para pedirla.</p>"
"98-00-chelsea-segunda-equipacion","98-00 Chelsea segunda equipación","<p>98-00 Chelsea segunda equipación. Disponible en el catálogo — consigue el contacto del proveedor para pedirla.</p>"
"95-97-chelsea-segunda-equipacion","95-97 Chelsea segunda equipacion","<p>95-97 Chelsea segunda equipacion. Disponible en el catálogo — consigue el contacto del proveedor para pedirla.</p>"
"12-13-chelsea-tercera-equipacion","12-13 Chelsea tercera equipacion","<p>12-13 Chelsea tercera equipacion. Disponible en el catálogo — consigue el contacto del proveedor para pedirla.</p>"
"1999-chelsea-retro-vintage","1999 Chelsea retro vintage","<p>1999 Chelsea retro vintage. Disponible en el catálogo — consigue el contacto del proveedor para pedirla.</p>"
"2012-santos-primera-equipacion-nino","2012 Santos primera equipacion niño","<p>2012 Santos primera equipacion niño. Disponible en el catálogo — consigue el contacto del proveedor para pedirla.</p>"
"25-26-real-madrid-conjunto-de-chandal-pre-partido","25-26 Real Madrid conjunto de chándal Pre Partido","<p>25-26 Real Madrid conjunto de chándal Pre Partido. Disponible en el catálogo — consigue el contacto del proveedor para pedirla.</p>"
"25-26-real-madrid-conjunto-de-chandal-originals-azul","25-26 Real Madrid conjunto de chándal originals azul","<p>25-26 Real Madrid conjunto de chándal originals azul. Disponible en el catálogo — consigue el contacto del proveedor para pedirla.</p>"
"25-26-real-madrid-conjunto-de-chandal-blanco-morado","25-26 Real Madrid conjunto de chándal blanco/morado","<p>25-26 Real Madrid conjunto de chándal blanco/morado. Disponible en el catálogo — consigue el contacto del proveedor para pedirla.</p>"
"25-26-real-madrid-conjunto-de-chandal-azul","25-26 Real Madrid conjunto de chándal azul","<p>25-26 Real Madrid conjunto de chándal azul. Disponible en el catálogo — consigue el contacto del proveedor para pedirla.</p>"
"25-26-manchester-united-segunda-equipacion-manga-larga","25-26 Manchester United segunda equipación manga larga","<p>25-26 Manchester United segunda equipación manga larga. Disponible en el catálogo — consigue el contacto del proveedor para pedirla.</p>"
"25-26-manchester-united-primera-equipacion-manga-larga","25-26 Manchester United primera equipación manga larga","<p>25-26 Manchester United primera equipación manga larga. Disponible en el catálogo — consigue el contacto del proveedor para pedirla.</p>"
"25-26-manchester-united-tercera-equipacion-manga-larga","25-26 Manchester United tercera equipación manga larga","<p>25-26 Manchester United tercera equipación manga larga. Disponible en el catálogo — consigue el contacto del proveedor para pedirla.</p>"
"25-26-manchester-united-tercera-equipacion","25-26 Manchester United tercera equipación","<p>25-26 Manchester United tercera equipación. Disponible en el catálogo — consigue el contacto del proveedor para pedirla.</p>"
"25-26-manchester-united-terrace-icons-negro","25-26 Manchester United Terrace Icons Negro","<p>25-26 Manchester United Terrace Icons Negro. Disponible en el catálogo — consigue el contacto del proveedor para pedirla.</p>"
"25-26-manchester-united-terrace-icons-blanco","25-26 Manchester United Terrace Icons Blanco","<p>25-26 Manchester United Terrace Icons Blanco. Disponible en el catálogo — consigue el contacto del proveedor para pedirla.</p>"
"25-26-manchester-united-terrace-icons","25-26 Manchester United Terrace Icons","<p>25-26 Manchester United Terrace Icons. Disponible en el catálogo — consigue el contacto del proveedor para pedirla.</p>"
"06-07-real-madrid-primera-equipacion-nino","06-07 Real Madrid primera equipación niño","<p>06-07 Real Madrid primera equipación niño. Disponible en el catálogo — consigue el contacto del proveedor para pedirla.</p>"
"11-12-real-madrid-portero-segunda-equipacion","11-12 Real Madrid portero segunda equipación","<p>11-12 Real Madrid portero segunda equipación. Disponible en el catálogo — consigue el contacto del proveedor para pedirla.</p>"
"14-15-real-madrid-segunda-equipacion-nino","14-15 Real Madrid segunda equipación niño","<p>14-15 Real Madrid segunda equipación niño. Disponible en el catálogo — consigue el contacto del proveedor para pedirla.</p>"
"15-16-real-madrid-primera-equipacion-nino","15-16 Real Madrid primera equipación niño","<p>15-16 Real Madrid primera equipación niño. Disponible en el catálogo — consigue el contacto del proveedor para pedirla.</p>"
"13-14-real-madrid-primera-equipacion-nino","13-14 Real Madrid primera equipación niño","<p>13-14 Real Madrid primera equipación niño. Disponible en el catálogo — consigue el contacto del proveedor para pedirla.</p>"
"11-12-real-madrid-segunda-equipacion-nino","11-12 Real Madrid segunda equipación niño","<p>11-12 Real Madrid segunda equipación niño. Disponible en el catálogo — consigue el contacto del proveedor para pedirla.</p>"
"17-18-real-madrid-primera-equipacion-manga-larga","17-18 Real Madrid primera equipación manga larga","<p>17-18 Real Madrid primera equipación manga larga. Disponible en el catálogo — consigue el contacto del proveedor para pedirla.</p>"
"17-18-real-madrid-primera-equipacion","17-18 Real Madrid primera equipación","<p>17-18 Real Madrid primera equipación. Disponible en el catálogo — consigue el contacto del proveedor para pedirla.</p>"
"11-12-real-madrid-primera-equipacion-nino","11-12 Real Madrid primera equipación niño","<p>11-12 Real Madrid primera equipación niño. Disponible en el catálogo — consigue el contacto del proveedor para pedirla.</p>"
"16-17-real-madrid-primera-equipacion-nino","16-17 Real Madrid primera equipación niño","<p>16-17 Real Madrid primera equipación niño. Disponible en el catálogo — consigue el contacto del proveedor para pedirla.</p>"
"82-84-real-madrid-segunda-equipacion","82-84 Real Madrid segunda equipación","<p>82-84 Real Madrid segunda equipación. Disponible en el catálogo — consigue el contacto del proveedor para pedirla.</p>"
"11-12-real-madrid-portero-primera-equipacion","11-12 Real Madrid portero primera equipación","<p>11-12 Real Madrid portero primera equipación. Disponible en el catálogo — consigue el contacto del proveedor para pedirla.</p>"
"08-09-real-madrid-tercera-equipacion","08-09 Real Madrid tercera equipación","<p>08-09 Real Madrid tercera equipación. Disponible en el catálogo — consigue el contacto del proveedor para pedirla.</p>"
"14-15-real-madrid-primera-equipacion-nino","14-15 Real Madrid primera equipación niño","<p>14-15 Real Madrid primera equipación niño. Disponible en el catálogo — consigue el contacto del proveedor para pedirla.</p>"
"23-24-real-madrid-segunda-equipacion-manga-larga","23-24 Real Madrid segunda equipación manga larga","<p>23-24 Real Madrid segunda equipación manga larga. Disponible en el catálogo — consigue el contacto del proveedor para pedirla.</p>"
"04-05-real-madrid-primera-equipacion","04-05 Real Madrid primera equipación","<p>04-05 Real Madrid primera equipación. Disponible en el catálogo — consigue el contacto del proveedor para pedirla.</p>"
"25-26-real-madrid-equipacion-pre-partido-nino","25-26 Real Madrid equipación Pre Partido niño","<p>25-26 Real Madrid equipación Pre Partido niño. Disponible en el catálogo — consigue el contacto del proveedor para pedirla.</p>"
"97-98-arsenal-segunda-equipacion","97-98 Arsenal segunda equipación","<p>97-98 Arsenal segunda equipación. Disponible en el catálogo — consigue el contacto del proveedor para pedirla.</p>"
"25-26-arsenal-us-pack","25-26 Arsenal US pack","<p>25-26 Arsenal US pack. Disponible en el catálogo — consigue el contacto del proveedor para pedirla.</p>"
"98-00-real-madrid-primera-equipacion","98-00 Real Madrid primera equipación","<p>98-00 Real Madrid primera equipación. Disponible en el catálogo — consigue el contacto del proveedor para pedirla.</p>"
"99-00-arsenal-segunda-equipacion","99-00 Arsenal segunda equipación","<p>99-00 Arsenal segunda equipación. Disponible en el catálogo — consigue el contacto del proveedor para pedirla.</p>"
"25-26-madrid-lfstlr-originals","25-26 Madrid LFSTLR Originals","<p>25-26 Madrid LFSTLR Originals. Disponible en el catálogo — consigue el contacto del proveedor para pedirla.</p>"
"90-92-arsenal-primera-equipacion","90-92 Arsenal primera equipación","<p>90-92 Arsenal primera equipación. Disponible en el catálogo — consigue el contacto del proveedor para pedirla.</p>"
"86-88-real-madrid-segunda-equipacion","86-88 Real Madrid segunda equipación","<p>86-88 Real Madrid segunda equipación. Disponible en el catálogo — consigue el contacto del proveedor para pedirla.</p>"
"14-15-arsenal-primera-equipacion","14-15 Arsenal primera equipación","<p>14-15 Arsenal primera equipación. Disponible en el catálogo — consigue el contacto del proveedor para pedirla.</p>"
"25-26-real-madrid-equipacion-pre-partido","25-26 Real Madrid equipación Pre Partido","<p>25-26 Real Madrid equipación Pre Partido. Disponible en el catálogo — consigue el contacto del proveedor para pedirla.</p>"
"92-94-arsenal-primera-equipacion","92-94 Arsenal primera equipación","<p>92-94 Arsenal primera equipación. Disponible en el catálogo — consigue el contacto del proveedor para pedirla.</p>"
"95-96-arsenal-segunda-equipacion","95-96 Arsenal segunda equipación","<p>95-96 Arsenal segunda equipación. Disponible en el catálogo — consigue el contacto del proveedor para pedirla.</p>"
"06-07-real-madrid-segunda-equipacion-manga-larga","06-07 Real Madrid segunda equipación manga larga","<p>06-07 Real Madrid segunda equipación manga larga. Disponible en el catálogo — consigue el contacto del proveedor para pedirla.</p>"
"06-07-arsenal-primera-equipacion","06-07 Arsenal primera equipación","<p>06-07 Arsenal primera equipación. Disponible en el catálogo — consigue el contacto del proveedor para pedirla.</p>"
"83-86-arsenal-primera-equipacion","83-86 Arsenal primera equipación","<p>83-86 Arsenal primera equipación. Disponible en el catálogo — consigue el contacto del proveedor para pedirla.</p>"
"02-03-arsenal-segunda-equipacion","02-03 Arsenal segunda equipación","<p>02-03 Arsenal segunda equipación. Disponible en el catálogo — consigue el contacto del proveedor para pedirla.</p>"
"2026-argentina-primera-equipacion","2026 Argentina primera equipación","<p>2026 Argentina primera equipación. Disponible en el catálogo — consigue el contacto del proveedor para pedirla.</p>"
"2024-2025-holanda-primera-equipacion","2024-2025 Holanda primera equipación","<p>2024-2025 Holanda primera equipación. Disponible en el catálogo — consigue el contacto del proveedor para pedirla.</p>"
"2026-espana-primera-equipacion-mujer","2026 España primera equipación mujer","<p>2026 España primera equipación mujer. Disponible en el catálogo — consigue el contacto del proveedor para pedirla.</p>"
"25-26-real-madrid-portero-cuarta-equipacion","25-26 Real Madrid portero cuarta equipación","<p>25-26 Real Madrid portero cuarta equipación. Disponible en el catálogo — consigue el contacto del proveedor para pedirla.</p>"
"25-26-real-madrid-us-pack-negro","25-26 Real Madrid US Pack (negro)","<p>25-26 Real Madrid US Pack (negro). Disponible en el catálogo — consigue el contacto del proveedor para pedirla.</p>"
"17-18-real-madrid-segunda-equipacion-manga-larga","17-18 Real Madrid segunda equipación manga larga","<p>17-18 Real Madrid segunda equipación manga larga. Disponible en el catálogo — consigue el contacto del proveedor para pedirla.</p>"
"23-24-real-madrid-tercera-equipacion-manga-larga","23-24 Real Madrid tercera equipación manga larga","<p>23-24 Real Madrid tercera equipación manga larga. Disponible en el catálogo — consigue el contacto del proveedor para pedirla.</p>"
"14-15-real-madrid-tercera-equipacion-nino","14-15 Real Madrid tercera equipación niño","<p>14-15 Real Madrid tercera equipación niño. Disponible en el catálogo — consigue el contacto del proveedor para pedirla.</p>"
"94-97-real-madrid-primera-equipacion-manga-larga","94-97 Real Madrid primera equipación manga larga","<p>94-97 Real Madrid primera equipación manga larga. Disponible en el catálogo — consigue el contacto del proveedor para pedirla.</p>"
"00-01-real-madrid-primera-equipacion-manga-larga","00-01 Real Madrid primera equipación manga larga","<p>00-01 Real Madrid primera equipación manga larga. Disponible en el catálogo — consigue el contacto del proveedor para pedirla.</p>"
"25-26-real-madrid-us-pack","25-26 Real Madrid US Pack","<p>25-26 Real Madrid US Pack. Disponible en el catálogo — consigue el contacto del proveedor para pedirla.</p>"
"25-26-real-madrid-terrace-icons","25-26 Real Madrid Terrace Icons","<p>25-26 Real Madrid Terrace Icons. Disponible en el catálogo — consigue el contacto del proveedor para pedirla.</p>"
"05-06-real-madrid-primera-equipacion-manga-larga","05-06 Real Madrid primera equipación manga larga","<p>05-06 Real Madrid primera equipación manga larga. Disponible en el catálogo — consigue el contacto del proveedor para pedirla.</p>"
"11-12-real-madrid-segunda-equipacion-manga-larga","11-12 Real Madrid segunda equipación manga larga","<p>11-12 Real Madrid segunda equipación manga larga. Disponible en el catálogo — consigue el contacto del proveedor para pedirla.</p>"
"25-26-real-madrid-us-pack-azul","25-26 Real Madrid US Pack (azul)","<p>25-26 Real Madrid US Pack (azul). Disponible en el catálogo — consigue el contacto del proveedor para pedirla.</p>"
"real-madrid-x-vuitton-azul-dorado","Real Madrid x Vuitton azul/dorado","<p>Real Madrid x Vuitton azul/dorado. Disponible en el catálogo — consigue el contacto del proveedor para pedirla.</p>"
"25-26-real-madrid-originals","25-26 Real Madrid originals","<p>25-26 Real Madrid originals. Disponible en el catálogo — consigue el contacto del proveedor para pedirla.</p>"
"25-26-real-madrid-us-pack-azul-marino","25-26 Real Madrid US pack (azul marino)","<p>25-26 Real Madrid US pack (azul marino). Disponible en el catálogo — consigue el contacto del proveedor para pedirla.</p>"
"82-84-real-madrid-segunda-equipacion-manga-larga","82-84 Real Madrid segunda equipación manga larga","<p>82-84 Real Madrid segunda equipación manga larga. Disponible en el catálogo — consigue el contacto del proveedor para pedirla.</p>"
"14-15-real-madrid-tercera-equipacion-manga-larga","14-15 Real Madrid tercera equipación manga larga","<p>14-15 Real Madrid tercera equipación manga larga. Disponible en el catálogo — consigue el contacto del proveedor para pedirla.</p>"
"14-15-real-madrid-tercera-equipacion","14-15 Real Madrid tercera equipación","<p>14-15 Real Madrid tercera equipación. Disponible en el catálogo — consigue el contacto del proveedor para pedirla.</p>"
"14-15-real-madrid-segunda-equipacion","14-15 Real Madrid segunda equipación","<p>14-15 Real Madrid segunda equipación. Disponible en el catálogo — consigue el contacto del proveedor para pedirla.</p>"
"14-15-real-madrid-segunda-equipacion-manga-larga","14-15 Real Madrid segunda equipación manga larga","<p>14-15 Real Madrid segunda equipación manga larga. Disponible en el catálogo — consigue el contacto del proveedor para pedirla.</p>"
"13-14-real-madrid-primera-equipacion-manga-larga","13-14 Real Madrid primera equipación manga larga","<p>13-14 Real Madrid primera equipación manga larga. Disponible en el catálogo — consigue el contacto del proveedor para pedirla.</p>"
"14-15-real-madrid-primera-equipacion-manga-larga","14-15 Real Madrid primera equipación manga larga","<p>14-15 Real Madrid primera equipación manga larga. Disponible en el catálogo — consigue el contacto del proveedor para pedirla.</p>"
"25-26-arsenal-primera-equipacion-nino","25-26 Arsenal primera equipación niño","<p>25-26 Arsenal primera equipación niño. Disponible en el catálogo — consigue el contacto del proveedor para pedirla.</p>"
"07-08-arsenal-segunda-equipacion","07-08 Arsenal segunda equipación","<p>07-08 Arsenal segunda equipación. Disponible en el catálogo — consigue el contacto del proveedor para pedirla.</p>"
"94-95-arsenal-portero-primera-equipacion-manga-larga","94-95 Arsenal portero primera equipación manga larga","<p>94-95 Arsenal portero primera equipación manga larga. Disponible en el catálogo — consigue el contacto del proveedor para pedirla.</p>"
"19-20-real-madrid-primera-equipacion-manga-larga","19-20 Real Madrid primera equipación manga larga","<p>19-20 Real Madrid primera equipación manga larga. Disponible en el catálogo — consigue el contacto del proveedor para pedirla.</p>"
"04-05-arsenal-segunda-equipacion","04-05 Arsenal segunda equipación","<p>04-05 Arsenal segunda equipación. Disponible en el catálogo — consigue el contacto del proveedor para pedirla.</p>"
"02-04-arsenal-primera-equipacion-nino","02-04 Arsenal primera equipación niño","<p>02-04 Arsenal primera equipación niño. Disponible en el catálogo — consigue el contacto del proveedor para pedirla.</p>"
"16-17-real-madrid-tercera-equipacion-manga-larga","16-17 Real Madrid tercera equipación manga larga","<p>16-17 Real Madrid tercera equipación manga larga. Disponible en el catálogo — consigue el contacto del proveedor para pedirla.</p>"
"19-20-arsenal-primera-equipacion","19-20 Arsenal primera equipación","<p>19-20 Arsenal primera equipación. Disponible en el catálogo — consigue el contacto del proveedor para pedirla.</p>"
"11-12-real-madrid-tercera-equipacion-manga-larga","11-12 Real Madrid tercera equipación manga larga","<p>11-12 Real Madrid tercera equipación manga larga. Disponible en el catálogo — consigue el contacto del proveedor para pedirla.</p>"
"91-93-arsenal-segunda-equipacion-manga-larga","91-93 Arsenal segunda equipación manga larga","<p>91-93 Arsenal segunda equipación manga larga. Disponible en el catálogo — consigue el contacto del proveedor para pedirla.</p>"
"21-22-real-madrid-primera-equipacion-manga-larga","21-22 Real Madrid primera equipación manga larga","<p>21-22 Real Madrid primera equipación manga larga. Disponible en el catálogo — consigue el contacto del proveedor para pedirla.</p>"
"09-10-real-madrid-primera-equipacion-manga-larga","09-10 Real Madrid primera equipación manga larga","<p>09-10 Real Madrid primera equipación manga larga. Disponible en el catálogo — consigue el contacto del proveedor para pedirla.</p>"
"13-14-arsenal-segunda-equipacion","13-14 Arsenal segunda equipación","<p>13-14 Arsenal segunda equipación. Disponible en el catálogo — consigue el contacto del proveedor para pedirla.</p>"
"98-00-real-madrid-primera-equipacion-manga-larga","98-00 Real Madrid primera equipación manga larga","<p>98-00 Real Madrid primera equipación manga larga. Disponible en el catálogo — consigue el contacto del proveedor para pedirla.</p>"
"78-79-arsenal-segunda-equipacion","78-79 Arsenal segunda equipación","<p>78-79 Arsenal segunda equipación. Disponible en el catálogo — consigue el contacto del proveedor para pedirla.</p>"
"95-96-arsenal-segunda-equipacion-manga-larga","95-96 Arsenal segunda equipación manga larga","<p>95-96 Arsenal segunda equipación manga larga. Disponible en el catálogo — consigue el contacto del proveedor para pedirla.</p>"
"16-17-real-madrid-segunda-equipacion-manga-larga","16-17 Real Madrid segunda equipación manga larga","<p>16-17 Real Madrid segunda equipación manga larga. Disponible en el catálogo — consigue el contacto del proveedor para pedirla.</p>"
"17-18-real-madrid-tercera-equipacion-manga-larga","17-18 Real Madrid tercera equipación manga larga","<p>17-18 Real Madrid tercera equipación manga larga. Disponible en el catálogo — consigue el contacto del proveedor para pedirla.</p>"
"16-17-real-madrid-primera-equipacion-manga-larga","16-17 Real Madrid primera equipación manga larga","<p>16-17 Real Madrid primera equipación manga larga. Disponible en el catálogo — consigue el contacto del proveedor para pedirla.</p>"
"real-madrid-x-vuitton-blanco-plateado","Real Madrid x Vuitton Blanco/Plateado","<p>Real Madrid x Vuitton Blanco/Plateado. Disponible en el catálogo — consigue el contacto del proveedor para pedirla.</p>"
"23-24-real-madrid-primera-equipacion-manga-larga","23-24 Real Madrid primera equipación manga larga","<p>23-24 Real Madrid primera equipación manga larga. Disponible en el catálogo — consigue el contacto del proveedor para pedirla.</p>"
"15-16-real-madrid-primera-equipacion-manga-larga","15-16 Real Madrid primera equipación manga larga","<p>15-16 Real Madrid primera equipación manga larga. Disponible en el catálogo — consigue el contacto del proveedor para pedirla.</p>"
"97-98-real-madrid-especial-7-champions","97-98 Real Madrid especial 7 champions","<p>97-98 Real Madrid especial 7 champions. Disponible en el catálogo — consigue el contacto del proveedor para pedirla.</p>"
"06-07-real-madrid-primera-equipacion-manga-larga","06-07 Real Madrid primera equipación manga larga","<p>06-07 Real Madrid primera equipación manga larga. Disponible en el catálogo — consigue el contacto del proveedor para pedirla.</p>"
"04-05-real-madrid-segunda-equipacion-manga-larga","04-05 Real Madrid segunda equipación manga larga","<p>04-05 Real Madrid segunda equipación manga larga. Disponible en el catálogo — consigue el contacto del proveedor para pedirla.</p>"
"10-11-real-madrid-segunda-equipacion-manga-larga","10-11 Real Madrid segunda equipación manga larga","<p>10-11 Real Madrid segunda equipación manga larga. Disponible en el catálogo — consigue el contacto del proveedor para pedirla.</p>"
"13-14-real-madrid-tercera-equipacion-manga-larga","13-14 Real Madrid tercera equipación manga larga","<p>13-14 Real Madrid tercera equipación manga larga. Disponible en el catálogo — consigue el contacto del proveedor para pedirla.</p>"
"12-13-real-madrid-segunda-equipacion-manga-larga","12-13 Real Madrid segunda equipación manga larga","<p>12-13 Real Madrid segunda equipación manga larga. Disponible en el catálogo — consigue el contacto del proveedor para pedirla.</p>"
"10-11-real-madrid-tercera-equipacion","10-11 Real Madrid tercera equipación","<p>10-11 Real Madrid tercera equipación. Disponible en el catálogo — consigue el contacto del proveedor para pedirla.</p>"
"12-13-real-madrid-tercera-equipacion-manga-larga","12-13 Real Madrid tercera equipación manga larga","<p>12-13 Real Madrid tercera equipación manga larga. Disponible en el catálogo — consigue el contacto del proveedor para pedirla.</p>"
"99-01-real-madrid-segunda-equipacion-manga-larga","99-01 Real Madrid segunda equipación manga larga","<p>99-01 Real Madrid segunda equipación manga larga. Disponible en el catálogo — consigue el contacto del proveedor para pedirla.</p>"
"12-13-real-madrid-primera-equipacion-manga-larga","12-13 Real Madrid primera equipación manga larga","<p>12-13 Real Madrid primera equipación manga larga. Disponible en el catálogo — consigue el contacto del proveedor para pedirla.</p>"
"10-11-real-madrid-primera-equipacion-manga-larga","10-11 Real Madrid primera equipación manga larga","<p>10-11 Real Madrid primera equipación manga larga. Disponible en el catálogo — consigue el contacto del proveedor para pedirla.</p>"
"12-13-real-madrid-primera-equipacion-nino","12-13 Real Madrid primera equipación niño","<p>12-13 Real Madrid primera equipación niño. Disponible en el catálogo — consigue el contacto del proveedor para pedirla.</p>"
"1996-turquia-x-yung-beef-segunda-equipacion","1996 Turquía x Yung Beef segunda equipación","<p>1996 Turquía x Yung Beef segunda equipación. Disponible en el catálogo — consigue el contacto del proveedor para pedirla.</p>"
"98-99-arsenal-primera-equipacion-manga-larga","98-99 Arsenal primera equipación manga larga","<p>98-99 Arsenal primera equipación manga larga. Disponible en el catálogo — consigue el contacto del proveedor para pedirla.</p>"
"05-06-arsenal-primera-equipacion-nino","05-06 Arsenal primera equipación niño","<p>05-06 Arsenal primera equipación niño. Disponible en el catálogo — consigue el contacto del proveedor para pedirla.</p>"
"03-05-arsenal-segunda-equipacion","03-05 Arsenal segunda equipación","<p>03-05 Arsenal segunda equipación. Disponible en el catálogo — consigue el contacto del proveedor para pedirla.</p>"
"11-12-arsenal-primera-equipacion","11-12 Arsenal primera equipación","<p>11-12 Arsenal primera equipación. Disponible en el catálogo — consigue el contacto del proveedor para pedirla.</p>"
"16-17-arsenal-primera-equipacion","16-17 Arsenal primera equipación","<p>16-17 Arsenal primera equipación. Disponible en el catálogo — consigue el contacto del proveedor para pedirla.</p>"
"08-10-arsenal-primera-equipacion","08-10 Arsenal primera equipación","<p>08-10 Arsenal primera equipación. Disponible en el catálogo — consigue el contacto del proveedor para pedirla.</p>"
"2014-arsenal-conmemorativa","2014 Arsenal conmemorativa","<p>2014 Arsenal conmemorativa. Disponible en el catálogo — consigue el contacto del proveedor para pedirla.</p>"
"20-21-arsenal-x-humanrace","20-21 Arsenal x humanrace","<p>20-21 Arsenal x humanrace. Disponible en el catálogo — consigue el contacto del proveedor para pedirla.</p>"
"01-02-arsenal-segunda-equipacion","01-02 Arsenal segunda equipación","<p>01-02 Arsenal segunda equipación. Disponible en el catálogo — consigue el contacto del proveedor para pedirla.</p>"
"2026-argentina-primera-equipacion-manga-larga","2026 Argentina primera equipación manga larga","<p>2026 Argentina primera equipación manga larga. Disponible en el catálogo — consigue el contacto del proveedor para pedirla.</p>"
"90-91-napoli-tercera-equipacion","90-91 Napoli tercera equipación","<p>90-91 Napoli tercera equipación. Disponible en el catálogo — consigue el contacto del proveedor para pedirla.</p>"
"93-94-napoli-primera-equipacion","93-94 Napoli primera equipación","<p>93-94 Napoli primera equipación. Disponible en el catálogo — consigue el contacto del proveedor para pedirla.</p>"
"19-20-napoli-tercera-equipacion","19-20 Napoli tercera equipación","<p>19-20 Napoli tercera equipación. Disponible en el catálogo — consigue el contacto del proveedor para pedirla.</p>"
"90-91-napoli-primera-equipacion","90-91 Napoli primera equipación","<p>90-91 Napoli primera equipación. Disponible en el catálogo — consigue el contacto del proveedor para pedirla.</p>"
"87-88-napoli-primera-equipacion-nino","87-88 Napoli primera equipación niño","<p>87-88 Napoli primera equipación niño. Disponible en el catálogo — consigue el contacto del proveedor para pedirla.</p>"
"87-88-napoli-primera-equipacion-manga-larga","87-88 Napoli primera equipación manga larga","<p>87-88 Napoli primera equipación manga larga. Disponible en el catálogo — consigue el contacto del proveedor para pedirla.</p>"
"89-90-napoli-segunda-equipacion","89-90 Napoli segunda equipación","<p>89-90 Napoli segunda equipación. Disponible en el catálogo — consigue el contacto del proveedor para pedirla.</p>"
"25-26-napoli-primera-equipacion-entrenamiento","25-26 Napoli primera equipación entrenamiento","<p>25-26 Napoli primera equipación entrenamiento. Disponible en el catálogo — consigue el contacto del proveedor para pedirla.</p>"
"86-87-napoli-segunda-equipacion-local","86-87 Napoli segunda equipación local","<p>86-87 Napoli segunda equipación local. Disponible en el catálogo — consigue el contacto del proveedor para pedirla.</p>"
"88-89-napoli-primera-equipacion","88-89 Napoli primera equipación","<p>88-89 Napoli primera equipación. Disponible en el catálogo — consigue el contacto del proveedor para pedirla.</p>"
"87-88-napoli-segunda-equipacion","87-88 Napoli segunda equipación","<p>87-88 Napoli segunda equipación. Disponible en el catálogo — consigue el contacto del proveedor para pedirla.</p>"
"87-88-napoli-primera-equipacion","87-88 Napoli primera equipación","<p>87-88 Napoli primera equipación. Disponible en el catálogo — consigue el contacto del proveedor para pedirla.</p>"
"25-26-napoli-segundo-conjunto-de-entrenamiento","25-26 Napoli segundo conjunto de entrenamiento","<p>25-26 Napoli segundo conjunto de entrenamiento. Disponible en el catálogo — consigue el contacto del proveedor para pedirla.</p>"
"25-26-napoli-segundo-conjunto-de-entrenamiento-sin-mangas","25-26 Napoli segundo conjunto de entrenamiento sin mangas","<p>25-26 Napoli segundo conjunto de entrenamiento sin mangas. Disponible en el catálogo — consigue el contacto del proveedor para pedirla.</p>"
"25-26-napoli-primer-conjunto-de-entrenamiento-sin-mangas","25-26 Napoli primer conjunto de entrenamiento sin mangas","<p>25-26 Napoli primer conjunto de entrenamiento sin mangas. Disponible en el catálogo — consigue el contacto del proveedor para pedirla.</p>"
"89-90-napoli-primera-equipacion","89-90 Napoli primera equipación","<p>89-90 Napoli primera equipación. Disponible en el catálogo — consigue el contacto del proveedor para pedirla.</p>"
"90-91-napoli-segunda-equipacion-local","90-91 Napoli segunda equipación local","<p>90-91 Napoli segunda equipación local. Disponible en el catálogo — consigue el contacto del proveedor para pedirla.</p>"
"13-14-napoli-segunda-equipacion","13-14 Napoli segunda equipación","<p>13-14 Napoli segunda equipación. Disponible en el catálogo — consigue el contacto del proveedor para pedirla.</p>"
"24-25-napoli-equipacion-especial-partenope","""24-25 Napoli equipación especial """"partenope""""""","<p>""24-25 Napoli equipación especial """"partenope"""""". Disponible en el catálogo — consigue el contacto del proveedor para pedirla.</p>"
"25-26-napoli-primer-conjunto-de-entrenamiento","25-26 Napoli primer conjunto de entrenamiento","<p>25-26 Napoli primer conjunto de entrenamiento. Disponible en el catálogo — consigue el contacto del proveedor para pedirla.</p>"
"90-91-napoli-segunda-equipacion","90-91 Napoli segunda equipación","<p>90-91 Napoli segunda equipación. Disponible en el catálogo — consigue el contacto del proveedor para pedirla.</p>"
"25-26-napoli-primera-equipacion-nino","25-26 Napoli primera equipación niño","<p>25-26 Napoli primera equipación niño. Disponible en el catálogo — consigue el contacto del proveedor para pedirla.</p>"
"24-25-inter-de-milan-x-cruz-cafune","24-25 Inter de Milán x Cruz Cafuné","<p>24-25 Inter de Milán x Cruz Cafuné. Disponible en el catálogo — consigue el contacto del proveedor para pedirla.</p>"
"01-02-arsenal-primera-equipacion","01-02 Arsenal primera equipación","<p>01-02 Arsenal primera equipación. Disponible en el catálogo — consigue el contacto del proveedor para pedirla.</p>"
"12-13-arsenal-primera-equipacion","12-13 Arsenal primera equipación","<p>12-13 Arsenal primera equipación. Disponible en el catálogo — consigue el contacto del proveedor para pedirla.</p>"
"01-02-arsenal-primera-equipacion-manga-larga","01-02 Arsenal primera equipación manga larga","<p>01-02 Arsenal primera equipación manga larga. Disponible en el catálogo — consigue el contacto del proveedor para pedirla.</p>"
"06-07-arsenal-primera-equipacion-manga-larga","06-07 Arsenal primera equipación manga larga","<p>06-07 Arsenal primera equipación manga larga. Disponible en el catálogo — consigue el contacto del proveedor para pedirla.</p>"
"25-26-arsenal-segunda-equipacion-pre-partido","25-26 Arsenal segunda equipacion pre partido","<p>25-26 Arsenal segunda equipacion pre partido. Disponible en el catálogo — consigue el contacto del proveedor para pedirla.</p>"
"96-97-arsenal-primera-equipacion-manga-larga","96-97 Arsenal primera equipación manga larga","<p>96-97 Arsenal primera equipación manga larga. Disponible en el catálogo — consigue el contacto del proveedor para pedirla.</p>"
"11-12-arsenal-segunda-equipacion","11-12 Arsenal segunda equipación","<p>11-12 Arsenal segunda equipación. Disponible en el catálogo — consigue el contacto del proveedor para pedirla.</p>"
"25-26-arsenal-terrace-icons","25-26 Arsenal Terrace icons","<p>25-26 Arsenal Terrace icons. Disponible en el catálogo — consigue el contacto del proveedor para pedirla.</p>"
"25-26-arsenal-especial-blanca","25-26 Arsenal especial blanca","<p>25-26 Arsenal especial blanca. Disponible en el catálogo — consigue el contacto del proveedor para pedirla.</p>"
"01-02-arsenal-segunda-equipacion-manga-larga","01-02 Arsenal segunda equipación manga larga","<p>01-02 Arsenal segunda equipación manga larga. Disponible en el catálogo — consigue el contacto del proveedor para pedirla.</p>"
"04-05-arsenal-primera-equipacion-manga-larga","04-05 Arsenal primera equipación manga larga","<p>04-05 Arsenal primera equipación manga larga. Disponible en el catálogo — consigue el contacto del proveedor para pedirla.</p>"
"92-94-arsenal-primera-equipacion-manga-larga","92-94 Arsenal primera equipación manga larga","<p>92-94 Arsenal primera equipación manga larga. Disponible en el catálogo — consigue el contacto del proveedor para pedirla.</p>"
"25-26-arsenal-tercera-equipacion-manga-larga","25-26 Arsenal tercera equipación manga larga","<p>25-26 Arsenal tercera equipación manga larga. Disponible en el catálogo — consigue el contacto del proveedor para pedirla.</p>"
"11-12-arsenal-segunda-equipacion-manga-larga","11-12 Arsenal segunda equipación manga larga","<p>11-12 Arsenal segunda equipación manga larga. Disponible en el catálogo — consigue el contacto del proveedor para pedirla.</p>"
"25-26-arsenal-primera-equipacion-manga-larga","25-26 Arsenal primera equipación manga larga","<p>25-26 Arsenal primera equipación manga larga. Disponible en el catálogo — consigue el contacto del proveedor para pedirla.</p>"
"25-26-arsenal-segunda-equipacion-manga-larga","25-26 Arsenal segunda equipacion manga larga","<p>25-26 Arsenal segunda equipacion manga larga. Disponible en el catálogo — consigue el contacto del proveedor para pedirla.</p>"
"25-26-arsenal-tercera-equipacion-nino","25-26 Arsenal tercera equipación niño","<p>25-26 Arsenal tercera equipación niño. Disponible en el catálogo — consigue el contacto del proveedor para pedirla.</p>"
"12-13-arsenal-primera-equipacion-manga-larga","12-13 Arsenal primera equipación manga larga","<p>12-13 Arsenal primera equipación manga larga. Disponible en el catálogo — consigue el contacto del proveedor para pedirla.</p>"
"25-26-napoli-portero-equipacion-halloween","25-26 Napoli portero equipación Halloween","<p>25-26 Napoli portero equipación Halloween. Disponible en el catálogo — consigue el contacto del proveedor para pedirla.</p>"
"25-26-napoli-equipacion-halloween","25-26 Napoli equipación Halloween","<p>25-26 Napoli equipación Halloween. Disponible en el catálogo — consigue el contacto del proveedor para pedirla.</p>"
"07-08-manchester-united-primera-equipacion-manga-larga","07-08 Manchester United primera equipación manga larga","<p>07-08 Manchester United primera equipación manga larga. Disponible en el catálogo — consigue el contacto del proveedor para pedirla.</p>"
"25-26-roma-tercera-equipacion-nino","25-26 Roma tercera equipación niño","<p>25-26 Roma tercera equipación niño. Disponible en el catálogo — consigue el contacto del proveedor para pedirla.</p>"
"25-26-roma-tercera-equipacion","25-26 Roma tercera equipación","<p>25-26 Roma tercera equipación. Disponible en el catálogo — consigue el contacto del proveedor para pedirla.</p>"
"25-26-manchester-city-segunda-equipacion-manga-larga","25-26 Manchester City segunda equipación manga larga","<p>25-26 Manchester City segunda equipación manga larga. Disponible en el catálogo — consigue el contacto del proveedor para pedirla.</p>"
"13-14-atletico-de-madrid-primera-equipacion","13-14 Atlético de Madrid primera equipacion","<p>13-14 Atlético de Madrid primera equipacion. Disponible en el catálogo — consigue el contacto del proveedor para pedirla.</p>"
"13-14-atletico-de-madrid-segunda-equipacion","13-14 Atlético de Madrid segunda equipacion","<p>13-14 Atlético de Madrid segunda equipacion. Disponible en el catálogo — consigue el contacto del proveedor para pedirla.</p>"
"25-26-manchester-city-tercera-equipacion-nino","25-26 Manchester City tercera equipación niño","<p>25-26 Manchester City tercera equipación niño. Disponible en el catálogo — consigue el contacto del proveedor para pedirla.</p>"
"02-03-atletico-de-madrid-primera-equipacion","02-03 Atlético de Madrid primera equipacion","<p>02-03 Atlético de Madrid primera equipacion. Disponible en el catálogo — consigue el contacto del proveedor para pedirla.</p>"
"10-11-atletico-de-madrid-segunda-equipacion","10-11 Atlético de Madrid segunda equipación","<p>10-11 Atlético de Madrid segunda equipación. Disponible en el catálogo — consigue el contacto del proveedor para pedirla.</p>"
"94-95-atletico-de-madrid-primera-equipacion","94-95 Atlético de Madrid primera equipación","<p>94-95 Atlético de Madrid primera equipación. Disponible en el catálogo — consigue el contacto del proveedor para pedirla.</p>"
"97-98-atletico-de-madrid-segunda-equipacion","97-98 Atlético de Madrid segunda equipacion","<p>97-98 Atlético de Madrid segunda equipacion. Disponible en el catálogo — consigue el contacto del proveedor para pedirla.</p>"
"01-02-atletico-de-madrid-segunda-equipacion","01-02 Atlético de Madrid segunda equipación","<p>01-02 Atlético de Madrid segunda equipación. Disponible en el catálogo — consigue el contacto del proveedor para pedirla.</p>"
"98-99-atletico-de-madrid-primera-equipacion","98-99 Atlético de Madrid primera equipación","<p>98-99 Atlético de Madrid primera equipación. Disponible en el catálogo — consigue el contacto del proveedor para pedirla.</p>"
"99-00-atletico-de-madrid-primera-equipacion","99-00 Atlético de Madrid primera equipación","<p>99-00 Atlético de Madrid primera equipación. Disponible en el catálogo — consigue el contacto del proveedor para pedirla.</p>"
"96-97-atletico-de-madrid-primera-equipacion","96-97 Atlético de Madrid primera equipación","<p>96-97 Atlético de Madrid primera equipación. Disponible en el catálogo — consigue el contacto del proveedor para pedirla.</p>"
"96-97-atletico-de-madrid-tercera-equipacion","96-97 Atlético de Madrid tercera equipación","<p>96-97 Atlético de Madrid tercera equipación. Disponible en el catálogo — consigue el contacto del proveedor para pedirla.</p>"
"16-17-atletico-de-madrid-primera-equipacion","16-17 Atlético de Madrid primera equipación","<p>16-17 Atlético de Madrid primera equipación. Disponible en el catálogo — consigue el contacto del proveedor para pedirla.</p>"
"82-83-atletico-de-madrid-primera-equipacion","82-83 Atlético de Madrid primera equipación","<p>82-83 Atlético de Madrid primera equipación. Disponible en el catálogo — consigue el contacto del proveedor para pedirla.</p>"
"03-04-atletico-de-madrid-primera-equipacion-centenario","03-04 Atlético de Madrid primera equipación centenario","<p>03-04 Atlético de Madrid primera equipación centenario. Disponible en el catálogo — consigue el contacto del proveedor para pedirla.</p>"
"94-95-atletico-de-madrid-primera-equipacion-manga-larga","94-95 Atlético de Madrid primera equipación manga larga","<p>94-95 Atlético de Madrid primera equipación manga larga. Disponible en el catálogo — consigue el contacto del proveedor para pedirla.</p>"
"25-26-atletico-de-madrid-tercera-equipacion","25-26 Atlético de Madrid tercera equipacion","<p>25-26 Atlético de Madrid tercera equipacion. Disponible en el catálogo — consigue el contacto del proveedor para pedirla.</p>"
"04-05-atletico-de-madrid-segunda-equipacion-manga-larga","04-05 Atlético de Madrid Segunda equipación manga larga","<p>04-05 Atlético de Madrid Segunda equipación manga larga. Disponible en el catálogo — consigue el contacto del proveedor para pedirla.</p>"
"04-05-atletico-de-madrid-primera-equipacion-manga-larga","04-05 Atlético de Madrid primera equipación manga larga","<p>04-05 Atlético de Madrid primera equipación manga larga. Disponible en el catálogo — consigue el contacto del proveedor para pedirla.</p>"
"25-26-atletico-de-madrid-primera-equipacion-manga-larga","25-26 Atlético de Madrid primera equipación manga larga","<p>25-26 Atlético de Madrid primera equipación manga larga. Disponible en el catálogo — consigue el contacto del proveedor para pedirla.</p>"
"25-26-real-madrid-conjunto-de-chandal-nino","25-26 Real Madrid conjunto de chándal niño","<p>25-26 Real Madrid conjunto de chándal niño. Disponible en el catálogo — consigue el contacto del proveedor para pedirla.</p>"
"2024-2025-brasil-segunda-equipacion-nino","2024-2025 Brasil segunda equipación niño","<p>2024-2025 Brasil segunda equipación niño. Disponible en el catálogo — consigue el contacto del proveedor para pedirla.</p>"
"2024-2025-brasil-primera-equipacion-nino","2024-2025 Brasil primera equipación niño","<p>2024-2025 Brasil primera equipación niño. Disponible en el catálogo — consigue el contacto del proveedor para pedirla.</p>"
"2026-espana-primera-equipacion-manga-larga","2026 España primera equipación manga larga","<p>2026 España primera equipación manga larga. Disponible en el catálogo — consigue el contacto del proveedor para pedirla.</p>"
"25-26-aston-villa-portero-tercera-equipacion-nino","25-26 Aston villa portero tercera equipación niño","<p>25-26 Aston villa portero tercera equipación niño. Disponible en el catálogo — consigue el contacto del proveedor para pedirla.</p>"
"25-26-aston-villa-portero-primera-equipacion-nino","25-26 Aston villa portero primera equipación niño","<p>25-26 Aston villa portero primera equipación niño. Disponible en el catálogo — consigue el contacto del proveedor para pedirla.</p>"
"25-26-aston-villa-portero-segunda-equipacion-nino","25-26 Aston Villa  portero segunda equipación niño","<p>25-26 Aston Villa  portero segunda equipación niño. Disponible en el catálogo — consigue el contacto del proveedor para pedirla.</p>"
"25-26-chelsea-tercera-equipacion-nino","25-26 chelsea tercera equipación niño","<p>25-26 chelsea tercera equipación niño. Disponible en el catálogo — consigue el contacto del proveedor para pedirla.</p>"
"25-26-chelsea-segunda-equipacion-nino","25-26 chelsea segunda equipación niño","<p>25-26 chelsea segunda equipación niño. Disponible en el catálogo — consigue el contacto del proveedor para pedirla.</p>"
"25-26-chelsea-primera-equipacion-nino","25-26 chelsea primera equipación niño","<p>25-26 chelsea primera equipación niño. Disponible en el catálogo — consigue el contacto del proveedor para pedirla.</p>"
"87-88-osasuna-primera-equipacion","87-88 Osasuna primera equipación","<p>87-88 Osasuna primera equipación. Disponible en el catálogo — consigue el contacto del proveedor para pedirla.</p>"
"25-26-osasuna-primera-equipacion","25-26 Osasuna primera equipación","<p>25-26 Osasuna primera equipación. Disponible en el catálogo — consigue el contacto del proveedor para pedirla.</p>"
"96-98-osasuna-segunda-equipacion","96-98 Osasuna segunda equipación","<p>96-98 Osasuna segunda equipación. Disponible en el catálogo — consigue el contacto del proveedor para pedirla.</p>"
"25-26-osasuna-primera-equipacion-nino","25-26 Osasuna primera equipación niño","<p>25-26 Osasuna primera equipación niño. Disponible en el catálogo — consigue el contacto del proveedor para pedirla.</p>"
"04-05-osasuna-primera-equipacion","04-05 Osasuna primera equipación","<p>04-05 Osasuna primera equipación. Disponible en el catálogo — consigue el contacto del proveedor para pedirla.</p>"
"95-97-osasuna-segunda-equipacion","95-97 Osasuna segunda equipación","<p>95-97 Osasuna segunda equipación. Disponible en el catálogo — consigue el contacto del proveedor para pedirla.</p>"
"95-97-osasuna-primera-equipacion","95-97 Osasuna primera equipación","<p>95-97 Osasuna primera equipación. Disponible en el catálogo — consigue el contacto del proveedor para pedirla.</p>"
"11-12-osasuna-primera-equipacion","11-12 Osasuna primera equipación","<p>11-12 Osasuna primera equipación. Disponible en el catálogo — consigue el contacto del proveedor para pedirla.</p>"
"24-25-corinthians-segunda-equipacion-sponsors-incluidos","24-25 Corinthians segunda equipación (Sponsors incluídos)","<p>24-25 Corinthians segunda equipación (Sponsors incluídos). Disponible en el catálogo — consigue el contacto del proveedor para pedirla.</p>"
"01-02-psg-tercera-equipacion","01-02 PSG tercera equipación","<p>01-02 PSG tercera equipación. Disponible en el catálogo — consigue el contacto del proveedor para pedirla.</p>"
"25-26-alaves-tercera-equipacion","25-26 Alavés tercera equipación","<p>25-26 Alavés tercera equipación. Disponible en el catálogo — consigue el contacto del proveedor para pedirla.</p>"
"05-06-boca-juniors-primera-equipacion-100-anos","05-06 Boca Juniors primera equipacion 100 años","<p>05-06 Boca Juniors primera equipacion 100 años. Disponible en el catálogo — consigue el contacto del proveedor para pedirla.</p>"
"99-00-boca-juniors-primera-equipacion","99-00 Boca Juniors primera equipación","<p>99-00 Boca Juniors primera equipación. Disponible en el catálogo — consigue el contacto del proveedor para pedirla.</p>"
"98-99-boca-juniors-primera-equipacion","98-99 Boca Juniors primera equipación","<p>98-99 Boca Juniors primera equipación. Disponible en el catálogo — consigue el contacto del proveedor para pedirla.</p>"
"10-11-boca-juniors-primera-equipacion","10-11 Boca Juniors primera equipación","<p>10-11 Boca Juniors primera equipación. Disponible en el catálogo — consigue el contacto del proveedor para pedirla.</p>"
"95-97-boca-juniors-primera-equipacion","95-97 Boca Juniors primera equipación","<p>95-97 Boca Juniors primera equipación. Disponible en el catálogo — consigue el contacto del proveedor para pedirla.</p>"
"14-15-boca-juniors-primera-equipacion","14-15 Boca Juniors primera equipación","<p>14-15 Boca Juniors primera equipación. Disponible en el catálogo — consigue el contacto del proveedor para pedirla.</p>"
"90-91-boca-juniors-primera-equipacion","90-91 Boca Juniors primera equipación","<p>90-91 Boca Juniors primera equipación. Disponible en el catálogo — consigue el contacto del proveedor para pedirla.</p>"
"09-10-boca-juniors-primera-equipacion","09-10 Boca Juniors primera equipación","<p>09-10 Boca Juniors primera equipación. Disponible en el catálogo — consigue el contacto del proveedor para pedirla.</p>"
"11-12-boca-juniors-primera-equipacion","11-12 Boca Juniors primera equipación","<p>11-12 Boca Juniors primera equipación. Disponible en el catálogo — consigue el contacto del proveedor para pedirla.</p>"
"02-03-boca-juniors-primera-equipacion","02-03 Boca Juniors primera equipación","<p>02-03 Boca Juniors primera equipación. Disponible en el catálogo — consigue el contacto del proveedor para pedirla.</p>"
"86-88-boca-juniors-primera-equipacion","86-88 Boca Juniors primera equipación","<p>86-88 Boca Juniors primera equipación. Disponible en el catálogo — consigue el contacto del proveedor para pedirla.</p>"
"04-05-boca-juniors-primera-equipacion","04-05 Boca Juniors primera equipación","<p>04-05 Boca Juniors primera equipación. Disponible en el catálogo — consigue el contacto del proveedor para pedirla.</p>"
"99-00-boca-juniors-segunda-equipacion","99-00 Boca Juniors segunda equipación","<p>99-00 Boca Juniors segunda equipación. Disponible en el catálogo — consigue el contacto del proveedor para pedirla.</p>"
"07-08-boca-juniors-segunda-equipacion","07-08 Boca Juniors segunda equipación","<p>07-08 Boca Juniors segunda equipación. Disponible en el catálogo — consigue el contacto del proveedor para pedirla.</p>"
"09-10-boca-juniors-equipacion-105-aniversario","09-10 Boca Juniors equipación 105º aniversario","<p>09-10 Boca Juniors equipación 105º aniversario. Disponible en el catálogo — consigue el contacto del proveedor para pedirla.</p>"
"90-91-boca-juniors-segunda-equipacion","90-91 Boca Juniors segunda equipación","<p>90-91 Boca Juniors segunda equipación. Disponible en el catálogo — consigue el contacto del proveedor para pedirla.</p>"
"05-06-boca-juniors-primera-equipacion","05-06 Boca Juniors primera equipación","<p>05-06 Boca Juniors primera equipación. Disponible en el catálogo — consigue el contacto del proveedor para pedirla.</p>"
"85-86-boca-juniors-primera-equipacion","85-86 Boca Juniors primera equipación","<p>85-86 Boca Juniors primera equipación. Disponible en el catálogo — consigue el contacto del proveedor para pedirla.</p>"
"00-01-boca-juniors-primera-equipacion","00-01 Boca Juniors primera equipación","<p>00-01 Boca Juniors primera equipación. Disponible en el catálogo — consigue el contacto del proveedor para pedirla.</p>"
"93-95-boca-juniors-primera-equipacion","93-95 Boca Juniors primera equipación","<p>93-95 Boca Juniors primera equipación. Disponible en el catálogo — consigue el contacto del proveedor para pedirla.</p>"
"06-07-boca-juniors-primera-equipacion","06-07 Boca Juniors primera equipación","<p>06-07 Boca Juniors primera equipación. Disponible en el catálogo — consigue el contacto del proveedor para pedirla.</p>"
"95-96-boca-juniors-segunda-equipacion","95-96 Boca Juniors segunda equipación","<p>95-96 Boca Juniors segunda equipación. Disponible en el catálogo — consigue el contacto del proveedor para pedirla.</p>"
"81-82-boca-juniors-primera-equipacion-manga-larga","81-82 Boca Juniors primera equipación manga larga","<p>81-82 Boca Juniors primera equipación manga larga. Disponible en el catálogo — consigue el contacto del proveedor para pedirla.</p>"
"03-04-boca-juniors-primera-equipacion-manga-larga","03-04 Boca Juniors primera equipación manga larga","<p>03-04 Boca Juniors primera equipación manga larga. Disponible en el catálogo — consigue el contacto del proveedor para pedirla.</p>"
"01-02-boca-juniors-primera-equipacion","01-02 Boca Juniors primera equipación","<p>01-02 Boca Juniors primera equipación. Disponible en el catálogo — consigue el contacto del proveedor para pedirla.</p>"
"25-26-arsenal-lfstlr-originals","25-26 Arsenal LFSTLR Originals","<p>25-26 Arsenal LFSTLR Originals. Disponible en el catálogo — consigue el contacto del proveedor para pedirla.</p>"
"25-26-racing-santander-portero-equipacion-112-aniversario","25-26 Racing Santander portero equipación 112 aniversario","<p>25-26 Racing Santander portero equipación 112 aniversario. Disponible en el catálogo — consigue el contacto del proveedor para pedirla.</p>"
"24-25-racing-santander-equipacion-112-aniversario","24-25 Racing Santander equipación 112 aniversario","<p>24-25 Racing Santander equipación 112 aniversario. Disponible en el catálogo — consigue el contacto del proveedor para pedirla.</p>"
"25-26-racing-santander-tercera-equipacion","25-26 Racing Santander tercera equipación","<p>25-26 Racing Santander tercera equipación. Disponible en el catálogo — consigue el contacto del proveedor para pedirla.</p>"
"99-00-racing-santander-segunda-equipacion","99-00 Racing Santander segunda equipación","<p>99-00 Racing Santander segunda equipación. Disponible en el catálogo — consigue el contacto del proveedor para pedirla.</p>"
"25-26-racing-santander-primera-equipacion-nino","25-26 Racing Santander primera equipación niño","<p>25-26 Racing Santander primera equipación niño. Disponible en el catálogo — consigue el contacto del proveedor para pedirla.</p>"
"24-25-sporting-lisboa-primera-equipacion","24-25 Sporting Lisboa primera equipación","<p>24-25 Sporting Lisboa primera equipación. Disponible en el catálogo — consigue el contacto del proveedor para pedirla.</p>"
"96-97-boca-juniors-primera-equipacion-manga-larga","96-97 Boca Juniors Primera equipación manga larga","<p>96-97 Boca Juniors Primera equipación manga larga. Disponible en el catálogo — consigue el contacto del proveedor para pedirla.</p>"
"96-97-boca-juniors-primera-equipacion","96-97 Boca Juniors Primera equipación","<p>96-97 Boca Juniors Primera equipación. Disponible en el catálogo — consigue el contacto del proveedor para pedirla.</p>"
"96-97-boca-juniors-segunda-equipacion","96-97 Boca Juniors segunda equipación","<p>96-97 Boca Juniors segunda equipación. Disponible en el catálogo — consigue el contacto del proveedor para pedirla.</p>"
"25-26-boca-juniors-primera-equipacion-nino","25-26 Boca Juniors primera equipación niño","<p>25-26 Boca Juniors primera equipación niño. Disponible en el catálogo — consigue el contacto del proveedor para pedirla.</p>"
"25-26-elche-segunda-equipacion-nino","25-26 Elche segunda equipación niño","<p>25-26 Elche segunda equipación niño. Disponible en el catálogo — consigue el contacto del proveedor para pedirla.</p>"
"25-26-elche-primera-equipacion-nino","25-26 Elche primera equipación niño","<p>25-26 Elche primera equipación niño. Disponible en el catálogo — consigue el contacto del proveedor para pedirla.</p>"
"25-26-elche-primera-equipacion","25-26 Elche primera equipación","<p>25-26 Elche primera equipación. Disponible en el catálogo — consigue el contacto del proveedor para pedirla.</p>"
"25-26-girona-segunda-equipacion","25-26 Girona segunda equipación","<p>25-26 Girona segunda equipación. Disponible en el catálogo — consigue el contacto del proveedor para pedirla.</p>"
"25-26-girona-primera-equipacion","25-26 Girona primera equipación","<p>25-26 Girona primera equipación. Disponible en el catálogo — consigue el contacto del proveedor para pedirla.</p>"
"25-26-rayo-vallecano-tercera-equipacion","25-26 Rayo vallecano tercera equipación","<p>25-26 Rayo vallecano tercera equipación. Disponible en el catálogo — consigue el contacto del proveedor para pedirla.</p>"
"25-26-rayo-vallecano-segunda-equipacion","25-26 Rayo vallecano segunda equipación","<p>25-26 Rayo vallecano segunda equipación. Disponible en el catálogo — consigue el contacto del proveedor para pedirla.</p>"
"01-02-rayo-vallecano-primera-equipacion","01-02 Rayo Vallecano primera equipación","<p>01-02 Rayo Vallecano primera equipación. Disponible en el catálogo — consigue el contacto del proveedor para pedirla.</p>"
"97-98-rayo-vallecano-segunda-equipacion","97-98 Rayo Vallecano segunda equipación","<p>97-98 Rayo Vallecano segunda equipación. Disponible en el catálogo — consigue el contacto del proveedor para pedirla.</p>"
"97-98-rayo-vallecano-primera-equipacion","97-98 Rayo Vallecano primera equipación","<p>97-98 Rayo Vallecano primera equipación. Disponible en el catálogo — consigue el contacto del proveedor para pedirla.</p>"
"94-95-rayo-vallecano-primera-equipacion","94-95 Rayo Vallecano primera equipación","<p>94-95 Rayo Vallecano primera equipación. Disponible en el catálogo — consigue el contacto del proveedor para pedirla.</p>"
"25-26-rayo-vallecano-segunda-equipacion-nino","25-26 Rayo Vallecano segunda equipación niño","<p>25-26 Rayo Vallecano segunda equipación niño. Disponible en el catálogo — consigue el contacto del proveedor para pedirla.</p>"
"25-26-rayo-vallecano-primera-equipacion-nino","25-26 Rayo Vallecano primera equipación niño","<p>25-26 Rayo Vallecano primera equipación niño. Disponible en el catálogo — consigue el contacto del proveedor para pedirla.</p>"
"25-26-rayo-vallecano-primera-equipacion","25-26 Rayo vallecano primera equipación","<p>25-26 Rayo vallecano primera equipación. Disponible en el catálogo — consigue el contacto del proveedor para pedirla.</p>"
"25-26-alaves-primera-equipacion-nino","25-26 Alavés primera equipación niño","<p>25-26 Alavés primera equipación niño. Disponible en el catálogo — consigue el contacto del proveedor para pedirla.</p>"
"25-26-alaves-segunda-equipacion","25-26 Alavés segunda equipación","<p>25-26 Alavés segunda equipación. Disponible en el catálogo — consigue el contacto del proveedor para pedirla.</p>"
"25-26-alaves-primera-equipacion","25-26 Alavés primera equipación","<p>25-26 Alavés primera equipación. Disponible en el catálogo — consigue el contacto del proveedor para pedirla.</p>"
"06-07-ac-milan-segunda-equipacion","06-07 AC Milán segunda equipación","<p>06-07 AC Milán segunda equipación. Disponible en el catálogo — consigue el contacto del proveedor para pedirla.</p>"
"06-07-ac-milan-primera-equipacion","06-07 AC Milán primera equipación","<p>06-07 AC Milán primera equipación. Disponible en el catálogo — consigue el contacto del proveedor para pedirla.</p>"
"25-26-malaga-primera-equipacion-nino","25-26 Málaga primera equipación niño","<p>25-26 Málaga primera equipación niño. Disponible en el catálogo — consigue el contacto del proveedor para pedirla.</p>"
"25-26-malaga-segunda-equipacion","25-26 Málaga segunda equipación","<p>25-26 Málaga segunda equipación. Disponible en el catálogo — consigue el contacto del proveedor para pedirla.</p>"
"25-26-malaga-tercera-equipacion","25-26 Málaga tercera equipación","<p>25-26 Málaga tercera equipación. Disponible en el catálogo — consigue el contacto del proveedor para pedirla.</p>"
"97-98-malaga-segunda-equipacion","97-98 Málaga segunda equipación","<p>97-98 Málaga segunda equipación. Disponible en el catálogo — consigue el contacto del proveedor para pedirla.</p>"
"12-13-malaga-segunda-equipacion","12-13 Málaga segunda equipación","<p>12-13 Málaga segunda equipación. Disponible en el catálogo — consigue el contacto del proveedor para pedirla.</p>"
"25-26-malaga-primera-equipacion","25-26 Málaga primera equipación","<p>25-26 Málaga primera equipación. Disponible en el catálogo — consigue el contacto del proveedor para pedirla.</p>"
"24-25-malaga-equipacion-aniversario","24-25 Málaga equipación aniversario","<p>24-25 Málaga equipación aniversario. Disponible en el catálogo — consigue el contacto del proveedor para pedirla.</p>"
"23-24-malaga-equipacion-120-aniversario","23-24 Málaga equipación 120 aniversario","<p>23-24 Málaga equipación 120 aniversario. Disponible en el catálogo — consigue el contacto del proveedor para pedirla.</p>"
"98-99-malaga-primera-equipacion","98-99 Málaga primera equipación","<p>98-99 Málaga primera equipación. Disponible en el catálogo — consigue el contacto del proveedor para pedirla.</p>"
"25-26-mallorca-tercera-equipacion","25-26 Mallorca tercera equipación","<p>25-26 Mallorca tercera equipación. Disponible en el catálogo — consigue el contacto del proveedor para pedirla.</p>"
"25-26-mallorca-segunda-equipacion","25-26 Mallorca segunda equipación","<p>25-26 Mallorca segunda equipación. Disponible en el catálogo — consigue el contacto del proveedor para pedirla.</p>"
"01-02-mallorca-primera-equipacion","01-02 Mallorca primera equipación","<p>01-02 Mallorca primera equipación. Disponible en el catálogo — consigue el contacto del proveedor para pedirla.</p>"
"01-02-mallorca-segunda-equipacion","01-02 Mallorca segunda equipación","<p>01-02 Mallorca segunda equipación. Disponible en el catálogo — consigue el contacto del proveedor para pedirla.</p>"
"94-95-mallorca-primera-equipacion","94-95 Mallorca primera equipación","<p>94-95 Mallorca primera equipación. Disponible en el catálogo — consigue el contacto del proveedor para pedirla.</p>"
"96-97-mallorca-primera-equipacion","96-97 Mallorca primera equipación","<p>96-97 Mallorca primera equipación. Disponible en el catálogo — consigue el contacto del proveedor para pedirla.</p>"
"25-26-mallorca-primera-equipacion","25-26 Mallorca primera equipación","<p>25-26 Mallorca primera equipación. Disponible en el catálogo — consigue el contacto del proveedor para pedirla.</p>"
"00-01-mallorca-primera-equipacion","00-01 Mallorca primera equipación","<p>00-01 Mallorca primera equipación. Disponible en el catálogo — consigue el contacto del proveedor para pedirla.</p>"
"25-26-mallorca-segunda-equipacion-nino","25-26 Mallorca segunda equipación niño","<p>25-26 Mallorca segunda equipación niño. Disponible en el catálogo — consigue el contacto del proveedor para pedirla.</p>"
"25-26-mallorca-primera-equipacion-nino","25-26 Mallorca primera equipación niño","<p>25-26 Mallorca primera equipación niño. Disponible en el catálogo — consigue el contacto del proveedor para pedirla.</p>"
"25-26-mallorca-tercera-equipacion-nino","25-26 Mallorca tercera equipación niño","<p>25-26 Mallorca tercera equipación niño. Disponible en el catálogo — consigue el contacto del proveedor para pedirla.</p>"
"1992-1994-espana-primera-equipacion","1992-1994 España primera equipación","<p>1992-1994 España primera equipación. Disponible en el catálogo — consigue el contacto del proveedor para pedirla.</p>"
"1988-1991-espana-primera-equipacion","1988-1991 España primera equipación","<p>1988-1991 España primera equipación. Disponible en el catálogo — consigue el contacto del proveedor para pedirla.</p>"
"2011-espana-segunda-equipacion","2011 España segunda equipación","<p>2011 España segunda equipación. Disponible en el catálogo — consigue el contacto del proveedor para pedirla.</p>"
"2013-espana-primera-equipacion","2013 España primera equipación","<p>2013 España primera equipación. Disponible en el catálogo — consigue el contacto del proveedor para pedirla.</p>"
"2018-espana-primera-equipacion","2018 España primera equipación","<p>2018 España primera equipación. Disponible en el catálogo — consigue el contacto del proveedor para pedirla.</p>"
"1996-espana-segunda-equipacion","1996 España segunda equipación","<p>1996 España segunda equipación. Disponible en el catálogo — consigue el contacto del proveedor para pedirla.</p>"
"2006-espana-segunda-equipacion","2006 España segunda equipación","<p>2006 España segunda equipación. Disponible en el catálogo — consigue el contacto del proveedor para pedirla.</p>"
"2010-espana-primera-equipacion-nino","2010 España primera equipación niño","<p>2010 España primera equipación niño. Disponible en el catálogo — consigue el contacto del proveedor para pedirla.</p>"
"2012-espana-primera-equipacion-nino","2012 España primera equipación niño","<p>2012 España primera equipación niño. Disponible en el catálogo — consigue el contacto del proveedor para pedirla.</p>"
"2010-espana-segunda-equipacion-manga-larga","2010 España segunda equipación manga larga","<p>2010 España segunda equipación manga larga. Disponible en el catálogo — consigue el contacto del proveedor para pedirla.</p>"
"25-26-atletico-de-madrid-tercera-equipacion-nino","25-26 Atlético de Madrid tercera equipación niño","<p>25-26 Atlético de Madrid tercera equipación niño. Disponible en el catálogo — consigue el contacto del proveedor para pedirla.</p>"
"25-26-atletico-de-madrid-primera-equipacion-nino","25-26 Atlético de Madrid primera equipación niño","<p>25-26 Atlético de Madrid primera equipación niño. Disponible en el catálogo — consigue el contacto del proveedor para pedirla.</p>"
"25-26-atletico-de-madrid-segunda-equipacion-nino","25-26 Atlético de Madrid segunda equipación niño","<p>25-26 Atlético de Madrid segunda equipación niño. Disponible en el catálogo — consigue el contacto del proveedor para pedirla.</p>"
"98-00-deportivo-leganes-primera-equipacion","98-00 Deportivo Leganés primera equipación","<p>98-00 Deportivo Leganés primera equipación. Disponible en el catálogo — consigue el contacto del proveedor para pedirla.</p>"
"25-26-deportivo-leganes-primera-equipacion","25-26 Deportivo Leganés primera equipación","<p>25-26 Deportivo Leganés primera equipación. Disponible en el catálogo — consigue el contacto del proveedor para pedirla.</p>"
"99-00-deportivo-la-coruna-primera-equipacion","99-00 Deportivo La Coruña primera equipación","<p>99-00 Deportivo La Coruña primera equipación. Disponible en el catálogo — consigue el contacto del proveedor para pedirla.</p>"
"99-00-deportivo-la-coruna-segunda-equipacion","99-00 Deportivo La Coruña segunda equipación","<p>99-00 Deportivo La Coruña segunda equipación. Disponible en el catálogo — consigue el contacto del proveedor para pedirla.</p>"
"25-26-deportivo-la-coruna-primera-equipacion","25-26 Deportivo La Coruña primera equipación","<p>25-26 Deportivo La Coruña primera equipación. Disponible en el catálogo — consigue el contacto del proveedor para pedirla.</p>"
"24-25-deportivo-la-coruna-equipacion-aniversario","24-25 Deportivo La Coruña equipación aniversario","<p>24-25 Deportivo La Coruña equipación aniversario. Disponible en el catálogo — consigue el contacto del proveedor para pedirla.</p>"
"25-26-deportivo-la-coruna-tercera-equpacion","25-26 Deportivo La Coruña tercera equpación","<p>25-26 Deportivo La Coruña tercera equpación. Disponible en el catálogo — consigue el contacto del proveedor para pedirla.</p>"
"97-98-deportivo-la-coruna-segunda-equipacion","97-98 Deportivo La Coruña segunda equipación","<p>97-98 Deportivo La Coruña segunda equipación. Disponible en el catálogo — consigue el contacto del proveedor para pedirla.</p>"
"00-01-deportivo-la-coruna-segunda-equipacion","00-01 Deportivo La Coruña segunda equipación","<p>00-01 Deportivo La Coruña segunda equipación. Disponible en el catálogo — consigue el contacto del proveedor para pedirla.</p>"
"97-98-deportivo-la-coruna-primera-equipaion","97-98 Deportivo La Coruña primera equipaión","<p>97-98 Deportivo La Coruña primera equipaión. Disponible en el catálogo — consigue el contacto del proveedor para pedirla.</p>"
"03-04-deportivo-la-coruna-primera-equipacion","03-04 Deportivo La Coruña primera equipación","<p>03-04 Deportivo La Coruña primera equipación. Disponible en el catálogo — consigue el contacto del proveedor para pedirla.</p>"
"94-95-deportivo-la-coruna-primera-equipacion","94-95 Deportivo La Coruña primera equipación","<p>94-95 Deportivo La Coruña primera equipación. Disponible en el catálogo — consigue el contacto del proveedor para pedirla.</p>"
"99-00-deportivo-la-coruna-tercera-equipacion","99-00 Deportivo La Coruña tercera equipación","<p>99-00 Deportivo La Coruña tercera equipación. Disponible en el catálogo — consigue el contacto del proveedor para pedirla.</p>"
"25-26-deportivo-la-coruna-segunda-equipacion","25-26 Deportivo La Coruña segunda equipación","<p>25-26 Deportivo La Coruña segunda equipación. Disponible en el catálogo — consigue el contacto del proveedor para pedirla.</p>"
"99-00-deportivo-la-coruna-primera-equipacion-manga-larga","99-00 Deportivo La Coruña primera equipación manga larga","<p>99-00 Deportivo La Coruña primera equipación manga larga. Disponible en el catálogo — consigue el contacto del proveedor para pedirla.</p>"
"99-00-deportivo-la-coruna-segunda-equipacion-manga-larga","99-00 Deportivo La Coruña segunda equipación manga larga","<p>99-00 Deportivo La Coruña segunda equipación manga larga. Disponible en el catálogo — consigue el contacto del proveedor para pedirla.</p>"
"25-26-athletic-de-bilbao-tercera-equipacion","25-26 Athletic de Bilbao tercera equipación","<p>25-26 Athletic de Bilbao tercera equipación. Disponible en el catálogo — consigue el contacto del proveedor para pedirla.</p>"
"25-26-athletic-de-bilbao-tercera-equipacion-nino","25-26 Athletic de Bilbao tercera equipación niño","<p>25-26 Athletic de Bilbao tercera equipación niño. Disponible en el catálogo — consigue el contacto del proveedor para pedirla.</p>"
"25-26-athletic-de-bilbao-segunda-equipacion","25-26 Athletic de Bilbao segunda equipación","<p>25-26 Athletic de Bilbao segunda equipación. Disponible en el catálogo — consigue el contacto del proveedor para pedirla.</p>"
"25-26-athletic-de-bilbao-primera-equipacion","25-26 Athletic de Bilbao primera equipación","<p>25-26 Athletic de Bilbao primera equipación. Disponible en el catálogo — consigue el contacto del proveedor para pedirla.</p>"
"25-26-athletic-de-bilbao-segunda-equipacion-nino","25-26 Athletic de Bilbao segunda equipación niño","<p>25-26 Athletic de Bilbao segunda equipación niño. Disponible en el catálogo — consigue el contacto del proveedor para pedirla.</p>"
"25-26-athletic-de-bilbao-primera-equipacion-nino","25-26 Athletic de Bilbao primera equipación niño","<p>25-26 Athletic de Bilbao primera equipación niño. Disponible en el catálogo — consigue el contacto del proveedor para pedirla.</p>"
"95-97-athletic-de-bilbao-primera-equipacion-nino","95-97 Athletic de Bilbao primera equipación niño","<p>95-97 Athletic de Bilbao primera equipación niño. Disponible en el catálogo — consigue el contacto del proveedor para pedirla.</p>"
"01-03-athletic-de-bilbao-segunda-equipacion","01-03 Athletic de Bilbao segunda equipación","<p>01-03 Athletic de Bilbao segunda equipación. Disponible en el catálogo — consigue el contacto del proveedor para pedirla.</p>"
"95-97-athletic-de-bilbao-segunda-equipacion","95-97 Athletic de Bilbao segunda equipación","<p>95-97 Athletic de Bilbao segunda equipación. Disponible en el catálogo — consigue el contacto del proveedor para pedirla.</p>"
"99-00-athletic-de-bilbao-segunda-equipacion","99-00 Athletic de Bilbao segunda equipación","<p>99-00 Athletic de Bilbao segunda equipación. Disponible en el catálogo — consigue el contacto del proveedor para pedirla.</p>"
"05-08-athletic-de-bilbao-segunda-equipacion","05-08 Athletic de Bilbao segunda equipación","<p>05-08 Athletic de Bilbao segunda equipación. Disponible en el catálogo — consigue el contacto del proveedor para pedirla.</p>"
"83-91-athletic-de-bilbao-primera-equipacion","83-91 Athletic de Bilbao primera equipación","<p>83-91 Athletic de Bilbao primera equipación. Disponible en el catálogo — consigue el contacto del proveedor para pedirla.</p>"
"11-12-athletic-de-bilbao-primera-equipacion","11-12 Athletic de Bilbao primera equipación","<p>11-12 Athletic de Bilbao primera equipación. Disponible en el catálogo — consigue el contacto del proveedor para pedirla.</p>"
"97-98-athletic-de-bilbao-100-aniversario","97-98 Athletic de Bilbao 100 aniversario","<p>97-98 Athletic de Bilbao 100 aniversario. Disponible en el catálogo — consigue el contacto del proveedor para pedirla.</p>"
"85-88-river-plate-primera-equipacion","85-88 River Plate primera equipación","<p>85-88 River Plate primera equipación. Disponible en el catálogo — consigue el contacto del proveedor para pedirla.</p>"
"96-98-river-plate-segunda-equipacion","96-98 River Plate segunda equipación","<p>96-98 River Plate segunda equipación. Disponible en el catálogo — consigue el contacto del proveedor para pedirla.</p>"
"96-98-river-plate-primera-equipacion","96-98 River Plate primera equipación","<p>96-98 River Plate primera equipación. Disponible en el catálogo — consigue el contacto del proveedor para pedirla.</p>"
"98-00-river-plate-primera-equipacion","98-00 River Plate primera equipación","<p>98-00 River Plate primera equipación. Disponible en el catálogo — consigue el contacto del proveedor para pedirla.</p>"
"95-96-river-plate-primera-equipacion","95-96 River Plate primera equipación","<p>95-96 River Plate primera equipación. Disponible en el catálogo — consigue el contacto del proveedor para pedirla.</p>"
"00-02-river-plate-primera-equipacion","00-02 River Plate primera equipación","<p>00-02 River Plate primera equipación. Disponible en el catálogo — consigue el contacto del proveedor para pedirla.</p>"
"00-02-river-plate-segunda-equipacion","00-02 River Plate segunda equipación","<p>00-02 River Plate segunda equipación. Disponible en el catálogo — consigue el contacto del proveedor para pedirla.</p>"
"03-04-river-plate-primera-equipacion","03-04 River Plate primera equipación","<p>03-04 River Plate primera equipación. Disponible en el catálogo — consigue el contacto del proveedor para pedirla.</p>"
"00-01-river-plate-tercera-equipacion","00-01 River Plate tercera equipación","<p>00-01 River Plate tercera equipación. Disponible en el catálogo — consigue el contacto del proveedor para pedirla.</p>"
"98-00-river-plate-tercera-equipacion","98-00 River Plate tercera equipación","<p>98-00 River Plate tercera equipación. Disponible en el catálogo — consigue el contacto del proveedor para pedirla.</p>"
"13-14-river-plate-primera-equipacion","13-14 River Plate primera equipación","<p>13-14 River Plate primera equipación. Disponible en el catálogo — consigue el contacto del proveedor para pedirla.</p>"
"25-26-river-plate-terrace-icons","25-26 River Plate Terrace Icons","<p>25-26 River Plate Terrace Icons. Disponible en el catálogo — consigue el contacto del proveedor para pedirla.</p>"
"13-14-river-plate-75-aniversario","13-14 River Plate 75 aniversario","<p>13-14 River Plate 75 aniversario. Disponible en el catálogo — consigue el contacto del proveedor para pedirla.</p>"
"06-07-river-plate-primera-equipacion","06-07 River Plate primera equipación","<p>06-07 River Plate primera equipación. Disponible en el catálogo — consigue el contacto del proveedor para pedirla.</p>"
"05-06-river-plate-segunda-equipacion","05-06 River Plate segunda equipación","<p>05-06 River Plate segunda equipación. Disponible en el catálogo — consigue el contacto del proveedor para pedirla.</p>"
"25-26-river-plate-primera-equipacion-manga-larga","25-26 River Plate primera equipación manga larga","<p>25-26 River Plate primera equipación manga larga. Disponible en el catálogo — consigue el contacto del proveedor para pedirla.</p>"
"25-26-river-plate-segunda-equipacion-manga-larga","25-26 River Plate segunda equipación manga larga","<p>25-26 River Plate segunda equipación manga larga. Disponible en el catálogo — consigue el contacto del proveedor para pedirla.</p>"
"2026-colombia-primera-equipacion-nino","2026 Colombia primera equipación niño","<p>2026 Colombia primera equipación niño. Disponible en el catálogo — consigue el contacto del proveedor para pedirla.</p>"
"2026-argentina-primera-equipacion-nino","2026 Argentina primera equipación niño","<p>2026 Argentina primera equipación niño. Disponible en el catálogo — consigue el contacto del proveedor para pedirla.</p>"
"25-26-real-sociedad-segunda-equipacion-nino","25-26 Real Sociedad segunda equipación niño","<p>25-26 Real Sociedad segunda equipación niño. Disponible en el catálogo — consigue el contacto del proveedor para pedirla.</p>"
"25-26-real-sociedad-primera-equipacion-nino","25-26 Real Sociedad primera equipación niño","<p>25-26 Real Sociedad primera equipación niño. Disponible en el catálogo — consigue el contacto del proveedor para pedirla.</p>"
"94-95-real-sociedad-primera-equipacion","94-95 Real Sociedad primera equipación","<p>94-95 Real Sociedad primera equipación. Disponible en el catálogo — consigue el contacto del proveedor para pedirla.</p>"
"02-03-real-sociedad-primera-equipacion","02-03 Real Sociedad primera equipación","<p>02-03 Real Sociedad primera equipación. Disponible en el catálogo — consigue el contacto del proveedor para pedirla.</p>"
"00-02-real-sociedad-segunda-equipacion","00-02 Real Sociedad segunda equipación","<p>00-02 Real Sociedad segunda equipación. Disponible en el catálogo — consigue el contacto del proveedor para pedirla.</p>"
"25-26-real-sociedad-segunda-equipacion","25-26 Real Sociedad segunda equipación","<p>25-26 Real Sociedad segunda equipación. Disponible en el catálogo — consigue el contacto del proveedor para pedirla.</p>"
"25-26-real-sociedad-primera-equipacion","25-26 Real Sociedad primera equipación","<p>25-26 Real Sociedad primera equipación. Disponible en el catálogo — consigue el contacto del proveedor para pedirla.</p>"
"25-26-oviedo-tercera-equipacion","25-26 Oviedo tercera equipación","<p>25-26 Oviedo tercera equipación. Disponible en el catálogo — consigue el contacto del proveedor para pedirla.</p>"
"25-26-oviedo-segunda-equipacion-nino","25-26 Oviedo segunda equipación niño","<p>25-26 Oviedo segunda equipación niño. Disponible en el catálogo — consigue el contacto del proveedor para pedirla.</p>"
"90-91-oviedo-x-melendi","90-91 Oviedo x Melendi","<p>90-91 Oviedo x Melendi. Disponible en el catálogo — consigue el contacto del proveedor para pedirla.</p>"
"90-91-oviedo-segunda-equipacion","90-91 Oviedo segunda equipación","<p>90-91 Oviedo segunda equipación. Disponible en el catálogo — consigue el contacto del proveedor para pedirla.</p>"
"96-97-oviedo-primera-equipacion","96-97 Oviedo primera equipación","<p>96-97 Oviedo primera equipación. Disponible en el catálogo — consigue el contacto del proveedor para pedirla.</p>"
"25-26-oviedo-primera-equipacion-nino","25-26 Oviedo primera equipación niño","<p>25-26 Oviedo primera equipación niño. Disponible en el catálogo — consigue el contacto del proveedor para pedirla.</p>"
"25-26-oviedo-segunda-equipacion","25-26 Oviedo segunda equipación","<p>25-26 Oviedo segunda equipación. Disponible en el catálogo — consigue el contacto del proveedor para pedirla.</p>"
"03-05-celta-primera-equipacion","03-05 Celta primera equipación","<p>03-05 Celta primera equipación. Disponible en el catálogo — consigue el contacto del proveedor para pedirla.</p>"
"01-02-celta-segunda-equipacion","01-02 Celta segunda equipación","<p>01-02 Celta segunda equipación. Disponible en el catálogo — consigue el contacto del proveedor para pedirla.</p>"
"97-99-celta-primera-equipacion","97-99 Celta primera equipación","<p>97-99 Celta primera equipación. Disponible en el catálogo — consigue el contacto del proveedor para pedirla.</p>"
"99-00-celta-primera-equipacion","99-00 Celta primera equipación","<p>99-00 Celta primera equipación. Disponible en el catálogo — consigue el contacto del proveedor para pedirla.</p>"
"01-02-celta-primera-equipacion","01-02 Celta primera equipación","<p>01-02 Celta primera equipación. Disponible en el catálogo — consigue el contacto del proveedor para pedirla.</p>"
"97-98-celta-segunda-equipacion","97-98 Celta segunda equipación","<p>97-98 Celta segunda equipación. Disponible en el catálogo — consigue el contacto del proveedor para pedirla.</p>"
"25-26-celta-tercera-equipacion-nino","25-26 Celta tercera equipación niño","<p>25-26 Celta tercera equipación niño. Disponible en el catálogo — consigue el contacto del proveedor para pedirla.</p>"
"25-26-celta-segunda-equipacion-nino","25-26 Celta segunda equipación niño","<p>25-26 Celta segunda equipación niño. Disponible en el catálogo — consigue el contacto del proveedor para pedirla.</p>"
"25-26-celta-primera-equipacion-nino","25-26 Celta primera equipación niño","<p>25-26 Celta primera equipación niño. Disponible en el catálogo — consigue el contacto del proveedor para pedirla.</p>"
"25-26-celta-tercera-equipacion","25-26 Celta tercera equipación","<p>25-26 Celta tercera equipación. Disponible en el catálogo — consigue el contacto del proveedor para pedirla.</p>"
"25-26-celta-segunda-equipacion","25-26 Celta segunda equipación","<p>25-26 Celta segunda equipación. Disponible en el catálogo — consigue el contacto del proveedor para pedirla.</p>"
"25-26-celta-primera-equipacion","25-26 Celta primera equipación","<p>25-26 Celta primera equipación. Disponible en el catálogo — consigue el contacto del proveedor para pedirla.</p>"
"25-26-villarreal-primera-equipacion-nino","25-26 Villarreal primera equipación niño","<p>25-26 Villarreal primera equipación niño. Disponible en el catálogo — consigue el contacto del proveedor para pedirla.</p>"
"25-26-manchester-city-primera-equipacion-nino","25-26 Manchester City primera equipación niño","<p>25-26 Manchester City primera equipación niño. Disponible en el catálogo — consigue el contacto del proveedor para pedirla.</p>"
"25-26-manchester-city-primera-equipacion","25-26 Manchester City primera equipación","<p>25-26 Manchester City primera equipación. Disponible en el catálogo — consigue el contacto del proveedor para pedirla.</p>"
"25-26-corinthians-primera-equipacion-mujer-sponsors-incluidos","25-26 Corinthians primera equipación mujer (sponsors incluidos)","<p>25-26 Corinthians primera equipación mujer (sponsors incluidos). Disponible en el catálogo — consigue el contacto del proveedor para pedirla.</p>"
"2026-belgica-primera-equipacion-mujer","2026 Bélgica primera equipación mujer","<p>2026 Bélgica primera equipación mujer. Disponible en el catálogo — consigue el contacto del proveedor para pedirla.</p>"
"11-12-real-madrid-primera-equipacion-manga-larga","11-12 Real Madrid primera equipación manga larga","<p>11-12 Real Madrid primera equipación manga larga. Disponible en el catálogo — consigue el contacto del proveedor para pedirla.</p>"
"95-96-albacete-primera-equipacion","95-96 Albacete primera equipación","<p>95-96 Albacete primera equipación. Disponible en el catálogo — consigue el contacto del proveedor para pedirla.</p>"
"94-95-albacete-segunda-equipacion","94-95 Albacete segunda equipación","<p>94-95 Albacete segunda equipación. Disponible en el catálogo — consigue el contacto del proveedor para pedirla.</p>"
"25-26-albacete-primera-equipacion-nino","25-26 Albacete primera equipación niño","<p>25-26 Albacete primera equipación niño. Disponible en el catálogo — consigue el contacto del proveedor para pedirla.</p>"
"25-26-albacete-tercera-equipacion","25-26 Albacete tercera equipación","<p>25-26 Albacete tercera equipación. Disponible en el catálogo — consigue el contacto del proveedor para pedirla.</p>"
"25-26-albacete-primera-equipacion","25-26 Albacete primera equipación","<p>25-26 Albacete primera equipación. Disponible en el catálogo — consigue el contacto del proveedor para pedirla.</p>"
"25-26-albacete-segunda-equipacion","25-26 Albacete segunda equipación","<p>25-26 Albacete segunda equipación. Disponible en el catálogo — consigue el contacto del proveedor para pedirla.</p>"
"2026-colombia-primera-equipacion-mujer","2026 Colombia primera equipación mujer","<p>2026 Colombia primera equipación mujer. Disponible en el catálogo — consigue el contacto del proveedor para pedirla.</p>"
"2026-alemania-primera-equipacion-mujer","2026 Alemania primera equipación mujer","<p>2026 Alemania primera equipación mujer. Disponible en el catálogo — consigue el contacto del proveedor para pedirla.</p>"
"2026-mexico-primera-equipacion-mujer","2026 Mexico primera equipación mujer","<p>2026 Mexico primera equipación mujer. Disponible en el catálogo — consigue el contacto del proveedor para pedirla.</p>"
"2026-chile-primera-equipacion-mujer","2026 Chile primera equipación mujer","<p>2026 Chile primera equipación mujer. Disponible en el catálogo — consigue el contacto del proveedor para pedirla.</p>"
"25-26-levante-tercera-equipacion","25-26 Levante tercera equipación","<p>25-26 Levante tercera equipación. Disponible en el catálogo — consigue el contacto del proveedor para pedirla.</p>"
"25-26-levante-segunda-equipacion","25-26 Levante segunda equipación","<p>25-26 Levante segunda equipación. Disponible en el catálogo — consigue el contacto del proveedor para pedirla.</p>"
"25-26-levante-primera-equipacion-nino","25-26 Levante primera equipación niño","<p>25-26 Levante primera equipación niño. Disponible en el catálogo — consigue el contacto del proveedor para pedirla.</p>"
"25-26-levante-primera-equipacion","25-26 Levante primera equipación","<p>25-26 Levante primera equipación. Disponible en el catálogo — consigue el contacto del proveedor para pedirla.</p>"
"97-98-las-palmas-segunda-equipacion","97-98 Las Palmas segunda equipación","<p>97-98 Las Palmas segunda equipación. Disponible en el catálogo — consigue el contacto del proveedor para pedirla.</p>"
"97-98-las-palmas-primera-equipacion","97-98 Las Palmas primera equipación","<p>97-98 Las Palmas primera equipación. Disponible en el catálogo — consigue el contacto del proveedor para pedirla.</p>"
"25-26-las-palmas-tercera-equipacion","25-26 Las Palmas tercera equipación","<p>25-26 Las Palmas tercera equipación. Disponible en el catálogo — consigue el contacto del proveedor para pedirla.</p>"
"25-26-las-palmas-segunda-equipacion","25-26 Las Palmas segunda equipación","<p>25-26 Las Palmas segunda equipación. Disponible en el catálogo — consigue el contacto del proveedor para pedirla.</p>"
"25-26-las-palmas-primera-equipacion","25-26 Las Palmas primera equipación","<p>25-26 Las Palmas primera equipación. Disponible en el catálogo — consigue el contacto del proveedor para pedirla.</p>"
"25-26-las-palmas-tercera-equipacion-nino","25-26 Las Palmas tercera equipación niño","<p>25-26 Las Palmas tercera equipación niño. Disponible en el catálogo — consigue el contacto del proveedor para pedirla.</p>"
"25-26-las-palmas-segunda-equipacion-nino","25-26 Las Palmas segunda equipación niño","<p>25-26 Las Palmas segunda equipación niño. Disponible en el catálogo — consigue el contacto del proveedor para pedirla.</p>"
"25-26-las-palmas-primera-equipacion-nino","25-26 Las Palmas primera equipación niño","<p>25-26 Las Palmas primera equipación niño. Disponible en el catálogo — consigue el contacto del proveedor para pedirla.</p>"
"25-26-espanyol-125-aniversario","25-26 Espanyol 125 aniversario","<p>25-26 Espanyol 125 aniversario. Disponible en el catálogo — consigue el contacto del proveedor para pedirla.</p>"
"84-89-espanyol-primera-equipacion","84-89 Espanyol primera equipación","<p>84-89 Espanyol primera equipación. Disponible en el catálogo — consigue el contacto del proveedor para pedirla.</p>"
"96-97-espanyol-tercera-equipacion","96-97 Espanyol tercera equipación","<p>96-97 Espanyol tercera equipación. Disponible en el catálogo — consigue el contacto del proveedor para pedirla.</p>"
"25-26-espanyol-tercera-equipacion","25-26 Espanyol tercera equipación","<p>25-26 Espanyol tercera equipación. Disponible en el catálogo — consigue el contacto del proveedor para pedirla.</p>"
"25-26-espanyol-segunda-equipacion","25-26 Espanyol segunda equipación","<p>25-26 Espanyol segunda equipación. Disponible en el catálogo — consigue el contacto del proveedor para pedirla.</p>"
"25-26-espanyol-primera-equipacion-nino","25-26 Espanyol primera equipación niño","<p>25-26 Espanyol primera equipación niño. Disponible en el catálogo — consigue el contacto del proveedor para pedirla.</p>"
"25-26-espanyol-primera-equipacion","25-26 Espanyol primera equipación","<p>25-26 Espanyol primera equipación. Disponible en el catálogo — consigue el contacto del proveedor para pedirla.</p>"
"25-26-getafe-tercera-equipacion","25-26 Getafe tercera equipación","<p>25-26 Getafe tercera equipación. Disponible en el catálogo — consigue el contacto del proveedor para pedirla.</p>"
"25-26-real-valladolid-tercera-equipacion","25-26 Real Valladolid tercera equipación","<p>25-26 Real Valladolid tercera equipación. Disponible en el catálogo — consigue el contacto del proveedor para pedirla.</p>"
"25-26-real-valladolid-segunda-equipacion","25-26 Real Valladolid segunda equipación","<p>25-26 Real Valladolid segunda equipación. Disponible en el catálogo — consigue el contacto del proveedor para pedirla.</p>"
"25-26-real-valladolid-primera-equipacion-nino","25-26 Real Valladolid primera equipación niño","<p>25-26 Real Valladolid primera equipación niño. Disponible en el catálogo — consigue el contacto del proveedor para pedirla.</p>"
"95-96-real-valladolid-primera-equipacion","95-96 Real Valladolid primera equipación","<p>95-96 Real Valladolid primera equipación. Disponible en el catálogo — consigue el contacto del proveedor para pedirla.</p>"
"83-84-real-valladolid-primera-equipacion","83-84 Real Valladolid primera equipación","<p>83-84 Real Valladolid primera equipación. Disponible en el catálogo — consigue el contacto del proveedor para pedirla.</p>"
"25-26-real-valladolid-primera-equipacion","25-26 Real Valladolid primera equipación","<p>25-26 Real Valladolid primera equipación. Disponible en el catálogo — consigue el contacto del proveedor para pedirla.</p>"
"98-99-betis-primera-equipacion","98-99 Betis primera equipación","<p>98-99 Betis primera equipación. Disponible en el catálogo — consigue el contacto del proveedor para pedirla.</p>"
"03-04-betis-primera-equipacion","03-04 Betis primera equipación","<p>03-04 Betis primera equipación. Disponible en el catálogo — consigue el contacto del proveedor para pedirla.</p>"
"94-96-sevilla-primera-equipacion","94-96 Sevilla primera equipación","<p>94-96 Sevilla primera equipación. Disponible en el catálogo — consigue el contacto del proveedor para pedirla.</p>"
"96-97-betis-primera-equipacion","96-97 Betis primera equipación","<p>96-97 Betis primera equipación. Disponible en el catálogo — consigue el contacto del proveedor para pedirla.</p>"
"87-90-sevilla-segunda-equipacion","87-90 Sevilla segunda equipación","<p>87-90 Sevilla segunda equipación. Disponible en el catálogo — consigue el contacto del proveedor para pedirla.</p>"
"95-97-betis-primera-equipacion-manga-larga","95-97 Betis primera equipación manga larga","<p>95-97 Betis primera equipación manga larga. Disponible en el catálogo — consigue el contacto del proveedor para pedirla.</p>"
"87-90-sevilla-primera-equipacion","87-90 Sevilla primera equipación","<p>87-90 Sevilla primera equipación. Disponible en el catálogo — consigue el contacto del proveedor para pedirla.</p>"
"91-92-betis-segunda-equipacion","91-92 Betis segunda equipación","<p>91-92 Betis segunda equipación. Disponible en el catálogo — consigue el contacto del proveedor para pedirla.</p>"
"91-92-sevilla-segunda-equipacion","91-92 Sevilla segunda equipación","<p>91-92 Sevilla segunda equipación. Disponible en el catálogo — consigue el contacto del proveedor para pedirla.</p>"
"88-89-betis-primera-equipacion","88-89 Betis primera equipación","<p>88-89 Betis primera equipación. Disponible en el catálogo — consigue el contacto del proveedor para pedirla.</p>"
"91-92-sevilla-primera-equipacion","91-92 Sevilla primera equipación","<p>91-92 Sevilla primera equipación. Disponible en el catálogo — consigue el contacto del proveedor para pedirla.</p>"
"25-26-betis-primera-equipacion-portero","25-26 Betis primera equipación portero","<p>25-26 Betis primera equipación portero. Disponible en el catálogo — consigue el contacto del proveedor para pedirla.</p>"
"98-99-sevilla-primera-equipacion","98-99 Sevilla primera equipación","<p>98-99 Sevilla primera equipación. Disponible en el catálogo — consigue el contacto del proveedor para pedirla.</p>"
"76-77-betis-primera-equipacion","76-77 Betis primera equipación","<p>76-77 Betis primera equipación. Disponible en el catálogo — consigue el contacto del proveedor para pedirla.</p>"
"93-94-sevilla-primera-equipacion","93-94 Sevilla primera equipación","<p>93-94 Sevilla primera equipación. Disponible en el catálogo — consigue el contacto del proveedor para pedirla.</p>"
"93-94-betis-primera-equipacion","93-94 Betis primera equipación","<p>93-94 Betis primera equipación. Disponible en el catálogo — consigue el contacto del proveedor para pedirla.</p>"
"99-00-betis-segunda-equipacion","99-00 Betis segunda equipación","<p>99-00 Betis segunda equipación. Disponible en el catálogo — consigue el contacto del proveedor para pedirla.</p>"
"95-97-betis-primera-equipacion-nino","95-97 Betis primera equipación niño","<p>95-97 Betis primera equipación niño. Disponible en el catálogo — consigue el contacto del proveedor para pedirla.</p>"
"94-95-betis-primera-equipacion","94-95 Betis primera equipación","<p>94-95 Betis primera equipación. Disponible en el catálogo — consigue el contacto del proveedor para pedirla.</p>"
"94-96-sevilla-segunda-equipacion","94-96 Sevilla segunda equipación","<p>94-96 Sevilla segunda equipación. Disponible en el catálogo — consigue el contacto del proveedor para pedirla.</p>"
"25-26-betis-equipacion-pre-partido","25-26 Betis equipación Pre Partido","<p>25-26 Betis equipación Pre Partido. Disponible en el catálogo — consigue el contacto del proveedor para pedirla.</p>"
"25-26-sevilla-segunda-equipacion-nino","25-26 Sevilla Segunda equipación niño","<p>25-26 Sevilla Segunda equipación niño. Disponible en el catálogo — consigue el contacto del proveedor para pedirla.</p>"
"01-02-betis-primera-equipacion","01-02 Betis primera equipación","<p>01-02 Betis primera equipación. Disponible en el catálogo — consigue el contacto del proveedor para pedirla.</p>"
"95-97-betis-segunda-equipacion-manga-larga","95-97 Betis segunda equipación manga larga","<p>95-97 Betis segunda equipación manga larga. Disponible en el catálogo — consigue el contacto del proveedor para pedirla.</p>"
"95-97-betis-segunda-equipacion","95-97 Betis segunda equipación","<p>95-97 Betis segunda equipación. Disponible en el catálogo — consigue el contacto del proveedor para pedirla.</p>"
"25-26-betis-equipacion-pre-partido-nino","25-26 Betis equipación Pre Partido niño","<p>25-26 Betis equipación Pre Partido niño. Disponible en el catálogo — consigue el contacto del proveedor para pedirla.</p>"
"25-26-sevilla-primera-equipacion-nino","25-26 Sevilla primera equipación niño","<p>25-26 Sevilla primera equipación niño. Disponible en el catálogo — consigue el contacto del proveedor para pedirla.</p>"
"25-26-sevilla-tercera-equipacion","25-26 Sevilla tercera equipación","<p>25-26 Sevilla tercera equipación. Disponible en el catálogo — consigue el contacto del proveedor para pedirla.</p>"
"25-26-betis-x-naruto-nino","25-26 Betis x Naruto niño","<p>25-26 Betis x Naruto niño. Disponible en el catálogo — consigue el contacto del proveedor para pedirla.</p>"
"15-16-sevilla-primera-equipacion","15-16 Sevilla primera equipación","<p>15-16 Sevilla primera equipación. Disponible en el catálogo — consigue el contacto del proveedor para pedirla.</p>"
"25-26-betis-segunda-equipacion-nino","25-26 Betis segunda equipación niño","<p>25-26 Betis segunda equipación niño. Disponible en el catálogo — consigue el contacto del proveedor para pedirla.</p>"
"25-26-betis-tercera-equipacion-nino","25-26 Betis tercera equipación niño","<p>25-26 Betis tercera equipación niño. Disponible en el catálogo — consigue el contacto del proveedor para pedirla.</p>"
"12-13-sevilla-primera-equipacion","12-13 Sevilla primera equipación","<p>12-13 Sevilla primera equipación. Disponible en el catálogo — consigue el contacto del proveedor para pedirla.</p>"
"25-26-betis-primera-equipacion-nino","25-26 Betis primera equipación niño","<p>25-26 Betis primera equipación niño. Disponible en el catálogo — consigue el contacto del proveedor para pedirla.</p>"
"25-26-sevilla-segunda-equipacion","25-26 Sevilla segunda equipación","<p>25-26 Sevilla segunda equipación. Disponible en el catálogo — consigue el contacto del proveedor para pedirla.</p>"
"25-26-sevilla-primera-equipacion","25-26 Sevilla primera equipación","<p>25-26 Sevilla primera equipación. Disponible en el catálogo — consigue el contacto del proveedor para pedirla.</p>"
"25-26-boca-juniors-primera-equipacion-manga-larga","25-26 Boca Juniors primera equipación manga larga","<p>25-26 Boca Juniors primera equipación manga larga. Disponible en el catálogo — consigue el contacto del proveedor para pedirla.</p>"
"2026-espana-primera-equipacion","2026 España primera equipación","<p>2026 España primera equipación. Disponible en el catálogo — consigue el contacto del proveedor para pedirla.</p>"
"25-26-valencia-tercera-equipacion-sponsor-incluido","25-26 Valencia tercera equipación (Sponsor incluido)","<p>25-26 Valencia tercera equipación (Sponsor incluido). Disponible en el catálogo — consigue el contacto del proveedor para pedirla.</p>"
"25-26-valencia-segunda-equipacion","25-26 Valencia segunda equipación","<p>25-26 Valencia segunda equipación. Disponible en el catálogo — consigue el contacto del proveedor para pedirla.</p>"
"25-26-valencia-primera-equipacion","25-26 Valencia primera equipación","<p>25-26 Valencia primera equipación. Disponible en el catálogo — consigue el contacto del proveedor para pedirla.</p>"
"25-26-valencia-tercera-equipacion-nino","25-26 Valencia tercera equipación niño","<p>25-26 Valencia tercera equipación niño. Disponible en el catálogo — consigue el contacto del proveedor para pedirla.</p>"
"25-26-valencia-segunda-equipacion-nino","25-26 Valencia segunda equipación niño","<p>25-26 Valencia segunda equipación niño. Disponible en el catálogo — consigue el contacto del proveedor para pedirla.</p>"
"25-26-valencia-primera-equipacion-nino","25-26 Valencia primera equipación niño","<p>25-26 Valencia primera equipación niño. Disponible en el catálogo — consigue el contacto del proveedor para pedirla.</p>"
"07-08-manchester-united-primera-equipacion-nino","07-08 Manchester United primera equipación niño","<p>07-08 Manchester United primera equipación niño. Disponible en el catálogo — consigue el contacto del proveedor para pedirla.</p>"
"25-26-real-madrid-segunda-equipacion-manga-larga","25-26 Real Madrid segunda equipación manga larga","<p>25-26 Real Madrid segunda equipación manga larga. Disponible en el catálogo — consigue el contacto del proveedor para pedirla.</p>"
"25-26-chelsea-tercera-equipacion","25-26 Chelsea tercera equipación","<p>25-26 Chelsea tercera equipación. Disponible en el catálogo — consigue el contacto del proveedor para pedirla.</p>"
"25-26-chelsea-primera-equipacion","25-26 Chelsea primera equipación","<p>25-26 Chelsea primera equipación. Disponible en el catálogo — consigue el contacto del proveedor para pedirla.</p>"
"05-06-arsenal-primera-equipacion-manga-larga","05-06 Arsenal primera equipación manga larga","<p>05-06 Arsenal primera equipación manga larga. Disponible en el catálogo — consigue el contacto del proveedor para pedirla.</p>"
"2026-mexico-primera-equipacion-nino","2026 México primera equipación niño","<p>2026 México primera equipación niño. Disponible en el catálogo — consigue el contacto del proveedor para pedirla.</p>"
"05-06-arsenal-primera-equipacion","05-06 Arsenal Primera equipación","<p>05-06 Arsenal Primera equipación. Disponible en el catálogo — consigue el contacto del proveedor para pedirla.</p>"
"2026-mexico-primera-equipacion","2026 México primera equipación","<p>2026 México primera equipación. Disponible en el catálogo — consigue el contacto del proveedor para pedirla.</p>"
"25-26-monaco-primera-equipacion","25-26 Mónaco primera equipación","<p>25-26 Mónaco primera equipación. Disponible en el catálogo — consigue el contacto del proveedor para pedirla.</p>"
"25-26-nottingham-forest-primera-equipacion-sponsor-incluido","25-26 Nottingham forest primera equipación (Sponsor incluido)","<p>25-26 Nottingham forest primera equipación (Sponsor incluido). Disponible en el catálogo — consigue el contacto del proveedor para pedirla.</p>"
"25-26-nottingham-forest-segunda-equipacion","25-26 Nottingham forest segunda equipación","<p>25-26 Nottingham forest segunda equipación. Disponible en el catálogo — consigue el contacto del proveedor para pedirla.</p>"
"25-26-wolverhampton-segunda-equipacion","25-26 Wolverhampton segunda equipacion","<p>25-26 Wolverhampton segunda equipacion. Disponible en el catálogo — consigue el contacto del proveedor para pedirla.</p>"
"25-26-wolverhampton-primera-equipacion","25-26 Wolverhampton primera equipación","<p>25-26 Wolverhampton primera equipación. Disponible en el catálogo — consigue el contacto del proveedor para pedirla.</p>"
"25-26-oporto-tercera-equipacion","25-26 Oporto tercera equipacion","<p>25-26 Oporto tercera equipacion. Disponible en el catálogo — consigue el contacto del proveedor para pedirla.</p>"
"25-26-oporto-segunda-equipacion","25-26 Oporto segunda equipacion","<p>25-26 Oporto segunda equipacion. Disponible en el catálogo — consigue el contacto del proveedor para pedirla.</p>"
"25-26-oporto-primera-equipacion","25-26 Oporto primera equipacion","<p>25-26 Oporto primera equipacion. Disponible en el catálogo — consigue el contacto del proveedor para pedirla.</p>"
"25-26-como-primera-equipacion","25-26 Como primera equipación","<p>25-26 Como primera equipación. Disponible en el catálogo — consigue el contacto del proveedor para pedirla.</p>"
"99-00-parma-primera-equipacion","99-00 Parma primera equipación","<p>99-00 Parma primera equipación. Disponible en el catálogo — consigue el contacto del proveedor para pedirla.</p>"
"98-99-parma-primera-equipacion","98-99 Parma primera equipación","<p>98-99 Parma primera equipación. Disponible en el catálogo — consigue el contacto del proveedor para pedirla.</p>"
"01-02-real-zaragoza-segunda-equipacion","01-02 Real Zaragoza segunda equipación","<p>01-02 Real Zaragoza segunda equipación. Disponible en el catálogo — consigue el contacto del proveedor para pedirla.</p>"
"01-02-real-zaragoza-primera-equipacion","01-02 Real Zaragoza primera equipación","<p>01-02 Real Zaragoza primera equipación. Disponible en el catálogo — consigue el contacto del proveedor para pedirla.</p>"
"12-13-malaga-primera-equipacion","12-13 Málaga primera equipación","<p>12-13 Málaga primera equipación. Disponible en el catálogo — consigue el contacto del proveedor para pedirla.</p>"
"11-12-athletic-de-bilbao-segunda-equipacion","11-12 Athletic de Bilbao segunda equipación","<p>11-12 Athletic de Bilbao segunda equipación. Disponible en el catálogo — consigue el contacto del proveedor para pedirla.</p>"
"97-98-athletic-de-bilbao-primera-equipacion","97-98 Athletic de Bilbao primera equipación","<p>97-98 Athletic de Bilbao primera equipación. Disponible en el catálogo — consigue el contacto del proveedor para pedirla.</p>"
"95-97-athletic-de-bilbao-primera-equipacion","95-97 Athletic de Bilbao primera equipación","<p>95-97 Athletic de Bilbao primera equipación. Disponible en el catálogo — consigue el contacto del proveedor para pedirla.</p>"
"98-99-getafe-primera-equipacion","98-99 Getafe primera equipación","<p>98-99 Getafe primera equipación. Disponible en el catálogo — consigue el contacto del proveedor para pedirla.</p>"
"09-10-getafe-primera-equipacion","09-10 Getafe primera equipación","<p>09-10 Getafe primera equipación. Disponible en el catálogo — consigue el contacto del proveedor para pedirla.</p>"
"25-26-getafe-primera-equipacion","25-26 Getafe primera equipacion","<p>25-26 Getafe primera equipacion. Disponible en el catálogo — consigue el contacto del proveedor para pedirla.</p>"
"25-26-getafe-segunda-equipacion","25-26 Getafe segunda equipacion","<p>25-26 Getafe segunda equipacion. Disponible en el catálogo — consigue el contacto del proveedor para pedirla.</p>"
"25-26-elche-segunda-equipacion","25-26 Elche segunda equipación","<p>25-26 Elche segunda equipación. Disponible en el catálogo — consigue el contacto del proveedor para pedirla.</p>"
"05-06-villarreal-primera-equipacion","05-06 Villarreal primera equipación","<p>05-06 Villarreal primera equipación. Disponible en el catálogo — consigue el contacto del proveedor para pedirla.</p>"
"25-26-villarreal-segunda-equipacion","25-26 Villarreal segunda equipacion","<p>25-26 Villarreal segunda equipacion. Disponible en el catálogo — consigue el contacto del proveedor para pedirla.</p>"
"01-03-sporting-lisboa-primera-equipacion","01-03 Sporting Lisboa primera equipacion","<p>01-03 Sporting Lisboa primera equipacion. Disponible en el catálogo — consigue el contacto del proveedor para pedirla.</p>"
"07-08-sao-paulo-primera-equipacion","07-08 Sao Paulo primera equipacion","<p>07-08 Sao Paulo primera equipacion. Disponible en el catálogo — consigue el contacto del proveedor para pedirla.</p>"
"2012-santos-equipacion-especial-negra","2012 Santos equipación especial negra","<p>2012 Santos equipación especial negra. Disponible en el catálogo — consigue el contacto del proveedor para pedirla.</p>"
"2012-santos-primera-equipacion","2012 Santos primera equipación","<p>2012 Santos primera equipación. Disponible en el catálogo — consigue el contacto del proveedor para pedirla.</p>"
"11-12-santos-tercera-equipacion","11-12 Santos tercera equipacion","<p>11-12 Santos tercera equipacion. Disponible en el catálogo — consigue el contacto del proveedor para pedirla.</p>"
"12-13-la-galaxy-primera-equipacion","12-13 LA galaxy primera equipacion","<p>12-13 LA galaxy primera equipacion. Disponible en el catálogo — consigue el contacto del proveedor para pedirla.</p>"
"11-12-la-galaxy-segunda-equipacion","11-12 LA galaxy segunda equipacion","<p>11-12 LA galaxy segunda equipacion. Disponible en el catálogo — consigue el contacto del proveedor para pedirla.</p>"
"91-92-colo-colo-primera-equipacion","91-92 Colo Colo primera equipación","<p>91-92 Colo Colo primera equipación. Disponible en el catálogo — consigue el contacto del proveedor para pedirla.</p>"
"95-97-celtic-glasgow-primera-equipacion","95-97 Celtic Glasgow primera equipacion","<p>95-97 Celtic Glasgow primera equipacion. Disponible en el catálogo — consigue el contacto del proveedor para pedirla.</p>"
"95-96-botafogo-segunda-equipacion","95-96 Botafogo segunda equipacion","<p>95-96 Botafogo segunda equipacion. Disponible en el catálogo — consigue el contacto del proveedor para pedirla.</p>"
"03-04-boca-juniors-primera-equipacion","03-04 Boca Juniors primera equipacion","<p>03-04 Boca Juniors primera equipacion. Disponible en el catálogo — consigue el contacto del proveedor para pedirla.</p>"
"00-01-ajax-segunda-equipacion","00-01 Ajax segunda equipacion","<p>00-01 Ajax segunda equipacion. Disponible en el catálogo — consigue el contacto del proveedor para pedirla.</p>"
"25-26-palmeiras-segunda-equipacion","25-26 Palmeiras segunda equipacion","<p>25-26 Palmeiras segunda equipacion. Disponible en el catálogo — consigue el contacto del proveedor para pedirla.</p>"
"25-26-palmeiras-primera-equipacion","25-26 Palmeiras primera equipacion","<p>25-26 Palmeiras primera equipacion. Disponible en el catálogo — consigue el contacto del proveedor para pedirla.</p>"
"25-26-club-america-segunda-equipacion","25-26 Club America segunda equipacion","<p>25-26 Club America segunda equipacion. Disponible en el catálogo — consigue el contacto del proveedor para pedirla.</p>"
"25-26-club-america-primera-equipacion","25-26 Club America primera equipacion","<p>25-26 Club America primera equipacion. Disponible en el catálogo — consigue el contacto del proveedor para pedirla.</p>"
"25-26-ajax-primera-equipacion","25-26 Ajax primera equipacion","<p>25-26 Ajax primera equipacion. Disponible en el catálogo — consigue el contacto del proveedor para pedirla.</p>"
"25-26-chivas-segunda-equipacion","25-26 Chivas segunda equipacion","<p>25-26 Chivas segunda equipacion. Disponible en el catálogo — consigue el contacto del proveedor para pedirla.</p>"
"25-26-napoli-primera-equipacion","25-26 Napoli primera equipación","<p>25-26 Napoli primera equipación. Disponible en el catálogo — consigue el contacto del proveedor para pedirla.</p>"
"25-26-brighton-primera-equipacion","25-26 Brighton primera equipación","<p>25-26 Brighton primera equipación. Disponible en el catálogo — consigue el contacto del proveedor para pedirla.</p>"
"25-26-aston-villa-primera-equipacion","25-26 Aston Villa primera equipación","<p>25-26 Aston Villa primera equipación. Disponible en el catálogo — consigue el contacto del proveedor para pedirla.</p>"
"25-26-olympique-de-marsella-primera-equipacion","25-26 Olympique de Marsella primera equipación","<p>25-26 Olympique de Marsella primera equipación. Disponible en el catálogo — consigue el contacto del proveedor para pedirla.</p>"
"98-99-fiorentina-primera-equipacion","98-99 Fiorentina primera equipación","<p>98-99 Fiorentina primera equipación. Disponible en el catálogo — consigue el contacto del proveedor para pedirla.</p>"
"92-93-fiorentina-primera-equipacion","92-93 Fiorentina primera equipación","<p>92-93 Fiorentina primera equipación. Disponible en el catálogo — consigue el contacto del proveedor para pedirla.</p>"
"92-93-fiorentina-segunda-equipacion","92-93 Fiorentina segunda equipación","<p>92-93 Fiorentina segunda equipación. Disponible en el catálogo — consigue el contacto del proveedor para pedirla.</p>"
"09-10-tottenham-primera-equipacion","09-10 Tottenham primera equipación","<p>09-10 Tottenham primera equipación. Disponible en el catálogo — consigue el contacto del proveedor para pedirla.</p>"
"06-07-tottenham-primera-equipacion","06-07 Tottenham primera equipación","<p>06-07 Tottenham primera equipación. Disponible en el catálogo — consigue el contacto del proveedor para pedirla.</p>"
"94-95-tottenham-segunda-equipacion","94-95 Tottenham segunda equipación","<p>94-95 Tottenham segunda equipación. Disponible en el catálogo — consigue el contacto del proveedor para pedirla.</p>"
"19-20-birmingham-primera-equipacion","19-20 Birmingham primera equipacion","<p>19-20 Birmingham primera equipacion. Disponible en el catálogo — consigue el contacto del proveedor para pedirla.</p>"
"16-17-monaco-primera-equipacion","16-17 Mónaco primera equipación","<p>16-17 Mónaco primera equipación. Disponible en el catálogo — consigue el contacto del proveedor para pedirla.</p>"
"98-99-olympique-de-marsella-segunda-equipacion","98-99 Olympique de Marsella segunda equipación","<p>98-99 Olympique de Marsella segunda equipación. Disponible en el catálogo — consigue el contacto del proveedor para pedirla.</p>"
"25-26-bayer-leverkusen-primera-equipacion","25-26 Bayer Leverkusen primera equipación","<p>25-26 Bayer Leverkusen primera equipación. Disponible en el catálogo — consigue el contacto del proveedor para pedirla.</p>"
"1990-yugoslavia-primera-equipacion","1990 Yugoslavia primera equipacion","<p>1990 Yugoslavia primera equipacion. Disponible en el catálogo — consigue el contacto del proveedor para pedirla.</p>"
"88-89-union-sovietica-primera-equipacion","88-89 Unión Soviética primera equipacion","<p>88-89 Unión Soviética primera equipacion. Disponible en el catálogo — consigue el contacto del proveedor para pedirla.</p>"
"1994-suecia-segunda-equipacion","1994 Suecia segunda equipacion","<p>1994 Suecia segunda equipacion. Disponible en el catálogo — consigue el contacto del proveedor para pedirla.</p>"
"94-suecia-primera-equipacion","94 Suecia primera equipacion","<p>94 Suecia primera equipacion. Disponible en el catálogo — consigue el contacto del proveedor para pedirla.</p>"
"1992-portugal-primera-equipacion","1992 Portugal primera equipación","<p>1992 Portugal primera equipación. Disponible en el catálogo — consigue el contacto del proveedor para pedirla.</p>"
"2014-mexico-primera-equipacion","2014 México primera equipación","<p>2014 México primera equipación. Disponible en el catálogo — consigue el contacto del proveedor para pedirla.</p>"
"2018-japon-primera-equipacion","2018 Japón primera equipación","<p>2018 Japón primera equipación. Disponible en el catálogo — consigue el contacto del proveedor para pedirla.</p>"
"1998-jamaica-primera-equipacion","1998  Jamaica primera equipación","<p>1998  Jamaica primera equipación. Disponible en el catálogo — consigue el contacto del proveedor para pedirla.</p>"
"1995-italia-segunda-equipacion","1995 Italia segunda equipación","<p>1995 Italia segunda equipación. Disponible en el catálogo — consigue el contacto del proveedor para pedirla.</p>"
"1995-italia-primera-equipacion","1995 Italia primera equipación","<p>1995 Italia primera equipación. Disponible en el catálogo — consigue el contacto del proveedor para pedirla.</p>"
"inglaterra-equipacion-especial-90","Inglaterra equipación especial 90","<p>Inglaterra equipación especial 90. Disponible en el catálogo — consigue el contacto del proveedor para pedirla.</p>"
"2014-colombia-primera-equipacion","2014 Colombia primera equipación","<p>2014 Colombia primera equipación. Disponible en el catálogo — consigue el contacto del proveedor para pedirla.</p>"
"02-seleccion-china-segunda-equipacion","02 Selección China segunda equipacion","<p>02 Selección China segunda equipacion. Disponible en el catálogo — consigue el contacto del proveedor para pedirla.</p>"
"02-seleccion-china-primera-equipacion","02 Selección China primera equipacion","<p>02 Selección China primera equipacion. Disponible en el catálogo — consigue el contacto del proveedor para pedirla.</p>"
"2006-francia-primera-equipacion","2006 Francia primera equipación","<p>2006 Francia primera equipación. Disponible en el catálogo — consigue el contacto del proveedor para pedirla.</p>"
"2006-francia-segunda-equipacion","2006 Francia segunda equipación","<p>2006 Francia segunda equipación. Disponible en el catálogo — consigue el contacto del proveedor para pedirla.</p>"
"1998-francia-segunda-equipacion","1998 Francia segunda equipación","<p>1998 Francia segunda equipación. Disponible en el catálogo — consigue el contacto del proveedor para pedirla.</p>"
"98-seleccion-croacia-segunda-equipacion","98 Selección Croacia segunda equipacion","<p>98 Selección Croacia segunda equipacion. Disponible en el catálogo — consigue el contacto del proveedor para pedirla.</p>"
"1998-seleccion-croacia-primera-equipacion","1998 Selección Croacia primera equipacion","<p>1998 Selección Croacia primera equipacion. Disponible en el catálogo — consigue el contacto del proveedor para pedirla.</p>"
"25-26-tigres-segunda-equipacion","25-26 Tigres segunda equipacion","<p>25-26 Tigres segunda equipacion. Disponible en el catálogo — consigue el contacto del proveedor para pedirla.</p>"
"25-26-tigres-primera-equipacion","25-26 Tigres primera equipación","<p>25-26 Tigres primera equipación. Disponible en el catálogo — consigue el contacto del proveedor para pedirla.</p>"
"25-26-sao-paulo-primera-equipacion","25-26 Sao Paulo primera equipacion","<p>25-26 Sao Paulo primera equipacion. Disponible en el catálogo — consigue el contacto del proveedor para pedirla.</p>"
"25-26-santos-primera-equipacion","25-26 Santos primera equipación","<p>25-26 Santos primera equipación. Disponible en el catálogo — consigue el contacto del proveedor para pedirla.</p>"
"25-26-river-plate-segunda-equipacion","25-26 River Plate segunda equipacion","<p>25-26 River Plate segunda equipacion. Disponible en el catálogo — consigue el contacto del proveedor para pedirla.</p>"
"25-26-river-plate-primera-equipacion","25-26 River Plate primera equipacion","<p>25-26 River Plate primera equipacion. Disponible en el catálogo — consigue el contacto del proveedor para pedirla.</p>"
"25-26-plymouth-primera-equipacion","25-26 Plymouth primera equipacion","<p>25-26 Plymouth primera equipacion. Disponible en el catálogo — consigue el contacto del proveedor para pedirla.</p>"
"25-26-pachuca-segunda-equipacion","25-26 Pachuca segunda equipacion","<p>25-26 Pachuca segunda equipacion. Disponible en el catálogo — consigue el contacto del proveedor para pedirla.</p>"
"25-26-pachuca-primera-equipacion","25-26 Pachuca primera equipacion","<p>25-26 Pachuca primera equipacion. Disponible en el catálogo — consigue el contacto del proveedor para pedirla.</p>"
"25-26-al-ittihad-primera-equipacion","25-26 Al-Ittihad primera equipacion","<p>25-26 Al-Ittihad primera equipacion. Disponible en el catálogo — consigue el contacto del proveedor para pedirla.</p>"
"25-26-chivas-primera-equipacion","25-26 Chivas primera equipacion","<p>25-26 Chivas primera equipacion. Disponible en el catálogo — consigue el contacto del proveedor para pedirla.</p>"
"25-26-gremio-primera-equipacion","25-26 Gremio primera equipacion","<p>25-26 Gremio primera equipacion. Disponible en el catálogo — consigue el contacto del proveedor para pedirla.</p>"
"25-26-fluminense-primera-equipacion","25-26 Fluminense primera equipacion","<p>25-26 Fluminense primera equipacion. Disponible en el catálogo — consigue el contacto del proveedor para pedirla.</p>"
"25-26-flamengo-segunda-equipacion-sponsors-incluidos","25-26 Flamengo segunda equipación (sponsors incluidos)","<p>25-26 Flamengo segunda equipación (sponsors incluidos). Disponible en el catálogo — consigue el contacto del proveedor para pedirla.</p>"
"25-26-flamengo-primera-equipacion-manga-larga-sponsors-incluidos","25-26 Flamengo primera equipación manga larga (sponsors incluidos)","<p>25-26 Flamengo primera equipación manga larga (sponsors incluidos). Disponible en el catálogo — consigue el contacto del proveedor para pedirla.</p>"
"25-26-cruz-azul-primera-equipacion","25-26 Cruz azul primera equipacion","<p>25-26 Cruz azul primera equipacion. Disponible en el catálogo — consigue el contacto del proveedor para pedirla.</p>"
"25-26-corinthians-primera-equipacion-sponsors-incluidos","25-26 Corinthians primera equipación (Sponsors incluidos)","<p>25-26 Corinthians primera equipación (Sponsors incluidos). Disponible en el catálogo — consigue el contacto del proveedor para pedirla.</p>"
"25-26-corinthians-segunda-equipacion-sponsors-incluidos","25-26 Corinthians segunda equipación (Sponsors incluidos)","<p>25-26 Corinthians segunda equipación (Sponsors incluidos). Disponible en el catálogo — consigue el contacto del proveedor para pedirla.</p>"
"25-26-celtic-glasgow-segunda-equipacion","25-26 Celtic Glasgow segunda equipacion","<p>25-26 Celtic Glasgow segunda equipacion. Disponible en el catálogo — consigue el contacto del proveedor para pedirla.</p>"
"25-26-boca-juniors-segunda-equipacion","25-26 Boca Juniors segunda equipacion","<p>25-26 Boca Juniors segunda equipacion. Disponible en el catálogo — consigue el contacto del proveedor para pedirla.</p>"
"25-26-boca-juniors-primera-equipacion","25-26 Boca Juniors primera equipación","<p>25-26 Boca Juniors primera equipación. Disponible en el catálogo — consigue el contacto del proveedor para pedirla.</p>"
"25-26-al-hilal-equipacion-mundial-de-clubes","25-26 Al hilal equipacion mundial de clubes","<p>25-26 Al hilal equipacion mundial de clubes. Disponible en el catálogo — consigue el contacto del proveedor para pedirla.</p>"
"25-26-al-hilal-segunda-equipacion","25-26 Al hilal segunda equipacion","<p>25-26 Al hilal segunda equipacion. Disponible en el catálogo — consigue el contacto del proveedor para pedirla.</p>"
"25-26-al-hilal-primera-equipacion","25-26 Al hilal primera equipacion","<p>25-26 Al hilal primera equipacion. Disponible en el catálogo — consigue el contacto del proveedor para pedirla.</p>"
"25-26-al-nassr-primera-equipacion","25-26 Al nassr primera equipacion","<p>25-26 Al nassr primera equipacion. Disponible en el catálogo — consigue el contacto del proveedor para pedirla.</p>"
"25-26-al-nassr-segunda-equipacion","25-26 Al nassr segunda equipacion","<p>25-26 Al nassr segunda equipacion. Disponible en el catálogo — consigue el contacto del proveedor para pedirla.</p>"
"25-26-benfica-primera-equipacion","25-26 Benfica primera equipacion","<p>25-26 Benfica primera equipacion. Disponible en el catálogo — consigue el contacto del proveedor para pedirla.</p>"
"25-26-al-ain-tercera-equipacion","25-26 Al ain tercera equipacion","<p>25-26 Al ain tercera equipacion. Disponible en el catálogo — consigue el contacto del proveedor para pedirla.</p>"
"25-26-al-ain-segunda-equipacion","25-26 Al ain segunda equipacion","<p>25-26 Al ain segunda equipacion. Disponible en el catálogo — consigue el contacto del proveedor para pedirla.</p>"
"25-26-al-ahly-segunda-equipacion","25-26 Al ahly segunda equipacion","<p>25-26 Al ahly segunda equipacion. Disponible en el catálogo — consigue el contacto del proveedor para pedirla.</p>"
"25-26-al-ahli-primera-equipacion","25-26 Al ahli primera equipacion","<p>25-26 Al ahli primera equipacion. Disponible en el catálogo — consigue el contacto del proveedor para pedirla.</p>"
"25-26-ajax-segunda-equipacion","25-26 Ajax segunda equipación","<p>25-26 Ajax segunda equipación. Disponible en el catálogo — consigue el contacto del proveedor para pedirla.</p>"
"99-01-west-ham-segunda-equipacion","99-01 West Ham segunda equipación","<p>99-01 West Ham segunda equipación. Disponible en el catálogo — consigue el contacto del proveedor para pedirla.</p>"
"13-14-manchester-city-segunda-equipacion","13-14 Manchester City segunda equipación","<p>13-14 Manchester City segunda equipación. Disponible en el catálogo — consigue el contacto del proveedor para pedirla.</p>"
"97-98-manchester-city-primera-equipacion","97-98 Manchester City primera equipación","<p>97-98 Manchester City primera equipación. Disponible en el catálogo — consigue el contacto del proveedor para pedirla.</p>"
"25-26-real-madrid-tercera-equipacion","25-26 Real Madrid tercera equipación","<p>25-26 Real Madrid tercera equipación. Disponible en el catálogo — consigue el contacto del proveedor para pedirla.</p>"
"25-26-crystal-palace-primera-equipacion","25-26 Crystal Palace primera equipación","<p>25-26 Crystal Palace primera equipación. Disponible en el catálogo — consigue el contacto del proveedor para pedirla.</p>"
"25-26-chelsea-segunda-equipacion","25-26 Chelsea segunda equipación","<p>25-26 Chelsea segunda equipación. Disponible en el catálogo — consigue el contacto del proveedor para pedirla.</p>"
"24-25-arsenal-segunda-equipacion","24-25 Arsenal segunda equipacion","<p>24-25 Arsenal segunda equipacion. Disponible en el catálogo — consigue el contacto del proveedor para pedirla.</p>"
"24-25-arsenal-primera-equipacion","24-25 Arsenal primera equipacion","<p>24-25 Arsenal primera equipacion. Disponible en el catálogo — consigue el contacto del proveedor para pedirla.</p>"
"25-26-arsenal-tercera-equipacion","25-26 Arsenal tercera equipación","<p>25-26 Arsenal tercera equipación. Disponible en el catálogo — consigue el contacto del proveedor para pedirla.</p>"
"25-26-arsenal-primera-equipacion","25-26 Arsenal primera equipación","<p>25-26 Arsenal primera equipación. Disponible en el catálogo — consigue el contacto del proveedor para pedirla.</p>"
"12-13-chelsea-segunda-equipacion","12-13 Chelsea segunda equipacion","<p>12-13 Chelsea segunda equipacion. Disponible en el catálogo — consigue el contacto del proveedor para pedirla.</p>"
"12-13-chelsea-primera-equipacion","12-13 Chelsea primera equipacion","<p>12-13 Chelsea primera equipacion. Disponible en el catálogo — consigue el contacto del proveedor para pedirla.</p>"
"11-12-chelsea-segunda-equipacion","11-12 Chelsea segunda equipacion","<p>11-12 Chelsea segunda equipacion. Disponible en el catálogo — consigue el contacto del proveedor para pedirla.</p>"
"07-08-chelsea-primera-equipacion","07-08 Chelsea primera equipacion","<p>07-08 Chelsea primera equipacion. Disponible en el catálogo — consigue el contacto del proveedor para pedirla.</p>"
"01-03-chelsea-primera-equipacion","01-03 Chelsea primera equipacion","<p>01-03 Chelsea primera equipacion. Disponible en el catálogo — consigue el contacto del proveedor para pedirla.</p>"
"99-01-chelsea-segunda-equipacion","99-01 Chelsea segunda equipacion","<p>99-01 Chelsea segunda equipacion. Disponible en el catálogo — consigue el contacto del proveedor para pedirla.</p>"
"99-01-chelsea-primera-equipacion","99-01 Chelsea primera equipacion","<p>99-01 Chelsea primera equipacion. Disponible en el catálogo — consigue el contacto del proveedor para pedirla.</p>"
"97-99-chelsea-primera-equipacion","97-99 Chelsea primera equipación","<p>97-99 Chelsea primera equipación. Disponible en el catálogo — consigue el contacto del proveedor para pedirla.</p>"
"02-03-arsenal-primera-equipacion","02-03 Arsenal primera equipacion","<p>02-03 Arsenal primera equipacion. Disponible en el catálogo — consigue el contacto del proveedor para pedirla.</p>"
"98-99-arsenal-primera-equipacion","98-99 Arsenal primera equipacion","<p>98-99 Arsenal primera equipacion. Disponible en el catálogo — consigue el contacto del proveedor para pedirla.</p>"
"96-97-arsenal-primera-equipacion","96-97 Arsenal primera equipacion","<p>96-97 Arsenal primera equipacion. Disponible en el catálogo — consigue el contacto del proveedor para pedirla.</p>"
"96-97-arsenal-segunda-equipacion","96-97 Arsenal segunda equipacion","<p>96-97 Arsenal segunda equipacion. Disponible en el catálogo — consigue el contacto del proveedor para pedirla.</p>"
"94-95-arsenal-segunda-equipacion","94-95 Arsenal segunda equipacion","<p>94-95 Arsenal segunda equipacion. Disponible en el catálogo — consigue el contacto del proveedor para pedirla.</p>"
"93-94-arsenal-segunda-equipacion","93-94 Arsenal segunda equipación","<p>93-94 Arsenal segunda equipación. Disponible en el catálogo — consigue el contacto del proveedor para pedirla.</p>"
"88-90-arsenal-primera-equipacion","88-90 Arsenal primera equipacion","<p>88-90 Arsenal primera equipacion. Disponible en el catálogo — consigue el contacto del proveedor para pedirla.</p>"
"88-90-arsenal-segunda-equipacion","88-90 Arsenal segunda equipacion","<p>88-90 Arsenal segunda equipacion. Disponible en el catálogo — consigue el contacto del proveedor para pedirla.</p>"
"86-88-arsenal-segunda-equipacion","86-88 Arsenal segunda equipacion","<p>86-88 Arsenal segunda equipacion. Disponible en el catálogo — consigue el contacto del proveedor para pedirla.</p>"
"25-26-manchester-city-segunda-equipacion","25-26 Manchester City segunda equipación","<p>25-26 Manchester City segunda equipación. Disponible en el catálogo — consigue el contacto del proveedor para pedirla.</p>"
"18-19-manchester-united-primera-equipacion","18-19 Manchester United primera equipación","<p>18-19 Manchester United primera equipación. Disponible en el catálogo — consigue el contacto del proveedor para pedirla.</p>"
"12-13-manchester-united-segunda-equipacion","12-13 Manchester United segunda equipación","<p>12-13 Manchester United segunda equipación. Disponible en el catálogo — consigue el contacto del proveedor para pedirla.</p>"
"11-12-manchester-united-primera-equipacion","11-12 Manchester United primera equipación","<p>11-12 Manchester United primera equipación. Disponible en el catálogo — consigue el contacto del proveedor para pedirla.</p>"
"10-11-manchester-united-primera-equipacion","10-11 Manchester United primera equipación","<p>10-11 Manchester United primera equipación. Disponible en el catálogo — consigue el contacto del proveedor para pedirla.</p>"
"08-09-manchester-united-tercera-equipacion","08-09 Manchester United tercera equipación","<p>08-09 Manchester United tercera equipación. Disponible en el catálogo — consigue el contacto del proveedor para pedirla.</p>"
"06-07-manchester-united-primera-equipacion","06-07 Manchester United primera equipación","<p>06-07 Manchester United primera equipación. Disponible en el catálogo — consigue el contacto del proveedor para pedirla.</p>"
"04-06-manchester-united-primera-equipacion","04-06 Manchester United primera equipación","<p>04-06 Manchester United primera equipación. Disponible en el catálogo — consigue el contacto del proveedor para pedirla.</p>"
"03-04-manchester-united-segunda-equipacion","03-04 Manchester United segunda equipacion","<p>03-04 Manchester United segunda equipacion. Disponible en el catálogo — consigue el contacto del proveedor para pedirla.</p>"
"02-03-manchester-united-primera-equipacion","02-03 Manchester United primera equipación","<p>02-03 Manchester United primera equipación. Disponible en el catálogo — consigue el contacto del proveedor para pedirla.</p>"
"00-01-manchester-united-segunda-equipacion","00-01 Manchester United segunda equipación","<p>00-01 Manchester United segunda equipación. Disponible en el catálogo — consigue el contacto del proveedor para pedirla.</p>"
"98-99-manchester-united-primera-equipacion","98-99 Manchester United primera equipación","<p>98-99 Manchester United primera equipación. Disponible en el catálogo — consigue el contacto del proveedor para pedirla.</p>"
"94-96-manchester-united-segunda-equipacion","94-96 Manchester United segunda equipacion","<p>94-96 Manchester United segunda equipacion. Disponible en el catálogo — consigue el contacto del proveedor para pedirla.</p>"
"92-94-manchester-united-segunda-equipacion","92-94 Manchester United segunda equipación","<p>92-94 Manchester United segunda equipación. Disponible en el catálogo — consigue el contacto del proveedor para pedirla.</p>"
"99-00-lazio-primera-equipacion-centenario","99-00 Lazio primera equipación centenario","<p>99-00 Lazio primera equipación centenario. Disponible en el catálogo — consigue el contacto del proveedor para pedirla.</p>"
"04-05-inter-de-milan-primera-equipacion","04-05 Inter de Milán primera equipación","<p>04-05 Inter de Milán primera equipación. Disponible en el catálogo — consigue el contacto del proveedor para pedirla.</p>"
"95-96-inter-de-milan-primera-equipacion","95-96 Inter de Milán primera equipación","<p>95-96 Inter de Milán primera equipación. Disponible en el catálogo — consigue el contacto del proveedor para pedirla.</p>"
"15-16-ac-milan-primera-equipacion","15-16 AC Milan primera equipacion","<p>15-16 AC Milan primera equipacion. Disponible en el catálogo — consigue el contacto del proveedor para pedirla.</p>"
"13-14-ac-milan-tercera-equipacion","13-14 AC Milán tercera equipación","<p>13-14 AC Milán tercera equipación. Disponible en el catálogo — consigue el contacto del proveedor para pedirla.</p>"
"13-14-ac-milan-primera-equipacion","13-14 AC Milan primera equipación","<p>13-14 AC Milan primera equipación. Disponible en el catálogo — consigue el contacto del proveedor para pedirla.</p>"
"09-10-ac-milan-primera-equipacion","09-10 AC Milán primera equipación","<p>09-10 AC Milán primera equipación. Disponible en el catálogo — consigue el contacto del proveedor para pedirla.</p>"
"07-08-ac-milan-tercera-equipacion","07-08 AC Milán tercera equipación","<p>07-08 AC Milán tercera equipación. Disponible en el catálogo — consigue el contacto del proveedor para pedirla.</p>"
"07-08-ac-milan-segunda-equipacion","07-08 AC Milán segunda equipación","<p>07-08 AC Milán segunda equipación. Disponible en el catálogo — consigue el contacto del proveedor para pedirla.</p>"
"06-07-ac-milan-segunda-equipacion-manga-larga","06-07 AC Milán segunda equipacion manga larga","<p>06-07 AC Milán segunda equipacion manga larga. Disponible en el catálogo — consigue el contacto del proveedor para pedirla.</p>"
"06-07-ac-milan-primera-equipacion-manga-larga","06-07 AC Milán primera equipación manga larga","<p>06-07 AC Milán primera equipación manga larga. Disponible en el catálogo — consigue el contacto del proveedor para pedirla.</p>"
"98-99-ac-milan-tercera-equipacion","98-99 AC Milán tercera equipación","<p>98-99 AC Milán tercera equipación. Disponible en el catálogo — consigue el contacto del proveedor para pedirla.</p>"
"98-99-ac-milan-primera-equipacion","98-99 AC Milán primera equipación","<p>98-99 AC Milán primera equipación. Disponible en el catálogo — consigue el contacto del proveedor para pedirla.</p>"
"95-96-ac-milan-primera-equipacion","95-96 AC Milán primera equipación","<p>95-96 AC Milán primera equipación. Disponible en el catálogo — consigue el contacto del proveedor para pedirla.</p>"
"93-94-ac-milan-primera-equipacion","93-94 AC Milán primera equipación","<p>93-94 AC Milán primera equipación. Disponible en el catálogo — consigue el contacto del proveedor para pedirla.</p>"
"88-89-ac-milan-primera-equipacion","88-89 AC Milán primera equipación","<p>88-89 AC Milán primera equipación. Disponible en el catálogo — consigue el contacto del proveedor para pedirla.</p>"
"24-25-ac-milan-x-pleasures-equipacion","24-25 AC Milan x Pleasures equipacion","<p>24-25 AC Milan x Pleasures equipacion. Disponible en el catálogo — consigue el contacto del proveedor para pedirla.</p>"
"24-25-ac-milan-primera-equipacion","24-25 AC Milán primera equipación","<p>24-25 AC Milán primera equipación. Disponible en el catálogo — consigue el contacto del proveedor para pedirla.</p>"
"25-26-ac-milan-primera-equipacion","25-26 AC Milán primera equipación","<p>25-26 AC Milán primera equipación. Disponible en el catálogo — consigue el contacto del proveedor para pedirla.</p>"
"25-26-sporting-lisboa-segunda-equipacion","25-26 Sporting Lisboa segunda equipacion","<p>25-26 Sporting Lisboa segunda equipacion. Disponible en el catálogo — consigue el contacto del proveedor para pedirla.</p>"
"25-26-benfica-segunda-equipacion","25-26 Benfica segunda equipacion","<p>25-26 Benfica segunda equipacion. Disponible en el catálogo — consigue el contacto del proveedor para pedirla.</p>"
"99-00-newcastle-segunda-equipacion","99-00 Newcastle segunda equipación","<p>99-00 Newcastle segunda equipación. Disponible en el catálogo — consigue el contacto del proveedor para pedirla.</p>"
"91-93-tottenham-primera-equipacion","91-93 Tottenham primera equipación","<p>91-93 Tottenham primera equipación. Disponible en el catálogo — consigue el contacto del proveedor para pedirla.</p>"
"99-01-west-ham-primera-equipacion","99-01 West Ham primera equipación","<p>99-01 West Ham primera equipación. Disponible en el catálogo — consigue el contacto del proveedor para pedirla.</p>"
"13-14-psg-primera-equipacion","13-14 PSG primera equipacion","<p>13-14 PSG primera equipacion. Disponible en el catálogo — consigue el contacto del proveedor para pedirla.</p>"
"01-02-psg-primera-equipacion","01-02 PSG primera equipacion","<p>01-02 PSG primera equipacion. Disponible en el catálogo — consigue el contacto del proveedor para pedirla.</p>"
"95-96-psg-primera-equipacion","95-96 PSG primera equipacion","<p>95-96 PSG primera equipacion. Disponible en el catálogo — consigue el contacto del proveedor para pedirla.</p>"
"92-93-psg-segunda-equipacion","92-93 PSG segunda equipacion","<p>92-93 PSG segunda equipacion. Disponible en el catálogo — consigue el contacto del proveedor para pedirla.</p>"
"91-92-psg-primera-equipacion","91-92 PSG primera equipación","<p>91-92 PSG primera equipación. Disponible en el catálogo — consigue el contacto del proveedor para pedirla.</p>"
"90-91-olympique-de-marsella-segunda-equipacion","90-91 Olympique de Marsella segunda equipación","<p>90-91 Olympique de Marsella segunda equipación. Disponible en el catálogo — consigue el contacto del proveedor para pedirla.</p>"
"90-91-olympique-de-marsella-primera-equipacion","90-91 Olympique de Marsella primera equipación","<p>90-91 Olympique de Marsella primera equipación. Disponible en el catálogo — consigue el contacto del proveedor para pedirla.</p>"
"98-99-olympique-de-marsella-primera-equipacion","98-99 Olympique de Marsella primera equipación","<p>98-99 Olympique de Marsella primera equipación. Disponible en el catálogo — consigue el contacto del proveedor para pedirla.</p>"
"99-00-valencia-tercera-equipacion","99-00 Valencia tercera equipacion","<p>99-00 Valencia tercera equipacion. Disponible en el catálogo — consigue el contacto del proveedor para pedirla.</p>"
"99-00-valencia-segunda-equipacion","99-00 Valencia segunda equipacion","<p>99-00 Valencia segunda equipacion. Disponible en el catálogo — consigue el contacto del proveedor para pedirla.</p>"
"99-00-valencia-primera-equipacion","99-00 Valencia primera equipacion","<p>99-00 Valencia primera equipacion. Disponible en el catálogo — consigue el contacto del proveedor para pedirla.</p>"
"90-91-real-oviedo-primera-equipacion","90-91 Real Oviedo primera equipacion","<p>90-91 Real Oviedo primera equipacion. Disponible en el catálogo — consigue el contacto del proveedor para pedirla.</p>"
"99-00-rcd-espanyol-primera-equipacion","99-00 RCD Espanyol primera equipacion","<p>99-00 RCD Espanyol primera equipacion. Disponible en el catálogo — consigue el contacto del proveedor para pedirla.</p>"
"98-99-cordoba-segunda-equipacion","98-99 Córdoba segunda equipacion","<p>98-99 Córdoba segunda equipacion. Disponible en el catálogo — consigue el contacto del proveedor para pedirla.</p>"
"95-97-real-betis-primera-equipacion","95-97 Real Betis primera equipacion","<p>95-97 Real Betis primera equipacion. Disponible en el catálogo — consigue el contacto del proveedor para pedirla.</p>"
"19-20-atletico-de-madrid-segunda-equipacion","19-20 Atlético de Madrid segunda equipacion","<p>19-20 Atlético de Madrid segunda equipacion. Disponible en el catálogo — consigue el contacto del proveedor para pedirla.</p>"
"04-05-atletico-de-madrid-segunda-equipacion","04-05 Atlético de Madrid segunda equipacion","<p>04-05 Atlético de Madrid segunda equipacion. Disponible en el catálogo — consigue el contacto del proveedor para pedirla.</p>"
"04-05-atletico-de-madrid-primera-equipacion","04-05 Atlético de Madrid primera equipacion","<p>04-05 Atlético de Madrid primera equipacion. Disponible en el catálogo — consigue el contacto del proveedor para pedirla.</p>"
"98-99-atletico-de-madrid-segunda-equipacion","98-99 Atlético de Madrid segunda equipacion","<p>98-99 Atlético de Madrid segunda equipacion. Disponible en el catálogo — consigue el contacto del proveedor para pedirla.</p>"
"96-97-atletico-de-madrid-segunda-equipacion","96-97 Atlético de Madrid segunda equipacion","<p>96-97 Atlético de Madrid segunda equipacion. Disponible en el catálogo — consigue el contacto del proveedor para pedirla.</p>"
"95-96-atletico-de-madrid-primera-equipacion","95-96 Atlético de Madrid primera equipacion","<p>95-96 Atlético de Madrid primera equipacion. Disponible en el catálogo — consigue el contacto del proveedor para pedirla.</p>"
"94-95-borussia-dortmund-primera-equipacion","94-95 Borussia Dortmund primera equipación","<p>94-95 Borussia Dortmund primera equipación. Disponible en el catálogo — consigue el contacto del proveedor para pedirla.</p>"
"88-89-borussia-dortmund-primera-equipacion","88-89 Borussia Dortmund primera equipación","<p>88-89 Borussia Dortmund primera equipación. Disponible en el catálogo — consigue el contacto del proveedor para pedirla.</p>"
"98-99-bayern-de-munich-segunda-equipacion","98-99 Bayern de Munich segunda equipacion","<p>98-99 Bayern de Munich segunda equipacion. Disponible en el catálogo — consigue el contacto del proveedor para pedirla.</p>"
"95-97-bayern-de-munich-primera-equipacion","95-97 Bayern de Munich primera equipacion","<p>95-97 Bayern de Munich primera equipacion. Disponible en el catálogo — consigue el contacto del proveedor para pedirla.</p>"
"93-95-bayern-de-munich-primera-equipacion","93-95 Bayern de Munich primera equipacion","<p>93-95 Bayern de Munich primera equipacion. Disponible en el catálogo — consigue el contacto del proveedor para pedirla.</p>"
"2004-inglaterra-primera-equipacion","2004 Inglaterra primera equipación","<p>2004 Inglaterra primera equipación. Disponible en el catálogo — consigue el contacto del proveedor para pedirla.</p>"
"1990-inglaterra-inter-segunda-equipacion","""1990 Inglaterra """"INTER"""" segunda equipación""","<p>""1990 Inglaterra """"INTER"""" segunda equipación"". Disponible en el catálogo — consigue el contacto del proveedor para pedirla.</p>"
"1990-seleccion-inglaterra-inter-primera-equipacion","""1990 Selección Inglaterra """"INTER"""" primera equipación""","<p>""1990 Selección Inglaterra """"INTER"""" primera equipación"". Disponible en el catálogo — consigue el contacto del proveedor para pedirla.</p>"
"1990-seleccion-inglaterra-tercera-equipacion","1990 Selección Inglaterra tercera equipación","<p>1990 Selección Inglaterra tercera equipación. Disponible en el catálogo — consigue el contacto del proveedor para pedirla.</p>"
"1996-inglaterra-segunda-equipacion","1996 Inglaterra segunda equipación","<p>1996 Inglaterra segunda equipación. Disponible en el catálogo — consigue el contacto del proveedor para pedirla.</p>"
"1996-inglaterra-primera-equipacion","1996 Inglaterra primera equipación","<p>1996 Inglaterra primera equipación. Disponible en el catálogo — consigue el contacto del proveedor para pedirla.</p>"
"2014-holanda-primera-equipacion","2014 Holanda primera equipación","<p>2014 Holanda primera equipación. Disponible en el catálogo — consigue el contacto del proveedor para pedirla.</p>"
"2014-holanda-segunda-equipacion","2014 Holanda segunda equipación","<p>2014 Holanda segunda equipación. Disponible en el catálogo — consigue el contacto del proveedor para pedirla.</p>"
"2010-holanda-primera-equipacion","2010 Holanda primera equipación","<p>2010 Holanda primera equipación. Disponible en el catálogo — consigue el contacto del proveedor para pedirla.</p>"
"2004-holanda-segunda-equipacion","2004 Holanda segunda equipación","<p>2004 Holanda segunda equipación. Disponible en el catálogo — consigue el contacto del proveedor para pedirla.</p>"
"2004-holanda-primera-equipacion","2004 Holanda primera equipación","<p>2004 Holanda primera equipación. Disponible en el catálogo — consigue el contacto del proveedor para pedirla.</p>"
"2000-holanda-primera-equipacion","2000 Holanda primera equipación","<p>2000 Holanda primera equipación. Disponible en el catálogo — consigue el contacto del proveedor para pedirla.</p>"
"1998-holanda-segunda-equipacion","1998 Holanda segunda equipación","<p>1998 Holanda segunda equipación. Disponible en el catálogo — consigue el contacto del proveedor para pedirla.</p>"
"1998-holanda-primera-equipacion-manga-larga","1998 Holanda primera equipación manga larga","<p>1998 Holanda primera equipación manga larga. Disponible en el catálogo — consigue el contacto del proveedor para pedirla.</p>"
"1996-holanda-primera-equipacion","1996 Holanda primera equipación","<p>1996 Holanda primera equipación. Disponible en el catálogo — consigue el contacto del proveedor para pedirla.</p>"
"1988-holanda-primera-equipacion","1988 Holanda primera equipación","<p>1988 Holanda primera equipación. Disponible en el catálogo — consigue el contacto del proveedor para pedirla.</p>"
"2025-francia-primera-equipacion","2025 Francia primera equipación","<p>2025 Francia primera equipación. Disponible en el catálogo — consigue el contacto del proveedor para pedirla.</p>"
"1990-francia-primera-equipacion","1990 Francia primera equipación","<p>1990 Francia primera equipación. Disponible en el catálogo — consigue el contacto del proveedor para pedirla.</p>"
"1984-francia-primera-equipacion","1984 Francia primera equipación","<p>1984 Francia primera equipación. Disponible en el catálogo — consigue el contacto del proveedor para pedirla.</p>"
"2012-brasil-primera-equipacion","2012 Brasil primera equipación","<p>2012 Brasil primera equipación. Disponible en el catálogo — consigue el contacto del proveedor para pedirla.</p>"
"2014-brasil-equipacion-5-estrellas","2014 Brasil equipación 5 estrellas","<p>2014 Brasil equipación 5 estrellas. Disponible en el catálogo — consigue el contacto del proveedor para pedirla.</p>"
"2014-brasil-segunda-equipacion","2014 Brasil segunda equipación","<p>2014 Brasil segunda equipación. Disponible en el catálogo — consigue el contacto del proveedor para pedirla.</p>"
"2014-brasil-primera-equipacion","2014 Brasil primera equipación","<p>2014 Brasil primera equipación. Disponible en el catálogo — consigue el contacto del proveedor para pedirla.</p>"
"2010-brasil-segunda-equipacion","2010 Brasil segunda equipación","<p>2010 Brasil segunda equipación. Disponible en el catálogo — consigue el contacto del proveedor para pedirla.</p>"
"2010-brasil-primera-equipacion","2010 Brasil primera equipación","<p>2010 Brasil primera equipación. Disponible en el catálogo — consigue el contacto del proveedor para pedirla.</p>"
"2006-brasil-primera-equipacion-manga-larga","2006 Brasil primera equipación manga larga","<p>2006 Brasil primera equipación manga larga. Disponible en el catálogo — consigue el contacto del proveedor para pedirla.</p>"
"2006-brasil-primera-equipacion","2006 Brasil primera equipación","<p>2006 Brasil primera equipación. Disponible en el catálogo — consigue el contacto del proveedor para pedirla.</p>"
"2006-brasil-segunda-equipacion","2006 Brasil segunda equipación","<p>2006 Brasil segunda equipación. Disponible en el catálogo — consigue el contacto del proveedor para pedirla.</p>"
"2004-brasil-segunda-equipacion","2004 Brasil segunda equipación","<p>2004 Brasil segunda equipación. Disponible en el catálogo — consigue el contacto del proveedor para pedirla.</p>"
"2004-brasil-primera-equipacion","2004 Brasil primera equipación","<p>2004 Brasil primera equipación. Disponible en el catálogo — consigue el contacto del proveedor para pedirla.</p>"
"2002-brasil-primera-equipacion","2002 Brasil primera equipación","<p>2002 Brasil primera equipación. Disponible en el catálogo — consigue el contacto del proveedor para pedirla.</p>"
"2002-brasil-primera-equipacion-manga-larga","2002 Brasil primera equipación manga larga","<p>2002 Brasil primera equipación manga larga. Disponible en el catálogo — consigue el contacto del proveedor para pedirla.</p>"
"2002-brasil-segunda-equipacion-manga-larga","2002 Brasil segunda equipación manga larga","<p>2002 Brasil segunda equipación manga larga. Disponible en el catálogo — consigue el contacto del proveedor para pedirla.</p>"
"1998-brasil-segunda-equipacion-manga-larga","1998 Brasil segunda equipación manga larga","<p>1998 Brasil segunda equipación manga larga. Disponible en el catálogo — consigue el contacto del proveedor para pedirla.</p>"
"1998-brasil-primera-equipacion","1998 Brasil primera equipación","<p>1998 Brasil primera equipación. Disponible en el catálogo — consigue el contacto del proveedor para pedirla.</p>"
"1997-brasil-primera-equipacion","1997 Brasil primera equipación","<p>1997 Brasil primera equipación. Disponible en el catálogo — consigue el contacto del proveedor para pedirla.</p>"
"1997-brasil-segunda-equipacion","1997 Brasil segunda equipación","<p>1997 Brasil segunda equipación. Disponible en el catálogo — consigue el contacto del proveedor para pedirla.</p>"
"1996-brasil-segunda-equipacion","1996 Brasil segunda equipación","<p>1996 Brasil segunda equipación. Disponible en el catálogo — consigue el contacto del proveedor para pedirla.</p>"
"1996-brasil-primera-equipacion","1996 Brasil primera equipación","<p>1996 Brasil primera equipación. Disponible en el catálogo — consigue el contacto del proveedor para pedirla.</p>"
"1992-brasil-primera-equipacion","1992 Brasil primera equipación","<p>1992 Brasil primera equipación. Disponible en el catálogo — consigue el contacto del proveedor para pedirla.</p>"
"1970-brasil-primera-equipacion","1970 Brasil primera equipación","<p>1970 Brasil primera equipación. Disponible en el catálogo — consigue el contacto del proveedor para pedirla.</p>"
"2025-argentina-primera-equipacion","2025 Argentina primera equipación","<p>2025 Argentina primera equipación. Disponible en el catálogo — consigue el contacto del proveedor para pedirla.</p>"
"1996-argentina-segunda-equipacion","1996 Argentina segunda equipacion","<p>1996 Argentina segunda equipacion. Disponible en el catálogo — consigue el contacto del proveedor para pedirla.</p>"
"1996-argentina-primera-equipacion","1996 Argentina primera equipacion","<p>1996 Argentina primera equipacion. Disponible en el catálogo — consigue el contacto del proveedor para pedirla.</p>"
"1986-argentina-primera-equipacion","1986 Argentina primera equipación","<p>1986 Argentina primera equipación. Disponible en el catálogo — consigue el contacto del proveedor para pedirla.</p>"
"1994-alemania-primera-equipacion","1994 Alemania primera equipación","<p>1994 Alemania primera equipación. Disponible en el catálogo — consigue el contacto del proveedor para pedirla.</p>"
"1998-japon-portero-primera-equipacion-manga-larga","1998 Japón portero primera equipación manga larga","<p>1998 Japón portero primera equipación manga larga. Disponible en el catálogo — consigue el contacto del proveedor para pedirla.</p>"
"1998-japon-segunda-equipacion","1998 Japón segunda equipación","<p>1998 Japón segunda equipación. Disponible en el catálogo — consigue el contacto del proveedor para pedirla.</p>"
"1998-mexico-segunda-equipacion","1998 México segunda equipación","<p>1998 México segunda equipación. Disponible en el catálogo — consigue el contacto del proveedor para pedirla.</p>"
"1970-mexico-primera-equipacion","1970 México primera equipación","<p>1970 México primera equipación. Disponible en el catálogo — consigue el contacto del proveedor para pedirla.</p>"
"1996-turquia-segunda-equipacion","1996 Turquía segunda equipación","<p>1996 Turquía segunda equipación. Disponible en el catálogo — consigue el contacto del proveedor para pedirla.</p>"
"1996-turquia-primera-equipacion","1996 Turquía primera equipación","<p>1996 Turquía primera equipación. Disponible en el catálogo — consigue el contacto del proveedor para pedirla.</p>"
"2012-espana-segunda-equipacion","2012 España segunda equipacion","<p>2012 España segunda equipacion. Disponible en el catálogo — consigue el contacto del proveedor para pedirla.</p>"
"2012-espana-primera-equipacion","2012 España primera equipacion","<p>2012 España primera equipacion. Disponible en el catálogo — consigue el contacto del proveedor para pedirla.</p>"
"2010-espana-portero-primera-equipacion","2010 España portero primera equipación","<p>2010 España portero primera equipación. Disponible en el catálogo — consigue el contacto del proveedor para pedirla.</p>"
"2010-espana-segunda-equipacion","2010 España segunda equipación","<p>2010 España segunda equipación. Disponible en el catálogo — consigue el contacto del proveedor para pedirla.</p>"
"2010-espana-primera-equipacion","2010 España primera equipacion","<p>2010 España primera equipacion. Disponible en el catálogo — consigue el contacto del proveedor para pedirla.</p>"
"2008-espana-segunda-equipacion","2008 España segunda equipacion","<p>2008 España segunda equipacion. Disponible en el catálogo — consigue el contacto del proveedor para pedirla.</p>"
"2008-espana-primera-equipacion","2008 España primera equipacion","<p>2008 España primera equipacion. Disponible en el catálogo — consigue el contacto del proveedor para pedirla.</p>"
"2002-espana-primera-equipacion","2002 España primera equipacion","<p>2002 España primera equipacion. Disponible en el catálogo — consigue el contacto del proveedor para pedirla.</p>"
"2000-espana-segunda-equipacion","2000 España segunda equipacion","<p>2000 España segunda equipacion. Disponible en el catálogo — consigue el contacto del proveedor para pedirla.</p>"
"2000-espana-primera-equipacion","2000 España primera equipación","<p>2000 España primera equipación. Disponible en el catálogo — consigue el contacto del proveedor para pedirla.</p>"
"1998-espana-segunda-equipacion","1998 España segunda equipación","<p>1998 España segunda equipación. Disponible en el catálogo — consigue el contacto del proveedor para pedirla.</p>"
"1998-espana-primera-equipacion","1998 España primera equipacion","<p>1998 España primera equipacion. Disponible en el catálogo — consigue el contacto del proveedor para pedirla.</p>"
"1996-espana-primera-equipacion","1996 España primera equipacion","<p>1996 España primera equipacion. Disponible en el catálogo — consigue el contacto del proveedor para pedirla.</p>"
"1994-espana-primera-equipacion","1994 España primera equipación","<p>1994 España primera equipación. Disponible en el catálogo — consigue el contacto del proveedor para pedirla.</p>"
"1994-espana-segunda-equipacion","1994 España segunda equipacion","<p>1994 España segunda equipacion. Disponible en el catálogo — consigue el contacto del proveedor para pedirla.</p>"
"25-26-ac-milan-tercera-equipacion","25-26 AC Milán tercera equipación","<p>25-26 AC Milán tercera equipación. Disponible en el catálogo — consigue el contacto del proveedor para pedirla.</p>"
"25-26-manchester-united-segunda-equipacion","25-26 Manchester United segunda equipación","<p>25-26 Manchester United segunda equipación. Disponible en el catálogo — consigue el contacto del proveedor para pedirla.</p>"
"25-26-manchester-united-primera-equipacion","25-26 Manchester United primera equipación","<p>25-26 Manchester United primera equipación. Disponible en el catálogo — consigue el contacto del proveedor para pedirla.</p>"
"25-26-manchester-city-tercera-equipacion","25-26 Manchester City tercera equipación","<p>25-26 Manchester City tercera equipación. Disponible en el catálogo — consigue el contacto del proveedor para pedirla.</p>"
"25-26-roma-primera-equipacion","25-26 Roma primera equipación","<p>25-26 Roma primera equipación. Disponible en el catálogo — consigue el contacto del proveedor para pedirla.</p>"
"25-26-bayern-de-munich-segunda-equipacion","25-26 Bayern de Munich segunda equipacion","<p>25-26 Bayern de Munich segunda equipacion. Disponible en el catálogo — consigue el contacto del proveedor para pedirla.</p>"
"25-26-bayern-de-munich-primera-equipacion","25-26 Bayern de Munich primera equipación","<p>25-26 Bayern de Munich primera equipación. Disponible en el catálogo — consigue el contacto del proveedor para pedirla.</p>"
"25-26-inter-de-milan-segunda-equipacion","25-26 Inter de Milán segunda equipación","<p>25-26 Inter de Milán segunda equipación. Disponible en el catálogo — consigue el contacto del proveedor para pedirla.</p>"
"25-26-olympique-de-marsella-segunda-equipacion","25-26 Olympique de Marsella segunda equipación","<p>25-26 Olympique de Marsella segunda equipación. Disponible en el catálogo — consigue el contacto del proveedor para pedirla.</p>"
"25-26-borussia-dortmund-primera-equipacion","25-26 Borussia Dortmund primera equipacion","<p>25-26 Borussia Dortmund primera equipacion. Disponible en el catálogo — consigue el contacto del proveedor para pedirla.</p>"
"24-25-psg-primera-equipacion","24-25 PSG primera equipación","<p>24-25 PSG primera equipación. Disponible en el catálogo — consigue el contacto del proveedor para pedirla.</p>"
"camiseta-especial-arsenal-blanca","Camiseta Especial Arsenal Blanca","<p>Camiseta Especial Arsenal Blanca. Disponible en el catálogo — consigue el contacto del proveedor para pedirla.</p>"
"camiseta-especial-oporto-dragon-roja","Camiseta Especial Oporto Dragon roja","<p>Camiseta Especial Oporto Dragon roja. Disponible en el catálogo — consigue el contacto del proveedor para pedirla.</p>"
"camiseta-especial-mexico-aguila","Camiseta Especial Mexico Aguila","<p>Camiseta Especial Mexico Aguila. Disponible en el catálogo — consigue el contacto del proveedor para pedirla.</p>"
"camiseta-especial-manchester-united-morada","Camiseta Especial Manchester United Morada","<p>Camiseta Especial Manchester United Morada. Disponible en el catálogo — consigue el contacto del proveedor para pedirla.</p>"
"camiseta-especial-celta-de-vigo-centenario-blanca","Camiseta Especial Celta de Vigo centenario Blanca","<p>Camiseta Especial Celta de Vigo centenario Blanca. Disponible en el catálogo — consigue el contacto del proveedor para pedirla.</p>"
"camiseta-especial-real-madrid-dragon","Camiseta Especial Real Madrid Dragon","<p>Camiseta Especial Real Madrid Dragon. Disponible en el catálogo — consigue el contacto del proveedor para pedirla.</p>"
"25-26-tottenham-primera-equipacion","25-26 Tottenham primera equipación","<p>25-26 Tottenham primera equipación. Disponible en el catálogo — consigue el contacto del proveedor para pedirla.</p>"
"camiseta-especial-santos-rosa","Camiseta Especial Santos Rosa","<p>Camiseta Especial Santos Rosa. Disponible en el catálogo — consigue el contacto del proveedor para pedirla.</p>"
"camiseta-especial-santos-7k","Camiseta Especial Santos 7k","<p>Camiseta Especial Santos 7k. Disponible en el catálogo — consigue el contacto del proveedor para pedirla.</p>"
"camiseta-especial-real-madrid-vikingo","Camiseta Especial Real Madrid Vikingo","<p>Camiseta Especial Real Madrid Vikingo. Disponible en el catálogo — consigue el contacto del proveedor para pedirla.</p>"
"camiseta-especial-borussia-dortmund","Camiseta Especial Borussia Dortmund","<p>Camiseta Especial Borussia Dortmund. Disponible en el catálogo — consigue el contacto del proveedor para pedirla.</p>"
"camiseta-betis-x-naruto","Camiseta Betis x Naruto","<p>Camiseta Betis x Naruto. Disponible en el catálogo — consigue el contacto del proveedor para pedirla.</p>"
"camiseta-de-argelia-edicion-tradicional","Camiseta de Argelia Edición Tradicional","<p>Camiseta de Argelia Edición Tradicional. Disponible en el catálogo — consigue el contacto del proveedor para pedirla.</p>"
"25-26-tottenham-segunda-equipacion","25-26 Tottenham segunda equipación","<p>25-26 Tottenham segunda equipación. Disponible en el catálogo — consigue el contacto del proveedor para pedirla.</p>"
"25-26-inter-de-milan-primera-equipacion","25-26 Inter de Milán primera equipación","<p>25-26 Inter de Milán primera equipación. Disponible en el catálogo — consigue el contacto del proveedor para pedirla.</p>"
"25-26-tottenham-primera-equipacion-manga-larga","25-26 Tottenham primera equipación manga larga","<p>25-26 Tottenham primera equipación manga larga. Disponible en el catálogo — consigue el contacto del proveedor para pedirla.</p>"
"25-26-manchester-city-segunda-equipacion-mundial-de-clubes-manga-larga","25-26 Manchester City segunda equipación mundial de clubes manga larga","<p>25-26 Manchester City segunda equipación mundial de clubes manga larga. Disponible en el catálogo — consigue el contacto del proveedor para pedirla.</p>"
"25-26-manchester-city-primera-equipacion-manga-larga","25-26 Manchester City primera equipación manga larga","<p>25-26 Manchester City primera equipación manga larga. Disponible en el catálogo — consigue el contacto del proveedor para pedirla.</p>"
"25-26-brighton-segunda-equipacion","25-26 Brighton segunda equipación","<p>25-26 Brighton segunda equipación. Disponible en el catálogo — consigue el contacto del proveedor para pedirla.</p>"
"25-26-olympique-de-lyon-primera-equipacion","25-26 Olympique de Lyon primera equipación","<p>25-26 Olympique de Lyon primera equipación. Disponible en el catálogo — consigue el contacto del proveedor para pedirla.</p>"
"25-26-villarreal-primera-equipacion","25-26 Villarreal primera equipacion","<p>25-26 Villarreal primera equipacion. Disponible en el catálogo — consigue el contacto del proveedor para pedirla.</p>"
"25-26-real-madrid-primera-equipacion","25-26 Real Madrid primera equipación","<p>25-26 Real Madrid primera equipación. Disponible en el catálogo — consigue el contacto del proveedor para pedirla.</p>"
"25-26-real-madrid-primera-equipacion-manga-larga","25-26 Real Madrid primera equipación manga larga","<p>25-26 Real Madrid primera equipación manga larga. Disponible en el catálogo — consigue el contacto del proveedor para pedirla.</p>"
"25-26-real-madrid-segunda-equipacion","25-26 Real Madrid segunda equipación","<p>25-26 Real Madrid segunda equipación. Disponible en el catálogo — consigue el contacto del proveedor para pedirla.</p>"
"25-26-real-madrid-portero-primera-equipacion","25-26 Real Madrid portero primera equipación","<p>25-26 Real Madrid portero primera equipación. Disponible en el catálogo — consigue el contacto del proveedor para pedirla.</p>"
"25-26-real-betis-primera-equipacion","25-26 Real Betis primera equipacion","<p>25-26 Real Betis primera equipacion. Disponible en el catálogo — consigue el contacto del proveedor para pedirla.</p>"
"25-26-real-madrid-tercera-equipacion-manga-larga","25-26 Real Madrid tercera equipación manga larga","<p>25-26 Real Madrid tercera equipación manga larga. Disponible en el catálogo — consigue el contacto del proveedor para pedirla.</p>"
"25-26-real-betis-tercera-equipacion","25-26 Real Betis tercera equipación","<p>25-26 Real Betis tercera equipación. Disponible en el catálogo — consigue el contacto del proveedor para pedirla.</p>"
"25-26-real-betis-segunda-equipacion","25-26 Real Betis segunda equipación","<p>25-26 Real Betis segunda equipación. Disponible en el catálogo — consigue el contacto del proveedor para pedirla.</p>"
"25-26-atletico-de-madrid-segunda-equipacion","25-26 Atlético de Madrid segunda equipación","<p>25-26 Atlético de Madrid segunda equipación. Disponible en el catálogo — consigue el contacto del proveedor para pedirla.</p>"
"25-26-atletico-de-madrid-primera-equipacion","25-26 Atlético de Madrid primera equipación","<p>25-26 Atlético de Madrid primera equipación. Disponible en el catálogo — consigue el contacto del proveedor para pedirla.</p>"
"24-25-atletico-de-madrid-segunda-equipacion","24-25 Atlético de Madrid segunda equipacion","<p>24-25 Atlético de Madrid segunda equipacion. Disponible en el catálogo — consigue el contacto del proveedor para pedirla.</p>"
"24-25-atletico-de-madrid-primera-equipacion","24-25 Atlético de Madrid primera equipacion","<p>24-25 Atlético de Madrid primera equipacion. Disponible en el catálogo — consigue el contacto del proveedor para pedirla.</p>"
"25-26-real-oviedo-primera-equipacion","25-26 Real Oviedo primera equipacion","<p>25-26 Real Oviedo primera equipacion. Disponible en el catálogo — consigue el contacto del proveedor para pedirla.</p>"
"24-25-barca-primera-equipacion","24-25 Barça primera equipación","<p>24-25 Barça primera equipación. Disponible en el catálogo — consigue el contacto del proveedor para pedirla.</p>"
"24-25-real-madrid-tercera-equipacion","24-25 Real Madrid tercera equipación","<p>24-25 Real Madrid tercera equipación. Disponible en el catálogo — consigue el contacto del proveedor para pedirla.</p>"
"24-25-real-madrid-segunda-equipacion","24-25 Real Madrid segunda equipación","<p>24-25 Real Madrid segunda equipación. Disponible en el catálogo — consigue el contacto del proveedor para pedirla.</p>"
"24-25-real-madrid-primera-equipacion","24-25 Real Madrid primera equipación","<p>24-25 Real Madrid primera equipación. Disponible en el catálogo — consigue el contacto del proveedor para pedirla.</p>"
"12-13-barcelona-segunda-equipacion","12-13 Barcelona segunda equipación","<p>12-13 Barcelona segunda equipación. Disponible en el catálogo — consigue el contacto del proveedor para pedirla.</p>"
"11-12-barca-primera-equipacion","11-12 Barça primera equipación","<p>11-12 Barça primera equipación. Disponible en el catálogo — consigue el contacto del proveedor para pedirla.</p>"
"05-06-barca-segunda-equipacion","05-06 Barça segunda equipación","<p>05-06 Barça segunda equipación. Disponible en el catálogo — consigue el contacto del proveedor para pedirla.</p>"
"01-02-barca-primera-equipacion","01-02 Barça primera equipación","<p>01-02 Barça primera equipación. Disponible en el catálogo — consigue el contacto del proveedor para pedirla.</p>"
"23-24-real-madrid-tercera-equipacion","23-24 Real Madrid tercera equipación","<p>23-24 Real Madrid tercera equipación. Disponible en el catálogo — consigue el contacto del proveedor para pedirla.</p>"
"23-24-real-madrid-segunda-equipacion","23-24 Real Madrid segunda equipación","<p>23-24 Real Madrid segunda equipación. Disponible en el catálogo — consigue el contacto del proveedor para pedirla.</p>"
"23-24-real-madrid-primera-equipacion","23-24 Real Madrid primera equipación","<p>23-24 Real Madrid primera equipación. Disponible en el catálogo — consigue el contacto del proveedor para pedirla.</p>"
"22-23-real-madrid-tercera-equipacion","22-23 Real Madrid tercera equipación","<p>22-23 Real Madrid tercera equipación. Disponible en el catálogo — consigue el contacto del proveedor para pedirla.</p>"
"22-23-real-madrid-segunda-equipacion","22-23 Real Madrid segunda equipación","<p>22-23 Real Madrid segunda equipación. Disponible en el catálogo — consigue el contacto del proveedor para pedirla.</p>"
"22-23-real-madrid-equipacion-especial-marcelo","22-23 Real Madrid equipación especial MARCELO","<p>22-23 Real Madrid equipación especial MARCELO. Disponible en el catálogo — consigue el contacto del proveedor para pedirla.</p>"
"21-22-real-madrid-tercera-equipacion","21-22 Real Madrid tercera equipación","<p>21-22 Real Madrid tercera equipación. Disponible en el catálogo — consigue el contacto del proveedor para pedirla.</p>"
"21-22-real-madrid-segunda-equipacion","21-22 Real Madrid segunda equipación","<p>21-22 Real Madrid segunda equipación. Disponible en el catálogo — consigue el contacto del proveedor para pedirla.</p>"
"21-22-real-madrid-primera-equipacion","21-22 Real Madrid primera equipación","<p>21-22 Real Madrid primera equipación. Disponible en el catálogo — consigue el contacto del proveedor para pedirla.</p>"
"20-21-real-madrid-tercera-equipacion","20-21 Real Madrid tercera equipación","<p>20-21 Real Madrid tercera equipación. Disponible en el catálogo — consigue el contacto del proveedor para pedirla.</p>"
"20-21-real-madrid-segunda-equipacion","20-21 Real Madrid segunda equipación","<p>20-21 Real Madrid segunda equipación. Disponible en el catálogo — consigue el contacto del proveedor para pedirla.</p>"
"20-21-real-madrid-primera-equipacion","20-21 Real Madrid primera equipación","<p>20-21 Real Madrid primera equipación. Disponible en el catálogo — consigue el contacto del proveedor para pedirla.</p>"
"19-20-real-madrid-tercera-equipacion","19-20 Real Madrid tercera equipación","<p>19-20 Real Madrid tercera equipación. Disponible en el catálogo — consigue el contacto del proveedor para pedirla.</p>"
"19-20-real-madrid-segunda-equipacion","19-20 Real Madrid segunda equipación","<p>19-20 Real Madrid segunda equipación. Disponible en el catálogo — consigue el contacto del proveedor para pedirla.</p>"
"19-20-real-madrid-primera-equipacion","19-20 Real Madrid primera equipación","<p>19-20 Real Madrid primera equipación. Disponible en el catálogo — consigue el contacto del proveedor para pedirla.</p>"
"18-19-real-madrid-tercera-equipacion","18-19 Real Madrid tercera equipación","<p>18-19 Real Madrid tercera equipación. Disponible en el catálogo — consigue el contacto del proveedor para pedirla.</p>"
"18-19-real-madrid-segunda-equipacion","18-19 Real Madrid segunda equipación","<p>18-19 Real Madrid segunda equipación. Disponible en el catálogo — consigue el contacto del proveedor para pedirla.</p>"
"18-19-real-madrid-primera-equipacion","18-19 Real Madrid primera equipación","<p>18-19 Real Madrid primera equipación. Disponible en el catálogo — consigue el contacto del proveedor para pedirla.</p>"
"17-18-real-madrid-tercera-equipacion","17-18 Real Madrid tercera equipación","<p>17-18 Real Madrid tercera equipación. Disponible en el catálogo — consigue el contacto del proveedor para pedirla.</p>"
"17-18-real-madrid-segunda-equipacion","17-18 Real Madrid segunda equipación","<p>17-18 Real Madrid segunda equipación. Disponible en el catálogo — consigue el contacto del proveedor para pedirla.</p>"
"16-17-real-madrid-tercera-equipacion","16-17 Real Madrid tercera equipación","<p>16-17 Real Madrid tercera equipación. Disponible en el catálogo — consigue el contacto del proveedor para pedirla.</p>"
"16-17-real-madrid-segunda-equipacion","16-17 Real Madrid segunda equipación","<p>16-17 Real Madrid segunda equipación. Disponible en el catálogo — consigue el contacto del proveedor para pedirla.</p>"
"16-17-real-madrid-primera-equipacion","16-17 Real Madrid primera equipación","<p>16-17 Real Madrid primera equipación. Disponible en el catálogo — consigue el contacto del proveedor para pedirla.</p>"
"15-16-real-madrid-tercera-equipacion","15-16 Real Madrid tercera equipación","<p>15-16 Real Madrid tercera equipación. Disponible en el catálogo — consigue el contacto del proveedor para pedirla.</p>"
"15-16-real-madrid-segunda-equipacion","15-16 Real Madrid segunda equipación","<p>15-16 Real Madrid segunda equipación. Disponible en el catálogo — consigue el contacto del proveedor para pedirla.</p>"
"15-16-real-madrid-primera-equipacion","15-16 Real Madrid primera equipación","<p>15-16 Real Madrid primera equipación. Disponible en el catálogo — consigue el contacto del proveedor para pedirla.</p>"
"14-15-real-madrid-primera-equipacion","14-15 Real Madrid primera equipación","<p>14-15 Real Madrid primera equipación. Disponible en el catálogo — consigue el contacto del proveedor para pedirla.</p>"
"13-14-real-madrid-tercera-equipacion","13-14 Real Madrid tercera equipación","<p>13-14 Real Madrid tercera equipación. Disponible en el catálogo — consigue el contacto del proveedor para pedirla.</p>"
"13-14-real-madrid-segunda-equipacion","13-14 Real Madrid segunda equipación","<p>13-14 Real Madrid segunda equipación. Disponible en el catálogo — consigue el contacto del proveedor para pedirla.</p>"
"13-14-real-madrid-primera-equipacion","13-14 Real Madrid primera equipación","<p>13-14 Real Madrid primera equipación. Disponible en el catálogo — consigue el contacto del proveedor para pedirla.</p>"
"12-13-real-madrid-tercera-equipacion","12-13 Real Madrid tercera equipación","<p>12-13 Real Madrid tercera equipación. Disponible en el catálogo — consigue el contacto del proveedor para pedirla.</p>"
"12-13-real-madrid-segunda-equipacion","12-13 Real Madrid segunda equipación","<p>12-13 Real Madrid segunda equipación. Disponible en el catálogo — consigue el contacto del proveedor para pedirla.</p>"
"12-13-real-madrid-primera-equipacion","12-13 Real Madrid primera equipación","<p>12-13 Real Madrid primera equipación. Disponible en el catálogo — consigue el contacto del proveedor para pedirla.</p>"
"11-12-real-madrid-tercera-equipacion","11-12 Real Madrid tercera equipación","<p>11-12 Real Madrid tercera equipación. Disponible en el catálogo — consigue el contacto del proveedor para pedirla.</p>"
"11-12-real-madrid-segunda-equipacion","11-12 Real Madrid segunda equipación","<p>11-12 Real Madrid segunda equipación. Disponible en el catálogo — consigue el contacto del proveedor para pedirla.</p>"
"11-12-real-madrid-primera-equipacion","11-12 Real Madrid primera equipación","<p>11-12 Real Madrid primera equipación. Disponible en el catálogo — consigue el contacto del proveedor para pedirla.</p>"
"10-11-real-madrid-segunda-equipacion","10-11 Real Madrid segunda equipación","<p>10-11 Real Madrid segunda equipación. Disponible en el catálogo — consigue el contacto del proveedor para pedirla.</p>"
"10-11-real-madrid-primera-equipacion","10-11 Real Madrid primera equipación","<p>10-11 Real Madrid primera equipación. Disponible en el catálogo — consigue el contacto del proveedor para pedirla.</p>"
"09-10-real-madrid-segunda-equipacion","09-10 Real Madrid segunda equipación","<p>09-10 Real Madrid segunda equipación. Disponible en el catálogo — consigue el contacto del proveedor para pedirla.</p>"
"09-10-real-madrid-primera-equipacion","09-10 Real Madrid primera equipación","<p>09-10 Real Madrid primera equipación. Disponible en el catálogo — consigue el contacto del proveedor para pedirla.</p>"
"08-09-real-madrid-primera-equipacion","08-09 Real Madrid primera equipación","<p>08-09 Real Madrid primera equipación. Disponible en el catálogo — consigue el contacto del proveedor para pedirla.</p>"
"07-08-real-madrid-primera-equipacion","07-08 Real Madrid primera equipación","<p>07-08 Real Madrid primera equipación. Disponible en el catálogo — consigue el contacto del proveedor para pedirla.</p>"
"06-07-real-madrid-tercera-equipacion","06-07 Real Madrid tercera equipación","<p>06-07 Real Madrid tercera equipación. Disponible en el catálogo — consigue el contacto del proveedor para pedirla.</p>"
"06-07-real-madrid-segunda-equipacion","06-07 Real Madrid segunda equipación","<p>06-07 Real Madrid segunda equipación. Disponible en el catálogo — consigue el contacto del proveedor para pedirla.</p>"
"06-07-real-madrid-primera-equipacion","06-07 Real Madrid primera equipación","<p>06-07 Real Madrid primera equipación. Disponible en el catálogo — consigue el contacto del proveedor para pedirla.</p>"
"05-06-real-madrid-segunda-equipacion","05-06 Real Madrid segunda equipación","<p>05-06 Real Madrid segunda equipación. Disponible en el catálogo — consigue el contacto del proveedor para pedirla.</p>"
"05-06-real-madrid-primera-equipacion","05-06 Real Madrid primera equipación","<p>05-06 Real Madrid primera equipación. Disponible en el catálogo — consigue el contacto del proveedor para pedirla.</p>"
"04-05-real-madrid-segunda-equipacion","04-05 Real Madrid segunda equipación","<p>04-05 Real Madrid segunda equipación. Disponible en el catálogo — consigue el contacto del proveedor para pedirla.</p>"
"03-04-real-madrid-segunda-equipacion","03-04 Real Madrid segunda equipación","<p>03-04 Real Madrid segunda equipación. Disponible en el catálogo — consigue el contacto del proveedor para pedirla.</p>"
"03-04-real-madrid-primera-equipacion","03-04 Real Madrid primera equipación","<p>03-04 Real Madrid primera equipación. Disponible en el catálogo — consigue el contacto del proveedor para pedirla.</p>"
"02-03-real-madrid-segunda-equipacion","02-03 Real Madrid segunda equipación","<p>02-03 Real Madrid segunda equipación. Disponible en el catálogo — consigue el contacto del proveedor para pedirla.</p>"
"02-03-real-madrid-primera-equipacion","02-03 Real Madrid primera equipación","<p>02-03 Real Madrid primera equipación. Disponible en el catálogo — consigue el contacto del proveedor para pedirla.</p>"
"01-02-real-madrid-segunda-equipacion","01-02 Real Madrid segunda equipación","<p>01-02 Real Madrid segunda equipación. Disponible en el catálogo — consigue el contacto del proveedor para pedirla.</p>"
"01-02-real-madrid-primera-equipacion","01-02 Real Madrid primera equipación","<p>01-02 Real Madrid primera equipación. Disponible en el catálogo — consigue el contacto del proveedor para pedirla.</p>"
"00-01-real-madrid-primera-equipacion","00-01 Real Madrid primera equipación","<p>00-01 Real Madrid primera equipación. Disponible en el catálogo — consigue el contacto del proveedor para pedirla.</p>"
"99-01-real-madrid-segunda-equipacion","99-01 Real Madrid segunda equipación","<p>99-01 Real Madrid segunda equipación. Disponible en el catálogo — consigue el contacto del proveedor para pedirla.</p>"
"98-99-real-madrid-tercera-equipacion","98-99 Real Madrid tercera equipación","<p>98-99 Real Madrid tercera equipación. Disponible en el catálogo — consigue el contacto del proveedor para pedirla.</p>"
"98-99-real-madrid-segunda-equipacion","98-99 Real Madrid segunda equipación","<p>98-99 Real Madrid segunda equipación. Disponible en el catálogo — consigue el contacto del proveedor para pedirla.</p>"
"97-98-real-madrid-tercera-equipacion","97-98 Real Madrid tercera equipación","<p>97-98 Real Madrid tercera equipación. Disponible en el catálogo — consigue el contacto del proveedor para pedirla.</p>"
"97-98-real-madrid-segunda-equipacion","97-98 Real Madrid segunda equipación","<p>97-98 Real Madrid segunda equipación. Disponible en el catálogo — consigue el contacto del proveedor para pedirla.</p>"
"97-98-real-madrid-primera-equipacion","97-98 Real Madrid primera equipación","<p>97-98 Real Madrid primera equipación. Disponible en el catálogo — consigue el contacto del proveedor para pedirla.</p>"
"96-97-real-madrid-tercera-equipacion","96-97 Real Madrid tercera equipación","<p>96-97 Real Madrid tercera equipación. Disponible en el catálogo — consigue el contacto del proveedor para pedirla.</p>"
"96-97-real-madrid-segunda-equipacion","96-97 Real Madrid segunda equipación","<p>96-97 Real Madrid segunda equipación. Disponible en el catálogo — consigue el contacto del proveedor para pedirla.</p>"
"96-97-real-madrid-primera-equipacion","96-97 Real Madrid primera equipación","<p>96-97 Real Madrid primera equipación. Disponible en el catálogo — consigue el contacto del proveedor para pedirla.</p>"
"94-96-real-madrid-segunda-equipacion","94-96 Real Madrid segunda equipación","<p>94-96 Real Madrid segunda equipación. Disponible en el catálogo — consigue el contacto del proveedor para pedirla.</p>"
"94-97-real-madrid-primera-equipacion","94-97 Real Madrid primera equipación","<p>94-97 Real Madrid primera equipación. Disponible en el catálogo — consigue el contacto del proveedor para pedirla.</p>"
"90-92-real-madrid-primera-equipacion","90-92 Real Madrid primera equipación","<p>90-92 Real Madrid primera equipación. Disponible en el catálogo — consigue el contacto del proveedor para pedirla.</p>"
"89-90-real-madrid-primera-equipacion","89-90 Real Madrid primera equipación","<p>89-90 Real Madrid primera equipación. Disponible en el catálogo — consigue el contacto del proveedor para pedirla.</p>"
"88-89-real-madrid-primera-equipacion","88-89 Real Madrid primera equipación","<p>88-89 Real Madrid primera equipación. Disponible en el catálogo — consigue el contacto del proveedor para pedirla.</p>"
"86-87-real-madrid-segunda-equipacion","86-87 Real Madrid segunda equipación","<p>86-87 Real Madrid segunda equipación. Disponible en el catálogo — consigue el contacto del proveedor para pedirla.</p>"
"86-87-real-madrid-primera-equipacion","86-87 Real Madrid primera equipación","<p>86-87 Real Madrid primera equipación. Disponible en el catálogo — consigue el contacto del proveedor para pedirla.</p>"
"84-85-real-madrid-primera-equipacion","84-85 Real Madrid primera equipación","<p>84-85 Real Madrid primera equipación. Disponible en el catálogo — consigue el contacto del proveedor para pedirla.</p>"